pair_id,survey_q_id,survey_text,acs_q_id,acs_text,subtopic,claude_classification,gpt_classification,claude_confidence,gpt_confidence,claude_reasoning,gpt_reasoning,claude_consolidation_potential,gpt_consolidation_potential,claude_reference_period_a,gpt_reference_period_a,claude_reference_period_b,gpt_reference_period_b,models_agree
FOODAPS_0000,FOODAPS_130,"The following questions are about [FILL IN PRIMARY STORE NAME FROM C1], the store where you buy most of your groceries. How do you usually get to [FILL IN PRIMARY STORE NAME FROM C1]?",ACS_104,At what location did this person work LAST WEEK?,Commute/Commuting,not_comparable,related_but_distinct,high,high,"These questions address fundamentally different concepts despite both relating to transportation/location. Question A asks about the mode of transportation to a grocery store (habitual behavior), while Question B asks about a work location. Question A is about grocery shopping behavior, Question B is about employment/work commuting. They have different reference subjects (grocery store vs. workplace) and different purposes (shopping vs. work).","Question A asks about the usual mode of travel to a primary grocery store (a trip mode/transportation behavior for shopping), while Question B asks for the location where the person worked last week (a workplace location/time-specific employment question). Although both relate broadly to movement/commuting, they measure different constructs (travel mode vs. work location/time frame) and are not interchangeable.",no,no,not specified (habitual behavior - 'usually'),not specified,last week,last week,False
FOODAPS_0001,FOODAPS_130,"The following questions are about [FILL IN PRIMARY STORE NAME FROM C1], the store where you buy most of your groceries. How do you usually get to [FILL IN PRIMARY STORE NAME FROM C1]?",ACS_105,How did this person usually get to work LAST WEEK?,Commute/Commuting,related_but_distinct,related_but_distinct,high,high,"Both questions ask about transportation methods, but they measure fundamentally different trips and populations. Question A asks how someone gets to their primary grocery store (a discretionary shopping trip, variable frequency), while Question B asks about commuting to work (a regular work-related trip). These represent different travel purposes, frequencies, and populations (Question B is work-specific; Question A applies to all food shoppers regardless of employment status). The reference periods also differ—Question A is habitual/usual without time specification, while Question B specifies a concrete recent period (last week).","Question A asks about usual travel to a primary grocery store (no time frame) while Question B asks about how the person usually got to work during a specific reference period (last week). They share the mode-of-travel concept but differ in trip purpose (grocery shopping vs commuting to work) and Question B specifies a time frame, so they are related but ask distinct behaviors.",no,no,not specified (habitual/usual behavior),not specified,last week,last week,True
FOODAPS_0002,FOODAPS_130,"The following questions are about [FILL IN PRIMARY STORE NAME FROM C1], the store where you buy most of your groceries. How do you usually get to [FILL IN PRIMARY STORE NAME FROM C1]?",ACS_106,"How many people, including this person, usually rode to work in the car, truck, or van LAST WEEK?",Commute/Commuting,not_comparable,related_but_distinct,high,high,"These questions address fundamentally different transportation contexts: Question A asks about modes of transportation to a grocery store (shopping/errands), while Question B asks about commuting to work. Despite both involving transportation, they measure different behaviors, destinations, and populations. The fact that Question B specifies 'last week' while Question A uses habitual language ('usually') further distinguishes them.","Question A asks about the usual mode of travel to the primary grocery store (shopping trip, habitual). Question B asks for the number of people who rode to work in a car/truck/van last week (commute trip, with a specific recent reference period) and measures a count rather than travel mode. They differ in trip purpose, metric, and explicit timeframe, so they are related by transportation but ask distinct information.",no,no,not specified (habitual - 'usually'),not specified,last week,last week,False
FOODAPS_0003,FOODAPS_130,"The following questions are about [FILL IN PRIMARY STORE NAME FROM C1], the store where you buy most of your groceries. How do you usually get to [FILL IN PRIMARY STORE NAME FROM C1]?",ACS_107,"LAST WEEK, what time did this person’s trip to work usually begin?",Commute/Commuting,not_comparable,related_but_distinct,high,high,"These questions address fundamentally different topics and populations. Question A asks about transportation mode to a grocery store (food shopping behavior), while Question B asks about work commute start times (employment behavior). Despite both relating tangentially to 'commuting/transportation,' they measure distinct activities for different purposes—one for food access research, the other for employment patterns.","The two questions address different specific constructs: A asks about usual mode of travel to a primary grocery store (mode/destination), while B asks about the usual start time of a work trip in the last week (time of day/destination = work). They also differ in response format (mode categories vs a time) and B has an explicit reference period (‘last week’) whereas A asks about a usual pattern with no explicit time frame.",no,no,not specified (habitual behavior - 'usually'),not specified,last week,last week,False
FOODAPS_0004,FOODAPS_130,"The following questions are about [FILL IN PRIMARY STORE NAME FROM C1], the store where you buy most of your groceries. How do you usually get to [FILL IN PRIMARY STORE NAME FROM C1]?",ACS_108,How many minutes did it usually take this person to get from home to work LAST WEEK,Commute/Commuting,not_comparable,related_but_distinct,high,high,"Question A asks about transportation mode to a grocery store, while Question B asks about commute time to work. These address fundamentally different destinations and purposes (shopping vs. employment). Although both concern commuting/travel, they measure different journeys and cannot be consolidated as they serve distinct policy purposes in their respective surveys.","Question A asks about the usual mode of transportation to the primary grocery store (habitual behavior), while Question B asks about the usual travel time to work last week (duration). They differ in outcome measured (mode vs minutes), destination (store vs workplace), and B contains an explicit reference period; thus they address related topics (travel/commuting) but are distinct.",no,no,not specified (usual/habitual behavior),not specified,last week,last week,False
FOODAPS_0005,FOODAPS_131,How long does it take to go one way from home to [FILL IN PRIMARY STORE NAME FROM C1]?,ACS_104,At what location did this person work LAST WEEK?,Commute/Commuting,not_comparable,related_but_distinct,high,high,"Question A asks about travel time to a primary grocery/food store from home, while Question B asks about work location. These measure fundamentally different aspects of mobility and geography—food shopping patterns versus employment location. Although both relate broadly to commuting/travel, they address distinct destinations and serve different analytical purposes (food access vs. labor market participation).","Question A asks about travel time from home to a primary retail store (shopping trip duration) with no reference period, while Question B asks where the person worked during a specific reference period (last week). They measure different attributes (travel time to shop vs. workplace location/timeframe) and use different units and intent, so they are not duplicates.",no,no,not specified,not specified,last week,last week,False
FOODAPS_0006,FOODAPS_131,How long does it take to go one way from home to [FILL IN PRIMARY STORE NAME FROM C1]?,ACS_105,How did this person usually get to work LAST WEEK?,Commute/Commuting,not_comparable,related_but_distinct,high,high,"These questions address fundamentally different concepts. Question A asks about travel time to a primary grocery/food store (a specific destination for food shopping), while Question B asks about commuting mode to work. Although both relate to transportation, they measure different trip purposes, destinations, and contexts. Question A measures duration/distance while Question B measures mode of transportation.","Question A asks about one-way travel time from home to a primary food store (a duration to a specific nonwork destination) with no explicit reference period. Question B asks about the usual mode of travel to work during the specific period 'last week' (a mode/categorical response about work trips). They address the same broad domain (travel) but differ in target destination, measured attribute (time vs mode), and reference period, so they are related but distinct.",no,no,not specified,not specified,last week,last week,False
FOODAPS_0007,FOODAPS_131,How long does it take to go one way from home to [FILL IN PRIMARY STORE NAME FROM C1]?,ACS_106,"How many people, including this person, usually rode to work in the car, truck, or van LAST WEEK?",Commute/Commuting,not_comparable,related_but_distinct,high,high,"Question A measures travel time/distance to a specific grocery store location, while Question B measures carpooling behavior and vehicle occupancy for work commuting. These address fundamentally different domains (food access/shopping vs. work commute transportation) and measure different constructs (time/distance vs. number of passengers). They are only superficially related through the general topic of commuting/travel.","Question A asks about one-way travel time from home to a primary store (shopping travel time) with no specified reference period and expects a duration response. Question B asks how many people rode to work in a vehicle last week (commute vehicle occupancy) and expects a count for a specific past-week reference period. They address different activities (shopping vs. commuting), use different response formats, and are not interchangeable.",no,no,not specified,not specified,last week,last week,False
FOODAPS_0008,FOODAPS_131,How long does it take to go one way from home to [FILL IN PRIMARY STORE NAME FROM C1]?,ACS_107,"LAST WEEK, what time did this person’s trip to work usually begin?",Commute/Commuting,not_comparable,related_but_distinct,high,high,"These questions measure fundamentally different concepts despite both relating to travel. Question A asks about travel time/distance to a grocery store (food access), while Question B asks about the start time of a commute to work. Question A measures duration or distance to a specific destination for food shopping, whereas Question B measures temporal scheduling of employment-related travel. They address different survey purposes and populations.","The two questions concern different travel purposes and measures: A asks the one-way travel duration to a primary store (shopping trip), while B asks the usual clock time a work trip began (commute) last week. They also differ in response format (duration vs start time) and B includes an explicit reference period while A does not, so they are related by topic (travel) but ask distinct information.",no,no,not specified,not specified,last week,LAST WEEK,False
FOODAPS_0009,FOODAPS_131,How long does it take to go one way from home to [FILL IN PRIMARY STORE NAME FROM C1]?,ACS_108,How many minutes did it usually take this person to get from home to work LAST WEEK,Commute/Commuting,related_but_distinct,related_but_distinct,high,high,"While both questions measure travel time, they target fundamentally different destinations and purposes: Question A asks about travel time to a primary grocery/food store (food access/shopping), while Question B asks about commute time to work. These measure different behaviors and serve different policy purposes (food security vs. employment/transportation). The reference period also differs (ACS specifies 'last week' while FoodAPS has no temporal qualifier).","Both ask about travel time in minutes, but they refer to different destinations and purposes: Question A asks one-way travel time to a primary store, while Question B asks usual travel time to work. Additionally, Question B specifies a reference period ('last week') whereas Question A does not, so they are not interchangeable.",no,no,not specified,not specified,last week,last week,True
FOODAPS_0010,FOODAPS_132,How much do you usually pay out of pocket for a single one-way trip to [FILL IN PRIMARY STORE NAME FROM C1],ACS_104,At what location did this person work LAST WEEK?,Commute/Commuting,not_comparable,not_comparable,high,high,"These questions address entirely different concepts despite both relating to commuting. Question A asks about out-of-pocket transportation costs to a primary grocery store (a specific financial measure), while Question B asks about work location (a geographic/employment measure). They collect fundamentally different types of information and serve different analytical purposes.","Question A asks about the typical out-of-pocket dollar amount paid for a single one-way trip to a store (a cost per trip/habitual behavior). Question B asks for the location where the person worked last week (workplace location/commute destination). These address different concepts, units, and response types and are not substitutable.",no,no,usual/habitual,not specified,last week,last week,True
FOODAPS_0011,FOODAPS_132,How much do you usually pay out of pocket for a single one-way trip to [FILL IN PRIMARY STORE NAME FROM C1],ACS_105,How did this person usually get to work LAST WEEK?,Commute/Commuting,not_comparable,related_but_distinct,high,high,"These questions address fundamentally different concepts: Question A asks about out-of-pocket costs for a trip to a grocery store (financial/economic), while Question B asks about transportation mode used to commute to work (behavioral/modal). Question A is about retail food access costs, while Question B is about work commute methods. They are from different surveys with different purposes and populations.","Question A asks about the out-of-pocket dollar amount usually paid for a one-way trip to a store (shopping trip) with no specified reference period. Question B asks about the usual mode of travel to work during a specific time frame (LAST WEEK). They target different activities (shopping vs work), different constructs (cost vs mode), and B has a specific reference period, so they are related by commuting/transportation but are distinct measures.",no,no,not specified (implies usual/habitual behavior),not specified,last week,last week,False
FOODAPS_0012,FOODAPS_132,How much do you usually pay out of pocket for a single one-way trip to [FILL IN PRIMARY STORE NAME FROM C1],ACS_106,"How many people, including this person, usually rode to work in the car, truck, or van LAST WEEK?",Commute/Commuting,not_comparable,not_comparable,high,high,"These questions address fundamentally different topics despite both relating to transportation. Question A asks about out-of-pocket costs for trips to a grocery store, while Question B asks about carpool occupancy for work commutes. Question A measures food access costs while Question B measures commuting behavior—distinct policy domains with no conceptual overlap.","The two questions address entirely different behaviors: Question A asks about typical out-of-pocket cost for a one-way shopping trip to a store, while Question B asks how many people rode to work in a vehicle during last week. They differ in topic, units (dollar amount vs. count of people), and reference period, so they are not comparable.",no,no,usual/habitual (not specified),not specified (asked as 'usually'),last week,last week,True
FOODAPS_0013,FOODAPS_132,How much do you usually pay out of pocket for a single one-way trip to [FILL IN PRIMARY STORE NAME FROM C1],ACS_107,"LAST WEEK, what time did this person’s trip to work usually begin?",Commute/Commuting,not_comparable,related_but_distinct,high,high,"These questions address fundamentally different concepts and populations. Question A asks about out-of-pocket costs for grocery shopping trips to a primary food store, while Question B asks about work commute start times. Question A is food-access related (FoodAPS survey), while Question B is work/commute related (ACS survey). They have different reference populations (food shoppers vs. employed persons) and different response formats (dollar amount vs. time of day).","Question A asks about the usual out-of-pocket monetary cost for a single one-way trip to a store (dollar amount), while Question B asks about the clock time a person's trip to work began last week (time of day). They differ in the trip purpose (grocery/store vs work), the measured attribute (cost vs start time), and response format, so they are about travel broadly but are distinct measures.",no,no,not specified (habitual - 'usually'),not specified,last week,last week,False
FOODAPS_0014,FOODAPS_132,How much do you usually pay out of pocket for a single one-way trip to [FILL IN PRIMARY STORE NAME FROM C1],ACS_108,How many minutes did it usually take this person to get from home to work LAST WEEK,Commute/Commuting,not_comparable,related_but_distinct,high,high,"These questions address fundamentally different concepts: Question A asks about out-of-pocket costs for grocery store trips (a food access/affordability measure), while Question B asks about commute time to work (a transportation/employment measure). Although both relate broadly to travel, they measure distinct dimensions (cost vs. time) for different destinations (primary food store vs. workplace) serving different policy purposes (food security vs. employment accessibility).","The two questions address different specific concepts: Question A asks about out-of-pocket monetary cost for a one-way trip to a grocery/store location, while Question B asks about travel time to work in minutes during last week. They differ in outcome (dollars vs minutes), destination (store vs workplace), and purpose (shopping trip cost vs commute duration), so they are related by transportation/travel but clearly distinct.",no,no,not specified (habitual: 'usually'),not specified,last week,last week,False
FOODAPS_0015,FOODAPS_201,Do you commute to work at least once a week?  ,ACS_104,At what location did this person work LAST WEEK?,Commute/Commuting,related_but_distinct,related_but_distinct,high,high,"Question A asks about commuting frequency as a habitual behavior (at least once weekly), while Question B asks about work location during a specific reference week. Question A measures commuting patterns, whereas Question B measures where work occurred in a particular week—these capture different dimensions. Question B doesn't directly answer whether someone commutes regularly, as a person could have worked at a location last week without regularly commuting there.","Question A asks a habitual frequency (whether the respondent commutes to work at least once a week) with a yes/no response format, while Question B asks for the location where the person worked during a specific reference period (last week). They measure different constructs (commuting frequency versus work location during a particular week) and have different response formats, so they are related by topic but not equivalent.",no,no,at least once a week (ongoing/habitual),not specified (habitual/frequency),last week (specific week),last week,True
FOODAPS_0016,FOODAPS_201,Do you commute to work at least once a week?  ,ACS_105,How did this person usually get to work LAST WEEK?,Commute/Commuting,related_but_distinct,related_but_distinct,high,high,"Question A asks about frequency of commuting (at least once weekly) as a habitual pattern, while Question B asks about actual commute method during a specific recent week. Question A is a yes/no threshold question about commuting behavior frequency, whereas Question B focuses on identifying the primary transportation mode used. These address different aspects of commuting behavior despite sharing the general topic.","Question A asks a habitual frequency threshold (a yes/no about commuting at least once per week) with no explicit reference week and no mode information. Question B asks about the usual mode of travel during a specific reference period (last week). They differ in what is measured (frequency vs mode) and in reference period specificity, so they are related by topic but ask distinct things.",partial,partial,not specified (implies regular/habitual behavior),not specified,last week,last week,True
FOODAPS_0017,FOODAPS_201,Do you commute to work at least once a week?  ,ACS_106,"How many people, including this person, usually rode to work in the car, truck, or van LAST WEEK?",Commute/Commuting,related_but_distinct,related_but_distinct,high,high,"While both questions address commuting behavior, they measure fundamentally different constructs. Question A asks about regular commuting frequency (does someone commute regularly, yes/no), while Question B asks about the specific mode and occupancy of last week's commute (a count of people in vehicle). Question A focuses on frequency/regularity; Question B focuses on carpooling/occupancy details for a specific recent week.","Question A asks a binary, habitual frequency (whether the person commutes at least once per week) with no mode specified. Question B asks for the number of people who rode together in a car/truck/van for the commute specifically last week (a numeric vehicle-occupancy measure). They therefore address different specific constructs (commuting frequency vs. vehicle-occupancy for a particular week) and also differ in response format and time reference.",no,no,at least once a week (ongoing/regular behavior),at least once a week (habitual),last week (specific recent period),last week,True
FOODAPS_0018,FOODAPS_201,Do you commute to work at least once a week?  ,ACS_107,"LAST WEEK, what time did this person’s trip to work usually begin?",Commute/Commuting,related_but_distinct,related_but_distinct,high,high,"While both questions address commuting behavior, they measure fundamentally different constructs. Question A asks about commuting frequency as a general pattern (yes/no to weekly commuting), whereas Question B assumes commuting occurs and asks for a specific operational detail (time of departure). Question B is only asked of people who work, making it contingent on employment status, while Question A appears to be a screening question for commuters.","Question A asks a binary, habitual-frequency measure (whether the respondent commutes at least once per week), while Question B asks for the usual clock time of a trip to work during a specific reference period (last week). They measure different attributes (frequency vs start time) and have different response formats and implicit reference frames, so they are not interchangeable.",no,no,at least once a week (ongoing frequency),not specified,last week (specific recent period),last week,True
FOODAPS_0019,FOODAPS_201,Do you commute to work at least once a week?  ,ACS_108,How many minutes did it usually take this person to get from home to work LAST WEEK,Commute/Commuting,related_but_distinct,related_but_distinct,high,high,"While both questions address commuting, Question A asks about frequency of commuting (at least weekly, yes/no), whereas Question B asks for the duration of a commute trip. Question A captures whether someone commutes regularly, while Question B measures commute time for those who do commute. These are complementary but distinct aspects of commuting behavior with different response formats (binary vs. continuous minutes).","Question A asks a binary frequency threshold (whether the person commutes at least once a week) with no explicit reference period and captures habitual frequency; Question B asks for the usual travel time in minutes for trips from home to work specifically 'last week' (a numeric duration). These are different constructs (frequency vs. duration) and have different response formats, so they are related by topic but ask distinct information.",partial,partial,not specified (implies regular/habitual behavior),not specified,last week,last week,True
FOODAPS_0020,FOODAPS_202,How long does it usually take you to get from home to work?,ACS_104,At what location did this person work LAST WEEK?,Commute/Commuting,related_but_distinct,related_but_distinct,high,high,"Question A asks about commute duration (time to travel from home to work), while Question B asks about work location (where the person worked). These are related aspects of commuting but measure fundamentally different things—one captures travel time, the other captures workplace address/location. They cannot substitute for one another.","Question A asks for the usual travel time from home to work (a duration/commute time measure). Question B asks for the location where the person worked in a specific reference period (last week). They both concern commuting/work but measure different attributes (time vs. workplace location) and have different reference framing, so they are related but distinct.",no,no,usual/habitual (not specified),not specified,last week,last week,True
FOODAPS_0021,FOODAPS_202,How long does it usually take you to get from home to work?,ACS_105,How did this person usually get to work LAST WEEK?,Commute/Commuting,related_but_distinct,related_but_distinct,high,high,"While both questions concern commuting, they measure fundamentally different dimensions. Question A asks about commute DURATION (travel time), whereas Question B asks about commute MODE (transportation method). These are complementary but distinct pieces of information that cannot be derived from one another.","Question A asks about the usual duration of the commute (time from home to work), while Question B asks about the usual mode of travel during a specific reference period (last week). They address different attributes of commuting (travel time vs travel mode) and have different reference framing, so they are related by topic but measure distinct concepts.",no,no,not specified (implies usual/habitual),not specified,last week,last week,True
FOODAPS_0022,FOODAPS_202,How long does it usually take you to get from home to work?,ACS_106,"How many people, including this person, usually rode to work in the car, truck, or van LAST WEEK?",Commute/Commuting,related_but_distinct,related_but_distinct,high,high,"While both questions relate to commuting, they measure fundamentally different aspects. Question A asks about commute duration (time), whereas Question B asks about carpooling/occupancy (number of people sharing a vehicle). These are distinct commute characteristics that cannot substitute for one another, despite both being commute-related.","Question A asks about usual commute travel time (duration) with no specific reference period, while Question B asks about the number of people who rode in the same vehicle last week (occupancy). They address different attributes of commuting (time vs vehicle occupancy) and have different reference periods and response content, so they are related by topic but not equivalent.",no,no,not specified (habitual/usual),not specified,last week,last week,True
FOODAPS_0023,FOODAPS_202,How long does it usually take you to get from home to work?,ACS_107,"LAST WEEK, what time did this person’s trip to work usually begin?",Commute/Commuting,related_but_distinct,related_but_distinct,high,high,"While both questions address commuting, they measure fundamentally different aspects of the commute experience. Question A asks about commute duration (how long the trip takes), while Question B asks about commute timing (what time the trip begins). These are distinct data points that serve different analytical purposes and cannot substitute for one another.","Question A asks for the usual travel time (duration) from home to work with no explicit reference period, while Question B asks for the usual start time of the trip during a specified reference period (""last week""). They address related commuting behavior but measure different attributes (duration vs clock time) and B's explicit reference period further differentiates them.",no,no,not specified (implies usual/typical),not specified,last week,last week,True
FOODAPS_0024,FOODAPS_202,How long does it usually take you to get from home to work?,ACS_108,How many minutes did it usually take this person to get from home to work LAST WEEK,Commute/Commuting,reference_period_mismatch,reference_period_mismatch,high,high,"Both questions ask about commute time from home to work, which is the same core concept. However, Question A asks about what ""usually"" takes (general/typical pattern without specified timeframe), while Question B specifically references ""LAST WEEK"" (specific recent period). This temporal difference means they could yield different answers if commute times vary week-to-week or if respondents' work schedules are irregular.","Both questions ask about commute travel time, but Question A asks about how long it 'usually' takes (a habitual or typical duration) while Question B asks specifically about how long it usually took during 'last week' (a defined past reference period). There is also a minor difference in address (direct 'you' vs 'this person') and B explicitly requests minutes, but the primary substantive mismatch is the reference period.",partial,partial,not specified,not specified (asks about usual/usual time),last week,last week,True
FOODAPS_0025,FOODAPS_203,How long does it usually take you to get from home to work?,ACS_104,At what location did this person work LAST WEEK?,Commute/Commuting,related_but_distinct,related_but_distinct,high,high,"While both questions relate to work commuting, they measure fundamentally different constructs. Question A asks about commute duration (time required to travel), whereas Question B asks about work location (where the person worked). These are distinct pieces of information—knowing where someone worked doesn't tell you how long their commute takes, and vice versa. The reference periods also differ (habitual vs. specific week).","Question A asks for the usual commute duration (how long it usually takes), a measure of travel time. Question B asks where the person worked last week, a location/time-specific employment status question. They address related topic (commuting/work) but measure different attributes and have different reference frames and response types (duration vs. location).",no,no,not specified (implies usual/habitual),usual/typical (not a specific time frame),last week,last week,True
FOODAPS_0026,FOODAPS_203,How long does it usually take you to get from home to work?,ACS_105,How did this person usually get to work LAST WEEK?,Commute/Commuting,related_but_distinct,related_but_distinct,high,high,"While both questions address commuting, they measure fundamentally different aspects. Question A asks about commute duration (how long), whereas Question B asks about commute mode/method (how). Additionally, Question A uses a habitual reference period ('usually') while Question B specifies a recent concrete period ('last week'). These are complementary but distinct data points that cannot substitute for each other.","Question A asks for the usual travel time from home to work (duration), with no explicit reference period. Question B asks for the usual mode of travel to work during a specific reference period (last week). They address the same general topic (commuting) but measure different constructs (time vs mode) and have different reference-period phrasing.",no,no,not specified (implies usual/habitual),not specified,last week,last week,True
FOODAPS_0027,FOODAPS_203,How long does it usually take you to get from home to work?,ACS_106,"How many people, including this person, usually rode to work in the car, truck, or van LAST WEEK?",Commute/Commuting,related_but_distinct,related_but_distinct,high,high,"While both questions address commuting, they measure fundamentally different aspects. Question A asks about travel time duration (a characteristic of the commute itself), while Question B asks about carpooling behavior—specifically how many people shared a vehicle (a commuting mode choice). These require different data and serve different analytical purposes: one measures commute burden/efficiency, the other measures ridesharing patterns.","Question A asks about usual commute duration (time from home to work), while Question B asks how many people rode together in a vehicle during last week. They address different constructs (travel time vs vehicle occupancy/ride-sharing) and have different reference frames and response focuses, so they are related by the commuting topic but are distinct.",no,no,not specified (usual/habitual),not specified (asks about usual/typical),last week,last week,True
FOODAPS_0028,FOODAPS_203,How long does it usually take you to get from home to work?,ACS_107,"LAST WEEK, what time did this person’s trip to work usually begin?",Commute/Commuting,related_but_distinct,related_but_distinct,high,high,"While both questions address commuting, they measure fundamentally different aspects: Question A asks about commute DURATION (how long the trip takes), whereas Question B asks about commute TIMING (what time the trip begins). These are distinct dimensions of commuting behavior that serve different analytical purposes. Question A's reference period is also unspecified ('usually'), while Question B explicitly references 'last week.'","Both questions concern commuting but ask different specific information: A asks for usual travel time duration from home to work, while B asks for the usual clock time the trip began during last week. They also differ in response format (duration vs start time) and B has an explicit reference period while A does not, so they are not equivalent.",no,no,not specified,not specified,last week,last week,True
FOODAPS_0029,FOODAPS_203,How long does it usually take you to get from home to work?,ACS_108,How many minutes did it usually take this person to get from home to work LAST WEEK,Commute/Commuting,reference_period_mismatch,reference_period_mismatch,high,high,"Both questions ask about commute time using identical core concept and response format, but differ fundamentally in their time references. Question A asks about usual/typical commute time (habitual behavior), while Question B specifies a concrete recent period (last week). This difference could yield different responses if a person's commute varies by day or week, or if their commute recently changed.","Question A asks for a respondent's usual travel time (habitual/typical) with no explicit reference period, while Question B asks how many minutes it usually took 'this person' to get to work specifically in the last week. The inclusion of an explicit reference period ('last week') in B makes them differ in temporal scope and could yield different answers if the respondent's recent week differed from their typical commute.",partial,partial,not specified (habitual/usual),not specified,last week (specific recent period),last week,True
FOODAPS_0030,FOODAPS_204,"For your primary job, how long does it usually take you to get from home to work?",ACS_104,At what location did this person work LAST WEEK?,Commute/Commuting,related_but_distinct,related_but_distinct,high,high,"While both questions relate to employment commuting, they measure fundamentally different things. Question A asks about commute duration (a characteristic of the job), whereas Question B asks about work location (where the person worked). Question A captures habitual commute time, while Question B identifies the specific workplace. These serve different analytical purposes and cannot substitute for one another.","Question A asks for the usual/typical travel time from home to the respondent's primary job (a duration measure). Question B asks for the location where the person worked last week (a place and explicit reference period). They address the same general topic (commuting/work) but measure different constructs (commute duration vs. workplace location) and have different reference frames, so they are not equivalent.",no,no,usual/typical (ongoing),usually (typical commute),last week,last week,True
FOODAPS_0031,FOODAPS_204,"For your primary job, how long does it usually take you to get from home to work?",ACS_105,How did this person usually get to work LAST WEEK?,Commute/Commuting,related_but_distinct,related_but_distinct,high,high,"While both questions address commuting, they measure fundamentally different dimensions. Question A asks about commute duration (time), whereas Question B asks about commute mode (method of transportation). These are distinct attributes that cannot substitute for one another, even though they relate to the same general topic of how people get to work.","Question A asks about travel time (duration) from home to work for the respondent's primary job in a general/usual sense. Question B asks about the usual mode of transportation to work during a specific recent reference period (last week). They address the same broad topic (commuting) but measure different attributes (time vs mode) and have different reference periods/formats, so they are related but distinct.",no,no,not specified (implies usual/typical),usually (general/usual),last week,last week,True
FOODAPS_0032,FOODAPS_204,"For your primary job, how long does it usually take you to get from home to work?",ACS_106,"How many people, including this person, usually rode to work in the car, truck, or van LAST WEEK?",Commute/Commuting,related_but_distinct,related_but_distinct,high,high,"Both questions address commuting behavior, but they measure fundamentally different dimensions. Question A asks about travel time (duration in minutes/hours), while Question B asks about carpooling behavior (number of people sharing a vehicle). These are distinct commute characteristics that cannot be derived from one another—knowing travel time does not indicate how many people rode together, and vice versa.","Question A asks about the usual commute travel time to the respondent's primary job (a duration, habitual reference). Question B asks for the number of people who rode together in a vehicle last week (carpool occupancy for trips in the past week), which is a different attribute (count) and a different reference period and mode-specific. Because they measure distinct constructs (duration vs party size/mode and different timing), they are related to commuting but not interchangeable.",no,no,usual/typical (primary job),usually,last week,last week,True
FOODAPS_0033,FOODAPS_204,"For your primary job, how long does it usually take you to get from home to work?",ACS_107,"LAST WEEK, what time did this person’s trip to work usually begin?",Commute/Commuting,related_but_distinct,related_but_distinct,high,high,"While both questions address commuting, they measure fundamentally different dimensions. Question A asks about commute duration (how long), whereas Question B asks about commute timing (what time). Additionally, Question A captures a general pattern for the primary job, while Question B references a specific recent week's behavior, creating both a conceptual and temporal mismatch.","Question A asks for usual travel time (duration) from home to work for the respondent’s primary job with no explicit time frame, while Question B asks for the usual clock time (time of day) the person’s trip began last week. They address different specific measures (duration vs start time) and B has an explicit recent reference period and third‑person phrasing, so they are related by topic but distinct in content.",no,no,not specified (implies usual/typical for primary job),not specified,last week,last week,True
FOODAPS_0034,FOODAPS_204,"For your primary job, how long does it usually take you to get from home to work?",ACS_108,How many minutes did it usually take this person to get from home to work LAST WEEK,Commute/Commuting,reference_period_mismatch,reference_period_mismatch,high,high,"Both questions ask about commute time to a primary job using the same core concept, but differ meaningfully in their reference periods. Question A asks about 'usually' takes (habitual/typical pattern), while Question B asks about 'LAST WEEK' (specific recent observation). This temporal difference could yield different responses—someone's last week commute may not reflect their usual pattern due to remote work, schedule changes, or unusual circumstances.","Both ask about time to get from home to work (commute duration), but Question A asks for the respondent's usual/typical travel time for their primary job while Question B asks specifically about how many minutes it usually took the person to get to work last week. This creates a clear reference period mismatch (habitual vs. a specific recent week) and also a minor response-format difference (A's unit is unspecified/asked as 'how long', B requests minutes).",partial,partial,not specified (implies typical/usual pattern),usual/typical (habitual) — not tied to a specific recent period,last week (specific recent period),last week,True
FOODAPS_0035,FOODAPS_205,"For your primary job, how long does it usually take you to get from home to work?",ACS_104,At what location did this person work LAST WEEK?,Commute/Commuting,related_but_distinct,related_but_distinct,high,high,"Question A asks about commute duration (how long the trip takes), while Question B asks about work location (where the person worked). These are related commuting topics but measure fundamentally different dimensions—one captures travel time, the other captures workplace location. They cannot substitute for each other as they provide distinct information.","Question A asks for the usual commute time to the respondent's primary job (a duration measure of travel), while Question B asks where the person worked last week (a location/timing item). They address different constructs (travel time vs. work location) and use different reference frames (usual vs. last week), so they are related by topic (commuting/work) but distinct in content.",no,no,not specified (implies current/usual),usually (no specific reference period),last week,last week,True
FOODAPS_0036,FOODAPS_205,"For your primary job, how long does it usually take you to get from home to work?",ACS_105,How did this person usually get to work LAST WEEK?,Commute/Commuting,related_but_distinct,related_but_distinct,high,high,"These questions address different aspects of commuting behavior. Question A asks about commute duration (time it takes), while Question B asks about commute mode (how the person gets to work). Although both relate to the general topic of commuting, they measure fundamentally different variables that cannot substitute for one another. Additionally, Question A uses a general 'usually' timeframe while Question B specifies 'last week,' introducing a reference period mismatch.","Question A asks for the usual travel time (duration) to the respondent's primary job, with no explicit reference period. Question B asks for the usual mode of travel (transportation type) specifically for last week. They address different specific constructs (time vs mode) and B includes an explicit reference period, so they are related to commuting but distinct.",no,no,not specified (implicit: usual/typical),not specified,last week,last week,True
FOODAPS_0037,FOODAPS_205,"For your primary job, how long does it usually take you to get from home to work?",ACS_106,"How many people, including this person, usually rode to work in the car, truck, or van LAST WEEK?",Commute/Commuting,related_but_distinct,related_but_distinct,high,high,"While both questions relate to commuting, they measure fundamentally different aspects. Question A asks about commute duration (time to travel from home to work), whereas Question B asks about carpooling behavior (number of people sharing a vehicle). These are distinct commute characteristics that cannot substitute for one another, despite both being commute-related.","Question A asks about usual travel time from home to primary job (a duration measure and mode-agnostic), while Question B asks for the number of people who rode in a car/truck/van last week (a count of vehicle occupants and mode-specific for the prior week). They address different attributes of commuting (time vs vehicle-sharing and mode) and have different or unspecified reference periods, so they are related by topic but measure distinct constructs.",no,no,not specified (implies usual/typical),"not specified (asks ""usually"")",last week,last week,True
FOODAPS_0038,FOODAPS_205,"For your primary job, how long does it usually take you to get from home to work?",ACS_107,"LAST WEEK, what time did this person’s trip to work usually begin?",Commute/Commuting,related_but_distinct,related_but_distinct,high,high,"Both questions address commuting but measure fundamentally different dimensions. Question A asks about commute duration (how long the trip takes), while Question B asks about commute timing (what time the trip begins). These are distinct characteristics of the commute experience that cannot substitute for one another, despite both relating to the primary job commute.",Question A asks for the usual travel duration from home to work for the respondent’s primary job (a duration/length of trip) with no explicit reference period. Question B asks for the usual clock time the person’s trip to work began during last week (a start time with an explicit reference period). They address the same commute topic but measure different attributes (travel time vs trip start time) and have different reference periods.,no,no,not specified (implies usual/typical),not specified,last week,last week,True
FOODAPS_0039,FOODAPS_205,"For your primary job, how long does it usually take you to get from home to work?",ACS_108,How many minutes did it usually take this person to get from home to work LAST WEEK,Commute/Commuting,reference_period_mismatch,reference_period_mismatch,high,high,"Both questions ask about commute time from home to work, but differ in their temporal reference frames. Question A asks about what 'usually' takes for the primary job (habitual/general practice), while Question B specifies a concrete recent period ('last week'). This difference could yield different responses, particularly if commute patterns vary by week or if the respondent has recently changed jobs.","Both ask about commute duration in minutes, but Question A asks about how long it 'usually' takes for the respondent to get to their primary job (a general/typical time, no explicit reference period), whereas Question B asks about the usual time specifically during 'LAST WEEK' for 'this person'. The difference in explicit reference period (typical/usual vs last week) and A's focus on 'primary job' vs B's generic 'this person' makes them not equivalent.",partial,partial,not specified (implies ongoing/usual),not specified,last week,last week,True
FOODAPS_0040,FOODAPS_281,Does NAME commute to work at least once a week?  ,ACS_104,At what location did this person work LAST WEEK?,Commute/Commuting,related_but_distinct,related_but_distinct,high,high,"While both questions address work-related location/commuting, they measure different constructs. Question A asks about the frequency/habit of commuting (at least weekly), which is a yes/no behavioral pattern question. Question B asks for the specific work location during a particular week, which would generate location-based categorical data. Question A could identify commuters but Question B captures where work occurred, and they use different reference periods (habitual vs. specific week).","Question A asks a general frequency/behavior (does the person commute to work at least once a week) with a yes/no response and no explicit time frame, whereas Question B asks about the specific location where the person worked during the reference period of last week. The two ask different specific things (regular commuting behavior vs. work location in a particular week) and cannot be reliably substituted for one another.",no,no,at least once a week (ongoing/habitual),not specified,last week (specific past week),last week,True
FOODAPS_0041,FOODAPS_281,Does NAME commute to work at least once a week?  ,ACS_105,How did this person usually get to work LAST WEEK?,Commute/Commuting,related_but_distinct,related_but_distinct,high,high,"While both questions address commuting behavior, they measure fundamentally different constructs. Question A asks whether someone commutes at least weekly (a yes/no screening about commuting frequency/existence), while Question B asks about the specific mode of transportation used during a particular week. Question A could identify non-commuters, whereas Question B assumes commuting occurred and focuses on method. The reference periods also differ—one is habitual frequency and the other is a specific recent week.","Question A asks a yes/no frequency threshold (does the person commute to work at least once a week) with no explicit reference period, measuring regular participation. Question B asks for the usual mode of travel to work during a specific reference period (last week). They address the same general topic (commuting) but ask different attributes (frequency vs mode) and B has an explicit time frame, so they are related but distinct.",no,no,at least once a week (ongoing/habitual),not specified,last week (specific recent period),last week,True
FOODAPS_0042,FOODAPS_281,Does NAME commute to work at least once a week?  ,ACS_106,"How many people, including this person, usually rode to work in the car, truck, or van LAST WEEK?",Commute/Commuting,related_but_distinct,related_but_distinct,high,high,"Both questions address commuting behavior, but they measure fundamentally different things. Question A asks about the frequency/pattern of commuting (yes/no to weekly commuting), while Question B asks about the specific number of people who shared a vehicle last week. Question A focuses on whether someone commutes regularly; Question B focuses on carpooling behavior and vehicle occupancy. Additionally, Question A's reference to 'at least once a week' as a pattern differs from Question B's specific 'last week' timeframe.","Question A asks a yes/no about whether the person commutes to work at least weekly (a general frequency, not mode-specific). Question B asks for the number of people who usually rode together in a car/truck/van last week (a numeric carpool occupancy with a specific reference week and mode). They address the general commuting behavior versus a specific mode, timeframe, and count, so they are related but ask different things.",no,no,at least once a week (ongoing/habitual),at least once a week,last week (specific past week),last week,True
FOODAPS_0043,FOODAPS_281,Does NAME commute to work at least once a week?  ,ACS_107,"LAST WEEK, what time did this person’s trip to work usually begin?",Commute/Commuting,related_but_distinct,related_but_distinct,high,high,"Both questions address commuting behavior, but they measure fundamentally different constructs. Question A asks whether someone commutes at all (binary yes/no about regular commuting frequency), while Question B assumes commuting occurs and asks for a specific logistical detail (departure time). Question A could include people who don't commute; Question B only applies to those who do commute. These serve different purposes and cannot be directly consolidated.","Question A asks a general frequency threshold (whether the person commutes to work at least once per week) with a yes/no response, while Question B asks for the usual clock time the person’s trip to work began during last week. They address the same broad topic (commuting) but ask different specific attributes (frequency vs. time of day) and B includes an explicit reference period that A does not. Because the measures and response formats differ, they are related but not equivalent.",no,partial,at least once a week (ongoing/regular behavior),not specified,last week (specific recent period),last week,True
FOODAPS_0044,FOODAPS_281,Does NAME commute to work at least once a week?  ,ACS_108,How many minutes did it usually take this person to get from home to work LAST WEEK,Commute/Commuting,related_but_distinct,related_but_distinct,high,high,"While both questions address commuting behavior, they measure fundamentally different constructs. Question A asks whether someone commutes at least weekly (frequency/binary), while Question B asks for the duration of commute time (continuous measure in minutes). Question A assesses commuting as a regular activity pattern, whereas Question B captures actual commute duration for a specific recent week. These are complementary but distinct data points that cannot substitute for one another.",Question A asks a binary frequency measure (does the person commute to work at least once a week) while Question B asks for the usual travel time in minutes for trips from home to work during last week. They address the same general topic (commuting) but measure different constructs (habitual frequency vs. trip duration) and use different response formats and reference frames.,no,partial,not specified (implies regular/habitual behavior),not specified,last week,last week,True
FOODAPS_0045,FOODAPS_282,How long does it usually take NAME to get from home to work?,ACS_104,At what location did this person work LAST WEEK?,Commute/Commuting,related_but_distinct,related_but_distinct,high,high,"While both questions relate to commuting/work location, they measure fundamentally different constructs. Question A asks about commute duration (how long travel takes), while Question B asks about work location (where the person worked). These are related but distinct dimensions of commuting behavior—one could work at multiple locations with different commute times, or the same location with variable commute times. The questions cannot substitute for one another.","Question A asks about the typical/usual time it takes to travel from home to work (commute duration), while Question B asks for the location where the person worked in a specific reference period (last week). They measure different constructs (travel time versus workplace location) and have different reference frames, so they are related by topic (commuting) but ask distinct information.",no,no,usual/typical (not specified as to time frame),usually,last week,last week,True
FOODAPS_0046,FOODAPS_282,How long does it usually take NAME to get from home to work?,ACS_105,How did this person usually get to work LAST WEEK?,Commute/Commuting,related_but_distinct,related_but_distinct,high,high,"These questions address different aspects of commuting behavior. Question A asks about commute duration (how long), while Question B asks about commute mode (how). Additionally, Question A uses a habitual reference ('usually') whereas Question B specifies a recent concrete period ('last week'), creating both a conceptual and temporal mismatch.","Question A asks for the usual travel time (duration) from home to work, whereas Question B asks for the usual mode of travel during a specific reference period (last week). They address different specific constructs (how long vs. how) and B also specifies a concrete reference period, so they are related by topic (commuting) but ask distinct information.",no,no,usual/habitual (not specified),usually (typical/habitual),last week,last week,True
FOODAPS_0047,FOODAPS_282,How long does it usually take NAME to get from home to work?,ACS_106,"How many people, including this person, usually rode to work in the car, truck, or van LAST WEEK?",Commute/Commuting,related_but_distinct,related_but_distinct,high,high,"Both questions address commuting behavior, but they measure fundamentally different aspects. Question A asks about travel time duration (how long), while Question B asks about carpool composition (how many people). Question A captures commute efficiency/distance, whereas Question B captures ridership patterns and vehicle occupancy. These are complementary commute characteristics rather than alternative measures of the same construct.","Question A asks about the usual travel time from home to work (a duration and typical/usual reference), while Question B asks for the number of people who rode together in a car/truck/van specifically during last week. They differ in concept (travel time vs vehicle occupancy), response units (time vs count), mode restriction (B limited to car/truck/van) and B has an explicit reference period, so they are related by topic but ask distinct information.",no,no,usual/habitual (not specified),not specified,last week,last week,True
FOODAPS_0048,FOODAPS_282,How long does it usually take NAME to get from home to work?,ACS_107,"LAST WEEK, what time did this person’s trip to work usually begin?",Commute/Commuting,related_but_distinct,related_but_distinct,high,high,"While both questions address commuting, they measure fundamentally different aspects: Question A asks about commute duration (how long the trip takes), whereas Question B asks about commute timing (what time the trip begins). These are distinct variables that serve different analytical purposes—one measures travel time, the other measures departure/arrival patterns. The reference period also differs (usual/habitual vs. last week).","Question A asks for usual travel duration (how long it takes to get from home to work) with no explicit reference period, while Question B asks for the usual start time of the trip during a specific reference period (“last week”). They measure different attributes of the commute (duration vs time-of-day) and also differ on reference period, so they are related by topic but not equivalent.",no,no,not specified (habitual/usual),not specified,last week,last week,True
FOODAPS_0049,FOODAPS_282,How long does it usually take NAME to get from home to work?,ACS_108,How many minutes did it usually take this person to get from home to work LAST WEEK,Commute/Commuting,reference_period_mismatch,reference_period_mismatch,high,high,"Both questions ask about commute time from home to work, but differ in their reference periods and specificity. Question A asks about usual/typical commute time without specifying a timeframe, while Question B explicitly asks about ""last week,"" which is a concrete recent period. Question B also specifies minutes as the response unit, while Question A leaves the format open. These differences could yield different responses if commute times vary by week.","Both questions measure commute travel time from home to work, but Question B explicitly anchors responses to 'last week' while Question A asks for a usual/typical duration with no reference period. There is a minor response-format difference (B specifies minutes) but the primary incompatibility is the differing reference periods, which can change the reported value.",partial,partial,not specified,not specified (asks about 'usually'),last week,last week,True
FOODAPS_0050,FOODAPS_283,"For your primary job, how long does it usually take NAME to get from home to work?",ACS_104,At what location did this person work LAST WEEK?,Commute/Commuting,related_but_distinct,related_but_distinct,high,high,"While both questions relate to employment commuting, they ask fundamentally different things: Question A asks about commute duration (how long the trip takes), while Question B asks about work location (where the person worked). Question A provides behavioral/time data about commuting patterns, whereas Question B provides geographic/workplace data. These are complementary but distinct dimensions of work-related travel.","Question A asks for the usual/typical travel time from home to the respondent's primary job (a duration/habitual measure). Question B asks where the person worked in a specific reference period (last week) — a location/timepoint measure. These are different constructs (commute duration vs workplace location) and have different reference periods and response types, so they are related by topic (commuting) but not equivalent.",no,no,usual/typical (primary job),usually (habitual/typical),last week,last week,True
FOODAPS_0051,FOODAPS_283,"For your primary job, how long does it usually take NAME to get from home to work?",ACS_105,How did this person usually get to work LAST WEEK?,Commute/Commuting,related_but_distinct,related_but_distinct,high,high,"While both questions address commuting, they measure fundamentally different aspects: Question A asks about commute duration (time), while Question B asks about commute mode (how/transportation method). Even with aligned reference periods, these capture distinct dimensions of commuting behavior and cannot serve as substitutes for one another.","Question A asks about the usual duration (how long it takes) to get to work for the respondent's primary job, while Question B asks about the usual mode of travel but limited to last week. They measure different attributes (time/duration vs. mode of transportation) and B has an explicit one-week reference while A asks about a general/usual pattern with no defined period, so they are related by topic (commuting) but distinct in content and reference period.",no,no,usual/typical (ongoing),"not specified (asks about ""usually"")",last week,last week,True
FOODAPS_0052,FOODAPS_283,"For your primary job, how long does it usually take NAME to get from home to work?",ACS_106,"How many people, including this person, usually rode to work in the car, truck, or van LAST WEEK?",Commute/Commuting,related_but_distinct,related_but_distinct,high,high,"Both questions address commuting behavior but measure fundamentally different aspects. Question A asks about commute duration (time it takes to travel), while Question B asks about carpooling patterns (number of people in vehicle). These are distinct dimensions of commuting behavior that cannot substitute for one another, despite both relating to the general topic of work transportation.","Question A asks about the usual travel time from home to work for the respondent's primary job (a duration measure of commute), while Question B asks how many people rode together in a car/truck/van last week (vehicle occupancy for a specific mode and time). They measure different constructs (commute time vs vehicle occupancy), use different response formats (time vs a count of people), and have different reference periods (usual vs last week).",no,no,usual/habitual (primary job),usually,last week,last week,True
FOODAPS_0053,FOODAPS_283,"For your primary job, how long does it usually take NAME to get from home to work?",ACS_107,"LAST WEEK, what time did this person’s trip to work usually begin?",Commute/Commuting,related_but_distinct,related_but_distinct,high,high,"While both questions address commuting, they ask fundamentally different things: Question A asks about commute duration (travel time from home to work), while Question B asks about commute start time (what time the trip begins). These are distinct attributes of commuting behavior that cannot satisfy each other's information needs. Question A measures one dimension (temporal length) while Question B measures a different dimension (temporal positioning).","Question A asks for the typical travel duration from home to work (how long it takes), with a general ""usually"" reference, while Question B asks for the usual clock time the trip began during a specific reference week. They address the same commute topic but ask different, non-equivalent attributes (duration vs start time) and B has a concrete reference period.",no,no,not specified (implies typical/usual for primary job),not specified,last week,last week,True
FOODAPS_0054,FOODAPS_283,"For your primary job, how long does it usually take NAME to get from home to work?",ACS_108,How many minutes did it usually take this person to get from home to work LAST WEEK,Commute/Commuting,reference_period_mismatch,reference_period_mismatch,high,high,"Both questions ask about commute time from home to work, but differ significantly in their temporal references. Question A asks about usual/typical commute time (a general pattern), while Question B asks specifically about last week's commute time (a specific recent period). This difference could yield different answers due to variations in weekly schedules, weather, or temporary circumstances. The ACS also specifies the answer should be in minutes, while FoodAPS does not specify units.","Both ask for commute duration from home to work for the person, but A asks for how long it 'usually' takes for the respondent's primary job (a general/usual measure) while B asks about minutes it 'usually' took last week (a specific week). B also explicitly specifies minutes and omits the 'primary job' qualifier, so the time-frame difference is the primary mismatch.",partial,partial,"usual/typical (general, ongoing)",not specified (asks 'usually'),last week (specific recent period),last week,True
FOODAPS_0055,FOODAPS_183,"Last week, did you do any work for either pay or profit? ",ACS_102,"LAST WEEK, did this person work for pay at a job (or business)?",Employment Status,near_duplicate,exact_duplicate,high,high,"Both questions ask about work activity during the same reference period (last week) and capture essentially the same core concept of employment status. The minor wording difference—Question A uses broader phrasing ""work for either pay or profit"" while Question B specifies ""work for pay at a job (or business)""—does not meaningfully alter the substance of what is being measured, as both are designed to identify people engaged in any form of economic activity during the reference week.",Both questions ask whether the respondent worked during the same reference period ('last week') and refer to work for compensation including self-employment (A: 'pay or profit'; B: 'pay at a job (or business)'). They use the same yes/no binary response concept. Wording differs only slightly in phrasing but does not change the substantive meaning.,yes,yes,last week,last week,last week,last week,False
FOODAPS_0056,FOODAPS_183,"Last week, did you do any work for either pay or profit? ",ACS_103,"LAST WEEK, did this person do ANY work for pay, even for as little as one hour?",Employment Status,near_duplicate,exact_duplicate,high,high,"Both questions ask about work for pay during the same reference period (last week) and measure the same core concept: any employment activity. The only minor difference is that Question A explicitly includes 'or profit' alongside 'pay,' while Question B specifies 'even for as little as one hour' to clarify the minimal threshold. These wording variations do not meaningfully change the intent or substantive meaning of either question.","Both ask whether the respondent did any work in the same reference period (“last week”) and use a yes/no format about paid work. The ACS wording adds an explicit minimal-duration probe (“even for as little as one hour”) while FoodAPS uses “any work for either pay or profit,” but these are minor wording differences that do not change the core concept. Thus they are effectively identical in meaning, reference period, and response format.",yes,yes,last week,last week,last week,last week,False
FOODAPS_0057,FOODAPS_183,"Last week, did you do any work for either pay or profit? ",ACS_109,"LAST WEEK, was this person on layoff from a job?",Employment Status,related_but_distinct,related_but_distinct,high,high,"While both questions share the same reference period (last week) and relate to employment status, they measure fundamentally different concepts. Question A asks about actual work performed for pay or profit (employment activity), while Question B asks about layoff status (a specific employment circumstance that may or may not involve current work). A person on layoff might not have worked last week, and someone working last week is not necessarily on layoff. These questions capture distinct employment situations.","Question A asks whether the person did any work for pay or profit in the reference week (actual work activity). Question B asks whether the person was on layoff from a job during that same week (a job separation/status), which is a different construct. Although the reference period and yes/no response format match, the substantive focus differs, so they are related but not interchangeable.",no,no,last week,Last week,last week,Last week,True
FOODAPS_0058,FOODAPS_183,"Last week, did you do any work for either pay or profit? ",ACS_110,"LAST WEEK, was this person TEMPORARILY absent from a job or business?",Employment Status,related_but_distinct,related_but_distinct,high,high,"While both questions use the same reference period (last week) and relate to employment, they measure fundamentally different concepts. Question A asks whether someone performed any work for pay or profit, capturing actual work activity. Question B asks only about temporary absence from an existing job or business, which assumes employment exists and measures continuity rather than work performance. A person could answer 'yes' to B while answering 'no' to A (if absent but not working), or 'yes' to A while answering 'no' to B (if newly employed or self-employed). These questions capture distinct employment dimensions.","Question A asks whether the person did any work for pay or profit during the reference week. Question B asks whether the person was temporarily absent from a job or business during that week (i.e., had a job but did not work because of temporary absence). B applies only to those with a job and does not capture whether someone actually worked for pay (including temporary or informal work), so they address different specific employment statuses.",no,no,last week,last week,last week,last week,True
FOODAPS_0059,FOODAPS_183,"Last week, did you do any work for either pay or profit? ",ACS_114,"When did this person last work, even for a few days?",Employment Status,reference_period_mismatch,reference_period_mismatch,high,high,"Both questions assess employment status but use fundamentally different time frames. Question A asks about recent work activity in a specific, narrow period (last week), while Question B asks about the most recent time the person worked at any point, which could be anytime in their lifetime. This difference affects the substantive information each question captures: A measures current labor force participation, while B measures work history status.","Question A is a yes/no item explicitly asking about paid work during a specific short reference period (""last week""). Question B asks an open-ended timing of the last time the person worked (""When did this person last work, even for a few days?""), which is broader and uses a different response approach, so it can capture last-week status but is not identical in reference period or format.",no,partial,last week,last week,not specified (lifetime/ever),not specified,True
FOODAPS_0060,FOODAPS_184,"Last week, did you do any work for either pay or profit? ",ACS_102,"LAST WEEK, did this person work for pay at a job (or business)?",Employment Status,near_duplicate,near_duplicate,high,high,"Both questions ask about work activity during the same reference period (last week) and measure the same core concept of employment status. The minor wording difference—Question A includes 'for either pay or profit' while Question B specifies 'for pay at a job (or business)'—captures essentially the same employment concept, as both encompass paid work and self-employment. The phrases are functionally equivalent in identifying employed individuals.","Both questions ask whether the respondent worked during the same reference period (""last week"") and use a binary yes/no intent about paid or profit-generating work (employee or business/self-employment). Wording differs slightly—A explicitly says ""for either pay or profit"" while B phrases it as ""work for pay at a job (or business)""—but this does not materially change the construct being measured. The minor wording could affect edge cases (e.g., informal/non-monetary work), but overall they capture the same employment-in-the-last-week concept.",yes,yes,last week,last week,last week,last week,True
FOODAPS_0061,FOODAPS_184,"Last week, did you do any work for either pay or profit? ",ACS_103,"LAST WEEK, did this person do ANY work for pay, even for as little as one hour?",Employment Status,near_duplicate,near_duplicate,high,high,"Both questions ask about work for pay during the same reference period (last week) and use nearly identical wording to capture employment status. The only minor difference is that Question B explicitly clarifies ""even for as little as one hour"" to emphasize inclusion of minimal work activity, while Question A uses the broader phrase ""for either pay or profit."" These differences are negligible and would not produce meaningfully different responses.","Both questions ask whether the respondent/person did any work during 'last week' and use a yes/no format, capturing the same core employment concept. The differences are minor wording: A explicitly says 'pay or profit' (calling out self‑employment profit) while B says 'for pay' and adds 'even for as little as one hour' to emphasize minimal hours; these do not substantially change the concept. The pronoun shift ('you' vs 'this person') is administrative only.",yes,partial,last week,Last week,last week,Last week,True
FOODAPS_0062,FOODAPS_184,"Last week, did you do any work for either pay or profit? ",ACS_109,"LAST WEEK, was this person on layoff from a job?",Employment Status,related_but_distinct,related_but_distinct,high,high,"While both questions use the same reference period (last week) and relate to employment status, they measure fundamentally different concepts. Question A asks about actual work performed for pay or profit, which captures employment activity. Question B asks about layoff status, which is a specific employment circumstance that doesn't directly measure whether someone worked. A person can be on layoff (not working) or working while on layoff notice—these are distinct conditions.","Both questions reference the same time frame and use yes/no format, but they ask different things: Question A asks whether the respondent actually did any paid work in the reference week, while Question B asks whether the person was on layoff from a job during that week. A person could be on layoff and not have worked, or not on layoff and also not have worked, so the items are related to employment status but measure distinct circumstances.",no,no,last week,last week,last week,last week,True
FOODAPS_0063,FOODAPS_184,"Last week, did you do any work for either pay or profit? ",ACS_110,"LAST WEEK, was this person TEMPORARILY absent from a job or business?",Employment Status,related_but_distinct,related_but_distinct,high,high,"While both questions reference 'last week' and address employment status, they measure fundamentally different concepts. Question A asks about actual work performed for pay or profit (a positive engagement measure), whereas Question B asks about temporary absence from an existing job (a continuity measure for employed persons). Question A could capture someone newly employed, casually employed, or self-employed, while Question B presumes an existing job relationship and measures only temporary disruptions. These are complementary rather than equivalent measures.","Question A asks whether the respondent actually did any work for pay or profit during the reference week. Question B asks whether the person was temporarily absent from a job or business during that week (i.e., had employment but did not work due to absence). These measure different states (actual work performed vs. employment-with-temporary-absence), so they are related but not equivalent.",no,no,last week,last week,last week,last week,True
FOODAPS_0064,FOODAPS_184,"Last week, did you do any work for either pay or profit? ",ACS_114,"When did this person last work, even for a few days?",Employment Status,reference_period_mismatch,reference_period_mismatch,high,high,"Both questions assess employment status but differ fundamentally in their time frames. Question A asks about current/recent work activity in a specific one-week period, while Question B asks when the person last worked at any point in their life, making it a retrospective lifetime question. This difference means they capture different information: Question A measures current employment, while Question B only indicates whether someone has ever worked.","Question A is a binary yes/no about doing paid work specifically in the last week. Question B asks for the last time the person worked (open-ended timing), so it does not limit to a specific reference period and also uses a different response format (time/date vs yes/no). While both address recent work, the fixed one-week window in A vs the open-ended timing in B is the primary mismatch.",no,partial,last week,last week,not specified (lifetime/ever),not specified (asks 'when did this person last work'),True
FOODAPS_0065,FOODAPS_185,Did you retire before last week?,ACS_102,"LAST WEEK, did this person work for pay at a job (or business)?",Employment Status,related_but_distinct,related_but_distinct,high,high,"Question A asks about retirement status (a past event/state change), while Question B asks about current employment activity. Although both relate to employment, Question A targets a specific life event (retirement) whereas Question B measures active work participation. These capture different dimensions of employment status and cannot substitute for one another.","Question A asks about retirement status and its timing (whether the respondent retired before last week). Question B asks whether the person worked for pay during last week. While both concern employment, they measure different states (retired vs. worked last week) and different implications (not working last week could have many causes besides retirement).",no,no,before last week,before last week,last week,last week,True
FOODAPS_0066,FOODAPS_185,Did you retire before last week?,ACS_103,"LAST WEEK, did this person do ANY work for pay, even for as little as one hour?",Employment Status,related_but_distinct,related_but_distinct,high,high,"Question A asks about retirement status (a permanent or semi-permanent labor force exit), while Question B asks about recent work activity in a specific week. These measure different concepts: retirement is a status/transition event, whereas work for pay is current labor force participation. Question A's reference to 'before last week' also differs from Question B's 'last week' timeframe, and retirement status is not directly answerable by work activity alone.","Question A asks about retirement status as of a point in time (whether the respondent retired before last week). Question B asks about any paid work done during last week. Although both concern employment, A asks about a change in employment status (retirement) and its timing, while B asks about actual work activity in a specific week; they are not interchangeable.",no,no,before last week,before last week,last week,last week,True
FOODAPS_0067,FOODAPS_185,Did you retire before last week?,ACS_109,"LAST WEEK, was this person on layoff from a job?",Employment Status,related_but_distinct,related_but_distinct,high,high,"While both questions address employment status, they measure fundamentally different concepts. Question A asks about retirement (a permanent or long-term career status change), whereas Question B asks about temporary layoff status during a specific week. Retirement is a distinct employment state from being on layoff, and the reference periods differ (before last week vs. last week). These questions capture different aspects of employment circumstances.","Question A asks whether the person retired prior to last week (a permanent exit from the labor force), while Question B asks whether the person was on layoff during last week (a potentially temporary separation). They address different employment states and cannot be treated as the same concept even though both concern employment status and similar short reference windows.",no,no,before last week,before last week,last week,last week,True
FOODAPS_0068,FOODAPS_185,Did you retire before last week?,ACS_110,"LAST WEEK, was this person TEMPORARILY absent from a job or business?",Employment Status,not_comparable,related_but_distinct,high,high,"Question A asks about retirement status (a permanent life event that occurred prior to last week), while Question B asks about temporary absence from work during last week. These address fundamentally different employment concepts: Question A captures long-term status change, while Question B captures short-term work continuity. The temporal references also differ—one is retrospective (before) and one is current (during).","Question A asks whether the respondent retired (a likely permanent exit from employment) prior to last week, while Question B asks whether the person was temporarily absent from a job or business during last week (implying current employment but temporary nonattendance). The two therefore capture different employment states (permanent retirement vs temporary absence) and use different reference frames, so they are not interchangeable.",no,no,before last week,before last week,last week,last week,False
FOODAPS_0069,FOODAPS_185,Did you retire before last week?,ACS_114,"When did this person last work, even for a few days?",Employment Status,related_but_distinct,related_but_distinct,high,high,"Question A asks a yes/no question about whether retirement occurred before a specific recent time point (last week), creating a binary retirement status indicator. Question B asks when the person last worked, which captures the timing of most recent employment but does not directly address retirement status or intent. While both relate to employment transitions, they measure different constructs: Question A identifies whether someone has already retired, while Question B identifies when employment ended without confirming the reason (retirement vs. job loss, leave, etc.).","Question A asks a binary retirement status specifically tied to a recent reference period (whether retirement occurred before last week). Question B asks an open-ended timing of last work with no explicit reference period and does not explicitly capture the reason for not working (e.g., retirement vs layoff). The items therefore address related employment cessation information but are asking different specific concepts and use different response formats.",partial,partial,before last week,before last week,not specified (lifetime/ever),not specified,True
FOODAPS_0070,FOODAPS_186,Did you retire before last week?,ACS_102,"LAST WEEK, did this person work for pay at a job (or business)?",Employment Status,related_but_distinct,related_but_distinct,high,high,"Question A asks about retirement status (a permanent or semi-permanent status change), while Question B asks about work activity during a specific week. Although both relate to employment, they measure fundamentally different concepts: Question A identifies those who have left the workforce permanently, while Question B captures current work participation. The reference periods also differ—Question A looks backward to a retirement event, while Question B focuses on last week's activity.","Question A asks about retirement status and its timing (whether the respondent retired prior to last week). Question B asks about paid work activity during the specific reference period of last week. While related to employment, they measure different constructs (retirement timing vs. work activity) and are not interchangeable.",partial,no,before last week,before last week,last week,last week,True
FOODAPS_0071,FOODAPS_186,Did you retire before last week?,ACS_103,"LAST WEEK, did this person do ANY work for pay, even for as little as one hour?",Employment Status,related_but_distinct,related_but_distinct,high,high,"Question A asks about a past event (retirement timing) that occurred before a reference week, while Question B asks about current work activity during a specific week. Although both relate to employment status, they measure fundamentally different concepts: retirement history versus active labor force participation in a given week. These questions serve different analytical purposes and cannot substitute for one another.","Question A asks about retirement status and whether retirement occurred prior to last week (a status/timing question). Question B asks about any paid work during the specific week labeled ""last week"" (a short-term activity measure). These capture different constructs—retirement is a status with potential permanence while last-week work is a snapshot of recent activity—so they are related but not interchangeable.",no,no,before last week,before last week,last week,last week,True
FOODAPS_0072,FOODAPS_186,Did you retire before last week?,ACS_109,"LAST WEEK, was this person on layoff from a job?",Employment Status,related_but_distinct,related_but_distinct,high,high,"While both questions address employment status, they measure fundamentally different concepts. Question A asks about retirement status (a permanent career transition), whereas Question B asks about temporary layoff status (a potentially reversible employment interruption). Even with aligned reference periods, these represent distinct employment circumstances with different policy and analytical implications.","Question A asks whether the person retired prior to last week (a permanent exit from the labor force), while Question B asks whether the person was on layoff during last week (a temporary job separation). They address different employment statuses and also differ in the immediate reference window, so they are related by topic but ask distinct things.",no,no,before last week,before last week,last week,last week,True
FOODAPS_0073,FOODAPS_186,Did you retire before last week?,ACS_110,"LAST WEEK, was this person TEMPORARILY absent from a job or business?",Employment Status,not_comparable,related_but_distinct,high,high,"Question A asks about retirement status (a permanent employment state change), while Question B asks about temporary absence from work. These are fundamentally different employment concepts—retirement is a permanent transition out of the labor force, whereas temporary absence assumes continued employment. Additionally, Question A's reference period is retrospective and indefinite ('before last week'), while Question B focuses on a specific recent week.","Question A asks whether the person permanently retired at some time prior to last week, while Question B asks whether the person was temporarily absent from a job during last week. These target different employment states (permanent exit vs temporary absence) and capture different situations despite both relating to work status.",no,no,before last week,before last week,last week,last week,False
FOODAPS_0074,FOODAPS_186,Did you retire before last week?,ACS_114,"When did this person last work, even for a few days?",Employment Status,related_but_distinct,related_but_distinct,high,high,"Question A asks a yes/no question about whether retirement occurred before a specific point in time (last week), focusing on retirement as a life event. Question B asks when the person last worked, which is a more general employment history question that captures all work episodes regardless of retirement status. While both touch on employment status, they measure different constructs: one identifies retired persons at a point in time, the other documents work recency.","Question A asks a yes/no about having retired before last week (a specific timing and a retirement status), while Question B asks for the last time the person worked (an open-ended timing and not explicitly asking about retirement). They differ in intent (retirement as a reason vs. last work date), response format, and B has no restricted reference period, so they are related but ask distinct information.",partial,partial,before last week,before last week,not specified (open-ended retrospective),not specified,True
FOODAPS_0075,FOODAPS_191,What is the main reason you did not work last week?,ACS_102,"LAST WEEK, did this person work for pay at a job (or business)?",Employment Status,related_but_distinct,related_but_distinct,high,high,"Both questions reference 'last week,' but they ask fundamentally different things. Question B asks whether the person worked for pay (a yes/no employment fact), while Question A presupposes non-work and asks only those who didn't work to explain why. Question A is a conditional follow-up question that only applies to non-workers, whereas Question B is a screening question that applies to everyone. They capture different aspects of employment status and cannot directly replace one another.","Question A asks why the respondent did not work last week (an open-ended/categorical reason and presumes non-employment that week). Question B asks a yes/no about whether the person worked for pay last week (establishes employment status). They cover the same topical area but ask different specific information (reason versus occurrence), so they are not interchangeable.",no,no,last week,last week,last week,last week,True
FOODAPS_0076,FOODAPS_191,What is the main reason you did not work last week?,ACS_103,"LAST WEEK, did this person do ANY work for pay, even for as little as one hour?",Employment Status,related_but_distinct,related_but_distinct,high,high,"Both questions reference the same time period (last week) and general employment topic, but they measure fundamentally different constructs. Question A asks WHY someone did not work (conditional on non-work, seeking reason/barrier), while Question B asks WHETHER someone did any paid work at all (binary employment status). Question A assumes non-employment and probes motivation, whereas Question B is a screening question for employment status. These are not equivalent measures of the same concept.","Both questions use the same reference period (""last week"") and address employment, but they ask different specific things: A asks for the main reason the respondent did not work (a conditional, qualitative explanation), while B is a binary question asking whether the person did any paid work for even one hour. The response formats and substantive information differ (open-ended reason vs yes/no paid-work status), so they are related but not interchangeable.",no,no,last week,last week,last week,last week,True
FOODAPS_0077,FOODAPS_191,What is the main reason you did not work last week?,ACS_109,"LAST WEEK, was this person on layoff from a job?",Employment Status,related_but_distinct,related_but_distinct,high,high,"Both questions reference 'last week,' but they measure fundamentally different aspects of employment status. Question A asks for the reason someone did NOT work (capturing reasons like illness, vacation, or unemployment), while Question B specifically asks whether the person was on layoff—a single, specific employment status condition. Question A is broader and diagnostic of non-work reasons, while Question B is narrower and targets one particular employment circumstance.","Question A asks for the main reason the person did not work last week (open-ended/choice among many reasons), while Question B asks a specific yes/no about being on layoff last week. B is a narrow binary item about one possible reason that could appear as an answer to A, but A captures many other reasons and the notion of a ""main"" reason, so they are related but not equivalent. The response formats and focus differ such that information from one does not fully substitute for the other.",no,partial,last week,last week,last week,last week,True
FOODAPS_0078,FOODAPS_191,What is the main reason you did not work last week?,ACS_110,"LAST WEEK, was this person TEMPORARILY absent from a job or business?",Employment Status,related_but_distinct,related_but_distinct,high,high,"Both questions reference the same time period (last week) and general employment topic, but they ask fundamentally different things. Question A asks WHY someone did not work (seeking a reason from non-workers), while Question B asks WHETHER someone was temporarily absent FROM a job (a yes/no question about temporary absence from existing employment). Question A targets the non-employed population, whereas Question B targets employed persons with temporary absences.","Question A asks for the main reason the person did not work last week (open-ended covering reasons including not having a job, looking for work, illness, caregiving, etc.), whereas Question B is a yes/no question about whether the person was temporarily absent from a job or business last week (which presumes they have a job). They differ in specific concept and response format: B cannot capture the full set of reasons A elicits and A does not specifically identify the 'temporarily absent from a job' status in a standardized yes/no way.",no,partial,last week,last week,last week,last week,True
FOODAPS_0079,FOODAPS_191,What is the main reason you did not work last week?,ACS_114,"When did this person last work, even for a few days?",Employment Status,related_but_distinct,related_but_distinct,high,high,"Question A asks specifically about reasons for not working during a defined recent period (last week), assuming non-work occurred. Question B asks when someone last worked at any point, capturing a lifetime employment history marker without assuming current non-work status. These address different analytical purposes: A identifies barriers to recent employment, while B establishes whether someone has ever worked and approximately when.","Question A asks for the main reason the respondent did not work during a specific, recent reference period (last week). Question B asks for the last time the person worked (a timing/recency question) and does not ask for reasons; it also has no explicit short reference period. They address the same general topic (employment) but ask different, non-overlapping information (reason vs timing).",no,no,last week,last week,not specified (lifetime/ever),not specified,True
FOODAPS_0080,FOODAPS_192,What is the main reason you did not work last week?,ACS_102,"LAST WEEK, did this person work for pay at a job (or business)?",Employment Status,related_but_distinct,related_but_distinct,high,high,"While both questions reference 'last week,' they ask fundamentally different things. Question B directly asks whether the person worked for pay, whereas Question A asks for the reason they did NOT work—presupposing non-employment and requiring a conditional response only from those who didn't work. These are complementary but distinct questions: one measures employment status, the other measures reasons for non-employment among the non-employed.","Question A asks for the reason a respondent did not work during the reference week (a cause/explanation, asked of non-workers). Question B is a binary screening question asking whether the person worked for pay last week. They address related employment status but collect different information (presence/absence vs. reasons), and have different respondent subsets and response formats.",no,no,last week,last week,last week,last week,True
FOODAPS_0081,FOODAPS_192,What is the main reason you did not work last week?,ACS_103,"LAST WEEK, did this person do ANY work for pay, even for as little as one hour?",Employment Status,related_but_distinct,related_but_distinct,high,high,"While both questions address employment during the same reference period (last week), they ask fundamentally different things. Question B asks whether any work for pay occurred (a yes/no employment status question), whereas Question A presupposes no work occurred and asks for the reason why. Question A is conditional on non-employment and seeks explanatory information, making it a different type of inquiry despite the shared timeframe.",Question A asks for the main reason the respondent did not work (a cause/explanation conditional on not working). Question B is a binary indicator asking whether the person did any paid work last week. They address related aspects of employment status but ask different specific things (reason vs. occurrence).,no,no,last week,last week,last week,last week,True
FOODAPS_0082,FOODAPS_192,What is the main reason you did not work last week?,ACS_109,"LAST WEEK, was this person on layoff from a job?",Employment Status,related_but_distinct,related_but_distinct,high,high,"Both questions reference 'last week,' but they ask fundamentally different things. Question A asks for the main reason someone did NOT work (open-ended about reasons for non-work), while Question B asks a yes/no screening question about whether someone was on layoff. Question B captures only one specific reason (layoff status) whereas Question A seeks the primary reason across all possible causes of non-work.","Both items reference the same time frame (last week) and the general topic of employment, but they ask different specific things: A solicits the main reason the respondent did not work (open/categorical responses), while B is a specific yes/no about being on layoff. Layoff could be one possible response to A, so the items overlap but are not equivalent.",no,partial,last week,last week,last week,last week,True
FOODAPS_0083,FOODAPS_192,What is the main reason you did not work last week?,ACS_110,"LAST WEEK, was this person TEMPORARILY absent from a job or business?",Employment Status,related_but_distinct,response_format_mismatch,high,high,"Both questions use the same reference period (last week) and address employment status, but they measure fundamentally different concepts. Question A asks for the REASON someone did not work (assumes non-work and seeks explanation), while Question B asks about TEMPORARY ABSENCE from an existing job (assumes employment and asks about status). Question A targets non-workers; Question B targets employed persons. These are distinct population segments with different logical structures.","Both questions refer to the same time frame (last week) and employment topic, but they ask different things and use different response formats: Question A asks for the main reason the person did not work (a categorical/open-ended reason), while Question B is a yes/no about being temporarily absent from a job/business. B will not capture reasons for not working (nor distinguish permanent non-employment), so they are not interchangeable.",no,no,last week,last week,last week,LAST WEEK,False
FOODAPS_0084,FOODAPS_192,What is the main reason you did not work last week?,ACS_114,"When did this person last work, even for a few days?",Employment Status,related_but_distinct,related_but_distinct,high,high,"Question A asks about reasons for not working during a specific recent period (last week), targeting currently non-working individuals and seeking explanatory detail. Question B asks about the timing of any past work activity across an unspecified time horizon, serving as a filter question to establish work history rather than explain current non-work status. These serve different analytical purposes despite both relating to employment.",Question A asks for the main reason the respondent did not work during a specific reference period (last week). Question B asks when the person last worked (an open-ended timing question) and does not solicit reasons. They address the same broad topic (employment) but ask different specific information and use different response constructs (reason vs. timing).,no,no,last week,last week,not specified (lifetime/ever),not specified,True
FOODAPS_0085,FOODAPS_193,"Are you currently looking for a job, either full or part time?",ACS_102,"LAST WEEK, did this person work for pay at a job (or business)?",Employment Status,related_but_distinct,related_but_distinct,high,high,"Question A asks about job-seeking behavior (forward-looking intent to find employment), while Question B asks about actual recent work activity (backward-looking past behavior). These measure different employment concepts: labor force participation through job search versus actual employment. Additionally, the reference periods differ ('currently' vs. 'last week'), and one asks about intent while the other asks about action.","Question A asks about active job-seeking (whether the respondent is currently looking for work), while Question B asks whether the person worked for pay during a specific recent period (last week). They measure different states (job search vs. recent paid work) and have different reference frames, so they are related by employment topic but not equivalent.",no,no,current/present time,currently,last week,last week,True
FOODAPS_0086,FOODAPS_193,"Are you currently looking for a job, either full or part time?",ACS_103,"LAST WEEK, did this person do ANY work for pay, even for as little as one hour?",Employment Status,related_but_distinct,related_but_distinct,high,high,"Question A asks about job-seeking behavior (forward-looking, intent/active search), while Question B asks about actual work performed (backward-looking, past week activity). These capture different dimensions of employment status—one measures unemployment/labor force participation through job search activity, the other measures current employment through recent work. They are complementary rather than equivalent measures.","Question A asks about active job search status (whether the respondent is currently looking for work), while Question B asks whether the person did any paid work in the specific reference period of last week. These measure different labor-market behaviors (job-seeking vs. recent work activity) and could yield different answers for the same person (e.g., employed but looking, unemployed and not looking, or did no work last week but actively searching).",no,no,current/ongoing,currently (present),last week,last week,True
FOODAPS_0087,FOODAPS_193,"Are you currently looking for a job, either full or part time?",ACS_109,"LAST WEEK, was this person on layoff from a job?",Employment Status,related_but_distinct,related_but_distinct,high,high,"These questions address different employment statuses within the broader employment topic. Question A asks about active job-seeking behavior (forward-looking intent), while Question B asks about a specific employment situation—being on layoff from a job (current status). A person could be on layoff but not looking for work, or looking for work without being on layoff, making these conceptually distinct despite both relating to employment.","Question A asks about current job-seeking activity (whether the respondent is actively looking for work). Question B asks whether the person was on layoff last week, which indicates a temporary separation from a job rather than active job search. The two questions address different constructs (job search behavior vs layoff status) and have different time references, so they are related by topic but not equivalent.",no,no,current,current,last week,last week,True
FOODAPS_0088,FOODAPS_193,"Are you currently looking for a job, either full or part time?",ACS_110,"LAST WEEK, was this person TEMPORARILY absent from a job or business?",Employment Status,related_but_distinct,related_but_distinct,high,high,"Question A asks about job-seeking behavior (forward-looking, active labor market participation), while Question B asks about temporary work absence (current employment status). These measure different employment dimensions—one captures unemployment/job search activity, the other captures employed persons with temporary absences. They address distinct concepts despite both relating to employment status.","Question A asks whether the respondent is actively looking for work now (job search/unemployment status). Question B asks whether the person was temporarily absent from a job or business during last week (an attendance/temporary absence status for someone who has a job). They address different employment states and have different reference periods, so they are related by topic but ask distinct things.",no,no,current (implied present tense),currently,last week,last week,True
FOODAPS_0089,FOODAPS_193,"Are you currently looking for a job, either full or part time?",ACS_114,"When did this person last work, even for a few days?",Employment Status,related_but_distinct,related_but_distinct,high,high,"Question A asks about current job-seeking behavior (forward-looking intent), while Question B asks about past work history (when someone last worked). These measure different employment concepts: active job search status versus historical work experience. Question B could identify someone who previously worked but isn't currently seeking employment, while Question A identifies someone actively looking regardless of recent work history.","Question A asks about current job-seeking activity (are you currently looking for a job), whereas Question B asks about recency of paid work (when did the person last work). They address different constructs—active job search vs. timing of last employment—and also use different response formats (A is a yes/no/current-status item; B solicits a date or time interval).",no,no,current/present time,current (now),lifetime/unspecified past,most recent past (date or time since last worked),True
FOODAPS_0090,FOODAPS_195,Did you work for pay or profit for more than one employer last week?,ACS_102,"LAST WEEK, did this person work for pay at a job (or business)?",Employment Status,related_but_distinct,related_but_distinct,high,high,"Both questions use the same reference period (last week) and ask about paid work, but they measure different employment dimensions. Question A specifically asks about multiple employers, capturing a distinct employment characteristic (job multiplicity), while Question B asks only whether the person worked for pay at any job. These are complementary rather than equivalent measures—one could work for multiple employers (yes to A) or one employer (no to A), but both would answer yes to B.","Both questions use the same reference period (last week) and concern employment, but they ask different specific things: A asks whether the respondent worked for pay for more than one employer (multiple-employer status), whereas B asks whether the person worked for pay at all. Because B only indicates any paid work and A indicates multiplicity of employers, they are distinct and one cannot be inferred from the other.",partial,no,last week,last week,last week,last week,True
FOODAPS_0091,FOODAPS_195,Did you work for pay or profit for more than one employer last week?,ACS_103,"LAST WEEK, did this person do ANY work for pay, even for as little as one hour?",Employment Status,related_but_distinct,related_but_distinct,high,high,"Both questions reference the same time period (last week) and assess employment activity, but they measure fundamentally different constructs. Question A specifically asks about multiple employer engagement, while Question B asks whether any work for pay occurred at all. Question A presupposes employment and focuses on job diversity, whereas Question B is a basic employment status indicator. These serve different analytical purposes and cannot be used interchangeably.","Both questions share the same reference period and yes/no response format, but they ask different things: Question A asks whether the respondent worked for more than one employer last week, while Question B asks whether the person did any paid work at all (even one hour) last week. A positive answer to B does not indicate number of employers, so A cannot be inferred from B and the items are distinct.",no,no,last week,last week,last week,last week,True
FOODAPS_0092,FOODAPS_195,Did you work for pay or profit for more than one employer last week?,ACS_109,"LAST WEEK, was this person on layoff from a job?",Employment Status,not_comparable,related_but_distinct,high,high,"These questions address fundamentally different employment concepts despite sharing the same reference period. Question A asks about multiple concurrent employers (employment multiplicity), while Question B asks about temporary job separation due to layoff status (employment discontinuity). They measure distinct employment situations and would not be redundant even if linked across surveys.","The two questions address different specific employment states: Question A asks whether the respondent worked for pay from more than one employer (holding multiple jobs) during the reference week, while Question B asks whether the person was on layoff from a job (temporarily separated) during that same week. Although they share the same reference period, their substantive concepts are distinct and not interchangeable.",no,no,last week,last week,last week,LAST WEEK,False
FOODAPS_0093,FOODAPS_195,Did you work for pay or profit for more than one employer last week?,ACS_110,"LAST WEEK, was this person TEMPORARILY absent from a job or business?",Employment Status,related_but_distinct,related_but_distinct,high,high,"Both questions reference the same time period (last week) and address employment, but they measure fundamentally different concepts. Question A asks about multiple employer engagement (scope of employment), while Question B asks about temporary absence from an existing job (continuity of employment). A person could answer 'yes' to A (worked for multiple employers) while answering 'no' to B (not temporarily absent), or vice versa, making them distinct measures of employment status.","Question A asks whether the respondent worked for more than one employer in the reference week (i.e., multiple concurrent employers). Question B asks whether the respondent was temporarily absent from a job or business during the reference week (i.e., not working despite having a job). These are different constructs about employment status/conditions and are not interchangeable.",no,no,last week,last week,last week,last week,True
FOODAPS_0094,FOODAPS_195,Did you work for pay or profit for more than one employer last week?,ACS_114,"When did this person last work, even for a few days?",Employment Status,related_but_distinct,related_but_distinct,high,high,"Question A asks about multiple employer engagement in a specific recent period (last week), while Question B asks about timing of last work activity with no specified lookback period. Question A targets a specific employment pattern (multiple simultaneous employers), while Question B simply establishes whether/when someone has ever worked. These address different employment dimensions and would not be interchangeable.","Question A asks a very specific yes/no about working for more than one employer during a defined reference period (last week). Question B asks an open-ended timing question about when the person last worked and does not ask about number of employers or limit to a particular period. The two address the general topic of employment but ask different, non-overlapping details and use different response types.",no,no,last week,last week,not specified (lifetime/when last occurred),not specified,True
FOODAPS_0095,FOODAPS_271,"Last week, did NAME do any work for either pay or profit? ",ACS_102,"LAST WEEK, did this person work for pay at a job (or business)?",Employment Status,near_duplicate,exact_duplicate,high,high,"Both questions ask about work activity during the same reference period (last week) and measure the same core concept of employment status. The minor wording differences—FoodAPS includes ""for either pay or profit"" while ACS specifies ""for pay at a job (or business)""—are functionally equivalent since both capture paid work activity. The phrase ""or profit"" in FoodAPS and ""(or business)"" in ACS both address self-employment, making these substantively the same.","Both questions ask whether the person did paid work during the same reference period (last week) and use the same binary response format. Wording differs slightly—""pay or profit"" vs ""pay at a job (or business)""—but both capture paid employment including self-employment, so there is no substantive difference in intent or coverage.",yes,yes,last week,last week,last week,last week,False
FOODAPS_0096,FOODAPS_271,"Last week, did NAME do any work for either pay or profit? ",ACS_103,"LAST WEEK, did this person do ANY work for pay, even for as little as one hour?",Employment Status,near_duplicate,exact_duplicate,high,high,Both questions ask about work for pay during the same reference period (last week) and use nearly identical phrasing to capture employment status. The minor differences—FoodAPS includes 'or profit' while ACS specifies 'even for as little as one hour'—are inconsequential clarifications rather than substantive changes in meaning. Both measure the same core concept of recent employment activity.,"Both questions ask whether the person did any work for pay within the same reference period (last week) and use a yes/no format. Differences are minor wording: FoodAPS explicitly includes ""pay or profit"" (covering wages and business profit) while ACS adds ""even for as little as one hour"" to clarify a minimal duration; neither alters the core concept measured.",yes,yes,last week,last week,last week,last week,False
FOODAPS_0097,FOODAPS_271,"Last week, did NAME do any work for either pay or profit? ",ACS_109,"LAST WEEK, was this person on layoff from a job?",Employment Status,related_but_distinct,related_but_distinct,high,high,"While both questions use the same reference period (last week) and relate to employment status, they measure fundamentally different concepts. Question A asks whether someone engaged in any work for pay or profit (active employment/work activity), while Question B asks whether someone was on layoff from a job (temporary separation from employment). These capture distinct employment statuses and cannot be used interchangeably.","Question A asks whether the person actually did any work for pay or profit in the reference week (an activity measure). Question B asks whether the person was on layoff from a job in that same week (a status related to employment relationship), which does not directly indicate whether they did paid work that week. These capture related but different constructs (work activity vs. layoff status) and are not interchangeable.",no,no,last week,last week,last week,last week,True
FOODAPS_0098,FOODAPS_271,"Last week, did NAME do any work for either pay or profit? ",ACS_110,"LAST WEEK, was this person TEMPORARILY absent from a job or business?",Employment Status,related_but_distinct,related_but_distinct,high,high,"Both questions use the same reference period (last week) and address employment, but they measure different concepts. Question A asks about any work activity (actual work performed for pay or profit), while Question B asks about temporary absence from an existing job or business (implying the person normally works but was absent). These capture different employment statuses: Question A identifies workers, while Question B identifies employed persons who happened to be absent.","Both questions reference the same time frame but ask different things: Question A asks whether the person did any work for pay or profit during last week, while Question B asks whether the person was temporarily absent from a job or business last week (which applies only to those who have a job). Being temporarily absent does not tell you whether the person did any paid work elsewhere or whether they worked at all, so the items are related to employment status but are not interchangeable.",partial,no,last week,last week,last week,last week,True
FOODAPS_0099,FOODAPS_271,"Last week, did NAME do any work for either pay or profit? ",ACS_114,"When did this person last work, even for a few days?",Employment Status,reference_period_mismatch,reference_period_mismatch,high,high,"Both questions measure employment status but use fundamentally different time frames. Question A asks about current/recent work activity in a specific week, while Question B asks when the person last worked at any point in their life, capturing lifetime work history rather than current employment. These serve different purposes: FoodAPS measures current economic activity for program eligibility, while ACS captures whether someone has ever been employed.","Both questions ask about whether/when the person worked (same employment concept) but use different reference frames: A restricts to ""last week,"" while B asks an open-ended ""when did this person last work"" with no fixed period. They also differ in response format (A is a yes/no about a specific week; B requests a timing), but the primary mismatch is the reference period. Because B is open-ended it can cover many possible reference windows that A specifically targets.",no,yes,last week,last week,not specified (lifetime/ever worked),not specified,True
FOODAPS_0100,FOODAPS_272,Did NAME retire before last week?,ACS_102,"LAST WEEK, did this person work for pay at a job (or business)?",Employment Status,related_but_distinct,related_but_distinct,high,high,"Question A asks about retirement status (a permanent or semi-permanent state that occurred before last week), while Question B asks about actual work activity during last week. These are conceptually different: someone could have retired before last week but still worked for pay last week (e.g., part-time or consulting work), or worked last week but not be retired. Question A focuses on retirement as a life event, while Question B focuses on recent employment activity.","Question A asks about retirement status as of a point before last week, while Question B asks about paid work during last week. Although related (someone who worked last week likely was not retired before last week), the items measure different concepts and are not deterministically equivalent — working last week does not fully rule out being recently retired (or doing paid work while retired), and not working last week does not imply retirement. Response formats are both yes/no but the substantive target differs, so they are related but distinct.",no,partial,before last week,before last week,last week,last week,True
FOODAPS_0101,FOODAPS_272,Did NAME retire before last week?,ACS_103,"LAST WEEK, did this person do ANY work for pay, even for as little as one hour?",Employment Status,related_but_distinct,related_but_distinct,high,high,"Question A asks about retirement status (a permanent or semi-permanent employment condition), while Question B asks about current work activity in a specific recent period. Although both relate to employment, they measure different constructs: Question A captures past retirement decisions, while Question B captures recent work behavior. Someone could answer 'yes' to retiring before last week but still do some work for pay last week (e.g., consulting or part-time work).","Question A asks about retirement status and specifically whether retirement occurred prior to last week. Question B asks whether the person did any paid work during last week. They address the same general employment topic but ask different specific things (timing relative to last week and retirement vs actual work activity), so they are related but not equivalent.",no,no,before last week,before last week,last week,last week,True
FOODAPS_0102,FOODAPS_272,Did NAME retire before last week?,ACS_109,"LAST WEEK, was this person on layoff from a job?",Employment Status,related_but_distinct,related_but_distinct,high,high,"These questions address different employment circumstances within the retirement/job loss domain. Question A asks about retirement status (a permanent or semi-permanent career transition), while Question B asks about temporary layoff status (a potentially reversible employment interruption). Although both relate to employment status changes, retirement and layoff represent distinct labor force states with different policy implications and recovery trajectories. The reference periods also differ slightly ('before last week' vs. 'last week').","Question A asks whether the person had retired (a permanent exit from the labor force) prior to last week, while Question B asks whether the person was on layoff during last week (a temporary job separation). Although both concern employment status, they measure different states and have different timing windows, so they are related but distinct.",no,no,before last week,before last week,last week,last week,True
FOODAPS_0103,FOODAPS_272,Did NAME retire before last week?,ACS_110,"LAST WEEK, was this person TEMPORARILY absent from a job or business?",Employment Status,related_but_distinct,related_but_distinct,high,high,"Question A asks about a permanent status change (retirement) that occurred prior to the survey week, while Question B asks about temporary absence from work during the survey week. These address fundamentally different employment concepts: Question A measures permanent labor force exit due to retirement, while Question B measures temporary work interruption. Despite both relating to employment status, they capture different phenomena and would not be substitutable.","Question A asks about a permanent change in employment status (retirement) occurring before last week, while Question B asks whether the person was temporarily absent from a job during last week. They address different states (retired vs. temporarily absent from an existing job) and have slightly different reference framing, so they are related by employment topic but ask distinct things.",no,no,before last week,before last week,last week,last week,True
FOODAPS_0104,FOODAPS_272,Did NAME retire before last week?,ACS_114,"When did this person last work, even for a few days?",Employment Status,related_but_distinct,response_format_mismatch,high,high,"Question A asks a binary yes/no about retirement status with a specific temporal boundary (before last week), while Question B asks when the person last worked, which is open-ended and captures timing of most recent work activity. Although both relate to employment transitions, they measure different constructs: retirement status versus recency of work. Question B could identify retired persons but also captures those temporarily not working, on leave, or between jobs.","Question A asks a binary retirement status specifically relative to a fixed reference point (before last week). Question B asks for the time of the person's last work (an open-ended date/timing) and does not specify a reference window. The items therefore differ in response format (yes/no vs date/timing) and also in specificity about retirement versus last work, so they are not direct equivalents.",partial,partial,before last week,before last week,not specified (open-ended retrospective),not specified,False
FOODAPS_0105,FOODAPS_273,Did NAME retire early because of a disability?,ACS_102,"LAST WEEK, did this person work for pay at a job (or business)?",Employment Status,not_comparable,related_but_distinct,high,high,"Question A asks about a past decision to retire early due to disability, which is a historical/lifetime question about a specific life event and its cause. Question B asks about current employment activity in a specific recent week. These are fundamentally different concepts: one measures disability-related retirement decisions, the other measures current labor force participation. They address different aspects of employment status.","Question A asks about the reason for early retirement specifically due to a disability, focusing on retirement status and cause. Question B asks whether the person worked for pay in the last week, focusing on recent work activity; it does not capture retirement status or reasons. The two address employment in different ways (retirement reason vs. recent employment) and are not interchangeable.",no,no,not specified (lifetime/historical),not specified,last week,last week,False
FOODAPS_0106,FOODAPS_273,Did NAME retire early because of a disability?,ACS_103,"LAST WEEK, did this person do ANY work for pay, even for as little as one hour?",Employment Status,not_comparable,related_but_distinct,high,high,"These questions measure fundamentally different concepts. Question A asks about a specific historical decision (early retirement due to disability), which is a one-time life event explanation. Question B asks about current work activity in a specific recent period (last week). Question A focuses on the reason for leaving the workforce permanently, while Question B measures active labor force participation in the present. They address different employment dimensions and cannot be consolidated.","Question A asks whether a person retired early specifically because of a disability (a past event and reason for retirement), while Question B asks about any paid work done in the reference week (current employment activity). They address related domain (employment) but measure different constructs (reason for retirement/disability vs. recent work status) and are not interchangeable.",no,no,not specified (lifetime/historical event),not specified,last week,last week,False
FOODAPS_0107,FOODAPS_273,Did NAME retire early because of a disability?,ACS_109,"LAST WEEK, was this person on layoff from a job?",Employment Status,not_comparable,related_but_distinct,high,high,"These questions address fundamentally different employment concepts. Question A asks about a permanent, past decision to retire early due to disability, which is a lifetime status question about reasons for labor force exit. Question B asks about temporary job loss status in the most recent week. While both relate to employment, they measure distinct phenomena: early retirement with disability vs. current layoff status.","Question A asks about a past, causal event (retiring early because of a disability) and captures a reason for permanent exit from employment; Question B asks about current/very recent status (on layoff last week), a temporary job separation. They address different constructs (retirement due to disability vs short-term layoff) and are not interchangeable.",no,no,not specified (lifetime/retrospective),not specified,last week,last week,False
FOODAPS_0108,FOODAPS_273,Did NAME retire early because of a disability?,ACS_110,"LAST WEEK, was this person TEMPORARILY absent from a job or business?",Employment Status,not_comparable,related_but_distinct,high,high,"Question A asks about a permanent life decision (early retirement due to disability), which is a historical/lifetime characteristic, while Question B asks about a temporary work absence in the past week, which is a current employment status indicator. These measure fundamentally different employment concepts: one is about why someone left the workforce permanently, the other is about temporary work interruptions.","Question A asks whether the person retired early because of a disability, which captures a (likely permanent) exit from work and a causal reason. Question B asks only whether the person was temporarily absent from a job in the specific reference period of last week, a short-term status measure; they address different phenomena and are not equivalent.",no,no,not specified (lifetime/historical),not specified,last week,last week,False
FOODAPS_0109,FOODAPS_273,Did NAME retire early because of a disability?,ACS_114,"When did this person last work, even for a few days?",Employment Status,related_but_distinct,related_but_distinct,high,high,"Question A asks about a specific reason for early retirement (disability-related), while Question B asks when the person last worked regardless of reason. Question A targets a subset of non-workers with a specific causal explanation, whereas Question B is a general employment recency measure applicable to all respondents. These address different aspects of employment history and would not be substitutable.","Question A asks a binary reason-based attribute (whether the person retired early because of a disability). Question B asks for the timing of the last time the person worked (a date/point-in-time measure). They address related employment history but ask different specific constructs (cause of retirement vs. timing of last employment) and use different response formats, so they are related but distinct.",no,no,not specified (lifetime/current status),not specified,not specified (recency of last employment),time of last work (point in time; no fixed reference period),True
FOODAPS_0110,FOODAPS_275,What is the main reason NAME did not work last week?,ACS_102,"LAST WEEK, did this person work for pay at a job (or business)?",Employment Status,related_but_distinct,related_but_distinct,high,high,"Both questions reference 'last week' and concern employment activity, but they ask fundamentally different things. Question B asks whether someone worked for pay (a yes/no determination of employment status), while Question A only asks respondents who did NOT work to provide a reason for non-work. Question A is a follow-up/conditional question that presupposes non-employment, whereas Question B is a screening question to establish employment status. They cannot replace each other.","Both questions target employment in the same reference period (last week) but ask different things: Question B is a binary measure asking whether the person worked for pay last week, while Question A asks for the main reason the person did not work last week (a conditional, causal question applicable to non-workers). The response types and substantive content differ (yes/no status vs. reason), so they are related but not equivalent.",no,partial,last week,last week,last week,last week,True
FOODAPS_0111,FOODAPS_275,What is the main reason NAME did not work last week?,ACS_103,"LAST WEEK, did this person do ANY work for pay, even for as little as one hour?",Employment Status,related_but_distinct,response_format_mismatch,high,high,"Both questions reference the same time period (last week) and relate to employment, but they measure fundamentally different constructs. Question B asks whether any work for pay occurred, establishing basic employment status. Question A presupposes no work occurred and asks for the reason why, making it a conditional follow-up rather than an equivalent measure. These questions serve different purposes in their respective surveys and cannot be used interchangeably.","Both questions refer to the same reference period (last week) and address employment/status for that week, but they ask different things and use different response formats. Question B is a binary yes/no about doing any paid work last week, while Question A (asked only of non-workers) requests the main reason they did not work (a categorical/explanatory response). Because A elicits reasons rather than a work/non-work indicator, the formats and informational content differ.",no,no,last week,last week,last week,last week,False
FOODAPS_0112,FOODAPS_275,What is the main reason NAME did not work last week?,ACS_109,"LAST WEEK, was this person on layoff from a job?",Employment Status,related_but_distinct,related_but_distinct,high,high,"While both questions share the same reference period (last week) and employment topic, they capture fundamentally different information. Question A asks for the reason someone did NOT work, which is open-ended and could include layoffs, illness, school, caregiving, or other reasons. Question B specifically asks whether the person was on layoff, which is one narrow reason among many possible reasons for not working. Question A is diagnostic about causes of non-work, while Question B tests for one specific employment status condition.","Both questions refer to the same reference period (last week) and the same broad topic (employment/nonwork). However Question A asks for the main reason the person did not work (a categorical/open response covering many causes), while Question B is a single yes/no item asking only whether the person was on layoff. The scope and response format differ—layoff is one possible reason captured by A, but A captures many other reasons that B does not.",no,partial,last week,last week,last week,last week,True
FOODAPS_0113,FOODAPS_275,What is the main reason NAME did not work last week?,ACS_110,"LAST WEEK, was this person TEMPORARILY absent from a job or business?",Employment Status,related_but_distinct,related_but_distinct,high,high,"Both questions reference 'last week' and relate to employment, but they ask fundamentally different things. Question A asks WHY someone did not work (seeks reason/cause among those who didn't work), while Question B asks WHETHER someone was temporarily absent from an existing job (yes/no about job attachment). Question A targets non-workers and requires a reason, while Question B targets employed persons and assesses temporary absence status. These address different aspects of employment status and would yield different response sets.","Both ask about the same week, but they ask different specific things: Question A asks for the main reason the person did not work (open-ended/categorical reasons and can apply to unemployed, retired, or those without a job), while Question B is a yes/no about being temporarily absent from an existing job or business. B identifies a specific employment situation (temporarily absent employees) and does not capture reasons or non-employment status, so they are related but distinct.",no,no,last week,last week,last week,last week,True
FOODAPS_0114,FOODAPS_275,What is the main reason NAME did not work last week?,ACS_114,"When did this person last work, even for a few days?",Employment Status,related_but_distinct,related_but_distinct,high,high,"Question A asks for the reason someone did NOT work during a specific recent period (last week), presupposing non-employment. Question B asks when someone last worked at any point in time, capturing lifetime work history without specifying a recent period. These measure different concepts: A focuses on barriers to work in a defined recent timeframe, while B measures work history timing. Question A requires non-employment status as a condition, while B applies to all respondents.","Question A asks for the main reason the person did not work during a specific recent period (last week) — it elicits a cause. Question B asks when the person last worked (a timing/event question) with no explicit reference period and does not ask for a reason. These probe different attributes (reason vs timing) and have different expected answer types, so they are related by topic (employment) but distinct in content.",no,no,last week,last week,not specified (lifetime/ever),not specified,True
FOODAPS_0115,FOODAPS_163,"Have you ever served on active duty in the U.S. Armed Forces, Reserves, or National Guard?",ACS_98,"Has this person ever served on active duty in the U.S. Armed Forces, Reserves, or National Guard?",Veterans,exact_duplicate,exact_duplicate,high,high,"Both questions ask identical questions about whether a person has ever served on active duty in the U.S. Armed Forces, Reserves, or National Guard. The only difference is the subject perspective (""you"" vs. ""this person""), which reflects each survey's administration method (self-report vs. proxy response capability) but does not affect the substance, meaning, or reference period of the question. Both use ""ever"" indicating a lifetime reference period.","Both questions use identical wording aside from the respondent reference (first‑person vs third‑person) and ask whether the subject has ""ever"" served on active duty in the U.S. Armed Forces, Reserves, or National Guard, implying a lifetime reference and a yes/no response. The only substantive difference is perspective/pronoun (self vs. about another person), which does not change the concept measured.",yes,yes,ever (lifetime),ever (lifetime),ever (lifetime),ever (lifetime),True
FOODAPS_0116,FOODAPS_163,"Have you ever served on active duty in the U.S. Armed Forces, Reserves, or National Guard?",ACS_99,When did this person serve on active duty in the U.S. Armed Forces?,Veterans,reference_period_mismatch,response_format_mismatch,high,high,"Both questions address military service but differ fundamentally in scope. Question A asks whether someone has *ever* served (yes/no binary), establishing lifetime service history. Question B assumes prior service and asks *when* it occurred (requesting a time period or date), which is a follow-up question for those who already confirmed service. Question A is a screening question; Question B is a detailed follow-up that only applies to confirmed veterans.","Question A is a lifetime yes/no screener that explicitly includes Reserves and National Guard. Question B asks for the timing of service (a date/period) rather than a simple yes/no; it does not explicitly mention Reserves/National Guard and presumes the respondent served (or that a separate ""never"" option exists). These are the same substantive topic (veteran status) but use different response formats and have a small scope wording difference.",partial,partial,ever (lifetime),ever (lifetime),not specified (implicit: when did you serve),not specified (asks for timing of past service),False
FOODAPS_0117,FOODAPS_163,"Have you ever served on active duty in the U.S. Armed Forces, Reserves, or National Guard?",ACS_100,Does this person have a VA service-connected disability rating?,Veterans,related_but_distinct,related_but_distinct,high,high,"Question A identifies whether someone has any history of military service (ever served), while Question B asks about a specific current outcome of military service (VA disability rating). A person could have served in the military but not have a VA service-connected disability rating, and conversely, someone with a rating must have served but the questions measure different dimensions. These are related concepts within the veteran topic but capture distinct information.","Question A asks whether the respondent has ever served on active duty (a lifetime measure of military service), while Question B asks whether the person currently has a VA service-connected disability rating (a status based on VA determination). The latter is a narrower, contingent measure that implies some service but excludes veterans without a VA rating and does not capture service history, so they are related but ask different specific things.",no,no,ever (lifetime),ever (lifetime),current status (not specified),not specified,True
FOODAPS_0118,FOODAPS_163,"Have you ever served on active duty in the U.S. Armed Forces, Reserves, or National Guard?",ACS_101,What is this person’s service-connected disability rating?,Veterans,related_but_distinct,related_but_distinct,high,high,"Question A asks whether someone has ANY history of military service (lifetime screening question), while Question B asks specifically about service-connected disability ratings, which is a narrower subset applying only to those with service-related disabilities. These address different aspects of veteran status: one is about service history, the other about disability compensation eligibility/status. They are related but measure distinct constructs and would not be interchangeable.","Question A asks about lifetime military service (whether the person ever served on active duty), while Question B asks about a service-connected disability rating, which pertains to VA disability status. The disability rating only applies to veterans with a recognized service-connected condition and does not identify all who have served, so the two questions address related but different attributes.",no,partial,ever (lifetime),ever (lifetime),not specified,not specified,True
FOODAPS_0119,FOODAPS_164,"Have you ever served on active duty in the U.S. Armed Forces, Reserves, or National Guard?",ACS_98,"Has this person ever served on active duty in the U.S. Armed Forces, Reserves, or National Guard?",Veterans,exact_duplicate,exact_duplicate,high,high,"Both questions ask identical questions about ever serving on active duty in the U.S. Armed Forces, Reserves, or National Guard. The only difference is the grammatical subject (""you"" vs ""this person""), which reflects standard survey administration conventions (self-administered vs. interviewer-administered), but does not change the meaning, reference period, or response format. Both use ""ever"" as the time reference, which is identical.","The two items are identical in content, asking whether the respondent (or the named person) has ever served on active duty in U.S. military components; the only difference is pronoun (self vs. proxy phrasing). Both imply the same lifetime reference period and a yes/no response format, so meaning and response structure are equivalent.",yes,yes,not specified,ever (lifetime),not specified,ever (lifetime),True
FOODAPS_0120,FOODAPS_164,"Have you ever served on active duty in the U.S. Armed Forces, Reserves, or National Guard?",ACS_99,When did this person serve on active duty in the U.S. Armed Forces?,Veterans,response_format_mismatch,response_format_mismatch,high,high,"Both questions address military service history, but they differ fundamentally in response format and intent. Question A uses a yes/no binary format asking about lifetime service experience, while Question B assumes service occurred and requests specific timing information (when), making it a follow-up question rather than a screener. Question A cannot be answered by the ACS question's response format, and vice versa.",Question A is a lifetime yes/no question about ever serving (and explicitly includes Reserves and National Guard). Question B asks for timing (when) of active duty service rather than a yes/no and does not mention Reserves or National Guard. Thus they address the same core concept (service) but use different response formats and slightly different coverage.,partial,partial,lifetime (ever),ever,not specified,not specified,True
FOODAPS_0121,FOODAPS_164,"Have you ever served on active duty in the U.S. Armed Forces, Reserves, or National Guard?",ACS_100,Does this person have a VA service-connected disability rating?,Veterans,related_but_distinct,related_but_distinct,high,high,"Question A identifies individuals with any history of military service, while Question B identifies a specific subset of veterans with VA-rated disabilities. Question A is broader and prerequisite to Question B—one cannot have a VA service-connected disability rating without prior military service—but they measure different constructs: service history versus disability status. These questions capture distinct information about veterans and cannot be used interchangeably.","Question A asks about ever having served on active duty (military service history), while Question B asks whether the person currently has a VA service‑connected disability rating (a benefits/medical adjudication). These are different constructs—service status versus VA disability status—and having one does not reliably imply the other.",no,no,lifetime (ever),ever (lifetime),not specified (current status),current (at time of survey),True
FOODAPS_0122,FOODAPS_164,"Have you ever served on active duty in the U.S. Armed Forces, Reserves, or National Guard?",ACS_101,What is this person’s service-connected disability rating?,Veterans,related_but_distinct,related_but_distinct,high,high,"Question A asks about ever serving in the Armed Forces (a binary yes/no about military service history), while Question B asks about a specific disability rating (a VA benefit outcome for service-connected disabilities). These are related veteran-status concepts but measure different things: one captures service participation, the other captures a specific disability benefit determination. Someone could serve without having a service-connected disability rating, and the questions address fundamentally different information.","Question A asks a binary lifetime status—whether the person ever served on active duty—whereas Question B asks for a service-connected disability rating (a numeric/current attribute) tied to military service. They address the same topical domain (veterans) but ask different specific things and use different response formats, so they are distinct. Question B cannot reliably substitute for A because many veterans have no service-connected disability rating and some ratings may be zero or missing.",no,partial,lifetime (ever),ever (lifetime),not specified,not specified,True
FOODAPS_0123,FOODAPS_165,"Have you ever served on active duty in the U.S. Armed Forces, Reserves, or National Guard?",ACS_98,"Has this person ever served on active duty in the U.S. Armed Forces, Reserves, or National Guard?",Veterans,exact_duplicate,exact_duplicate,high,high,"Both questions ask identical questions about lifetime military service in the U.S. Armed Forces, Reserves, or National Guard. The only difference is grammatical perspective (""you"" vs ""this person""), which reflects survey administration mode but does not change the core concept, reference period, or response format. Both use the same categorical scope and lifetime frame.","Both questions ask whether the person has ""ever"" served on active duty in the U.S. Armed Forces, Reserves, or National Guard, which gives the same lifetime reference period and implies the same yes/no response format. The only difference is perspective/pronoun (first-person 'you' vs third-person 'this person'), which does not change meaning or measurement.",yes,yes,ever (lifetime),ever (lifetime),ever (lifetime),ever (lifetime),True
FOODAPS_0124,FOODAPS_165,"Have you ever served on active duty in the U.S. Armed Forces, Reserves, or National Guard?",ACS_99,When did this person serve on active duty in the U.S. Armed Forces?,Veterans,related_but_distinct,response_format_mismatch,high,high,"Question A asks whether someone has EVER served (lifetime prevalence), using a yes/no format to establish veteran status. Question B presupposes service has occurred and asks WHEN it happened, seeking temporal information rather than confirmation of service. These address different analytical needs: A determines if someone is a veteran, B characterizes their service timing. They are complementary rather than equivalent.","Question A asks a lifetime yes/no about having ever served, explicitly mentioning Reserves and National Guard; Question B asks for the timing of active-duty service (a date/period) for the U.S. Armed Forces. The core concept (military service) is the same, but the response formats differ (binary vs. timing) and B does not explicitly list Reserves/Guard, so they are not interchangeable without reformatting or follow-up.",partial,partial,lifetime (ever),ever (lifetime),not specified,when (time/date of service; not limited),False
FOODAPS_0125,FOODAPS_165,"Have you ever served on active duty in the U.S. Armed Forces, Reserves, or National Guard?",ACS_100,Does this person have a VA service-connected disability rating?,Veterans,related_but_distinct,related_but_distinct,high,high,"Question A identifies whether someone has ever served in the Armed Forces, while Question B identifies only those with a VA service-connected disability rating—a subset of veterans. Someone could answer 'yes' to A but 'no' to B if they served but have no disability rating, or theoretically answer 'yes' to B without the A question capturing their service history. These measure different aspects of veteran status.","Question A asks about lifetime military service (ever served on active duty), while Question B asks about current VA service-connected disability rating. They address related veteran status topics but measure different constructs: service history versus a VA-recognized disability/status. Thus they are related but not interchangeable.",partial,no,lifetime (ever),ever,not specified (current status),not specified,True
FOODAPS_0126,FOODAPS_165,"Have you ever served on active duty in the U.S. Armed Forces, Reserves, or National Guard?",ACS_101,What is this person’s service-connected disability rating?,Veterans,related_but_distinct,related_but_distinct,high,high,"Question A asks whether someone has ever served in the U.S. Armed Forces, which is a binary indicator of veteran status based on service history. Question B asks about service-connected disability rating, which is a specific benefit determination by the VA for disabilities incurred or aggravated during military service. These measure different constructs: one identifies military service experience, the other identifies disability compensation eligibility and level. Question B is only applicable to a subset of veterans (those with service-connected disabilities) and does not capture all veterans.","Question A asks a lifetime yes/no about whether the respondent ever served on active duty (veteran status). Question B asks for a service-connected disability rating (a measure applying only to veterans and typically a numeric/current rating), so it captures a different specific attribute and uses a different response concept. Because many veterans have no service‑connected rating and non-veterans cannot have one, the two are related by topic but not equivalent or interchangeable.",no,no,lifetime (ever),ever,not specified,not specified,True
FOODAPS_0127,FOODAPS_166,"Have you ever served on active duty in the U.S. Armed Forces, Reserves, or National Guard?",ACS_98,"Has this person ever served on active duty in the U.S. Armed Forces, Reserves, or National Guard?",Veterans,exact_duplicate,exact_duplicate,high,high,"Both questions use identical wording and structure, asking about lifetime service in the U.S. Armed Forces, Reserves, or National Guard with no specified time frame limitation. The only difference is the subject reference (""you"" vs ""this person""), which is a stylistic variation based on survey administration mode rather than a substantive difference in the question content.","Both questions ask the same lifetime concept of having served on active duty in the U.S. Armed Forces, Reserves, or National Guard and use the same implicit reference period (“ever”) and a yes/no response format. The only surface difference is pronoun/person (direct self-addressing in A vs third-person/proxy wording in B), which does not change the substantive meaning of the question.",yes,yes,ever (lifetime),ever (lifetime),ever (lifetime),ever (lifetime),True
FOODAPS_0128,FOODAPS_166,"Have you ever served on active duty in the U.S. Armed Forces, Reserves, or National Guard?",ACS_99,When did this person serve on active duty in the U.S. Armed Forces?,Veterans,response_format_mismatch,response_format_mismatch,high,high,"Both questions address military service history, but Question A uses a yes/no format asking if someone has EVER served, while Question B presumes service has occurred and asks WHEN it happened. Question A determines whether someone is a veteran, while Question B seeks specific timing details only for those who served. These are fundamentally different response formats that cannot be directly equated.","Question A asks a lifetime yes/no about ever serving (including Reserves and National Guard), while Question B requests the timing/date of active duty service. B is a follow-up/temporal question (different response format) and may be conditional on having served; it also does not explicitly list Reserves/National Guard as A does. These differences make the pair primarily a response-format (and slight scope) mismatch rather than identical items.",partial,partial,lifetime (ever),ever (lifetime),not specified,not specified (asks for timing of service),True
FOODAPS_0129,FOODAPS_166,"Have you ever served on active duty in the U.S. Armed Forces, Reserves, or National Guard?",ACS_100,Does this person have a VA service-connected disability rating?,Veterans,related_but_distinct,related_but_distinct,high,high,"Question A identifies whether someone has ever served in the military (lifetime service history), while Question B identifies a specific current outcome of military service—having a VA service-connected disability rating. These are fundamentally different concepts: all service members do not have VA disability ratings, and the questions measure different dimensions of veteran status. Question A is broader (service history) while Question B is narrower (disability status).","Question A asks about military service history (ever served on active duty or in Reserves/Guard). Question B asks whether the person currently has a VA service‑connected disability rating, which is a status about VA benefits/health rather than service history. These measure related aspects of veteran status but are distinct constructs and would identify different subsets of people.",no,no,lifetime (ever),ever,"current status (not specified, implies present)",not specified,True
FOODAPS_0130,FOODAPS_166,"Have you ever served on active duty in the U.S. Armed Forces, Reserves, or National Guard?",ACS_101,What is this person’s service-connected disability rating?,Veterans,related_but_distinct,related_but_distinct,high,high,"Question A asks about ever serving in the Armed Forces (a binary eligibility question), while Question B asks about a specific disability rating outcome (a conditional question only asked of veterans). These are related within the veteran topic but measure fundamentally different constructs: military service history vs. disability status among those with service. Question A is a screening/eligibility question while Question B is a characteristic question for an already-identified subpopulation.","Question A asks a lifetime yes/no about ever serving on active duty. Question B asks for a service‑connected disability rating (a current numeric/administrative status tied to VA disability), which is a different construct and uses a different response format. The disability rating does not reliably indicate whether someone ever served (e.g., veterans with no rating or non‑veterans would differ), so the items are related by topic but distinct in intent and measurement.",no,no,lifetime (ever),ever (lifetime),not specified,not specified,True
FOODAPS_0131,FOODAPS_167,Were you on active duty ONLY FOR TRAINING in the Reserves or National Guard?,ACS_98,"Has this person ever served on active duty in the U.S. Armed Forces, Reserves, or National Guard?",Veterans,related_but_distinct,related_but_distinct,high,high,"Question A specifically targets active duty training only in Reserves/National Guard, while Question B asks about ever serving on active duty in any branch including Reserves or National Guard. Question A is narrower in scope (training-only) and would capture a subset of respondents who might answer yes to Question B. These measure different concepts within the veterans domain: Question A excludes those with combat or non-training active duty experience.","Question A asks a narrow, conditional fact — whether the respondent’s active duty in the Reserves or National Guard was only for training. Question B asks a broader lifetime question about any active duty service in the U.S. Armed Forces, Reserves, or National Guard and does not distinguish training-only service. Because A and B address different specific attributes (training-only status vs any active-duty service), they are related but not equivalent.",no,no,not specified,not specified,not specified,ever,True
FOODAPS_0132,FOODAPS_167,Were you on active duty ONLY FOR TRAINING in the Reserves or National Guard?,ACS_99,When did this person serve on active duty in the U.S. Armed Forces?,Veterans,related_but_distinct,related_but_distinct,high,high,"Question A asks specifically about active duty training ONLY in Reserves/National Guard, which is a narrow subset of military service. Question B asks when someone served on active duty in the U.S. Armed Forces generally, without distinguishing between training-only service and other active duty types. These are asking different specific things within the broader veterans topic: one targets a particular category of limited service while the other captures all active duty service.",Question A asks a binary status about whether the respondent was on active duty only for training and specifically references Reserves or National Guard. Question B asks for the timing of any active duty service in the U.S. Armed Forces (open-ended date/period) and does not distinguish training-only or reserve/guard status. They cover the same broad topic (military service) but ask different specific constructs and use different response formats.,partial,no,not specified,not specified,not specified,not specified,True
FOODAPS_0133,FOODAPS_167,Were you on active duty ONLY FOR TRAINING in the Reserves or National Guard?,ACS_100,Does this person have a VA service-connected disability rating?,Veterans,not_comparable,related_but_distinct,high,high,"These questions address fundamentally different aspects of military service. Question A asks about a specific type of military service (Reserves/National Guard training duty), while Question B asks about disability compensation status resulting from service. Question A is about service classification/history, while Question B is about health/disability outcomes—they measure different constructs despite both relating to veterans.",Question A asks about the nature of military service (whether the respondent's active duty was only for training in the Reserves/National Guard). Question B asks whether the person has a VA service-connected disability rating (a disability/benefit status). These are different constructs—service type vs. disability rating—and one does not imply the other.,no,no,not specified,not specified,not specified,not specified,False
FOODAPS_0134,FOODAPS_167,Were you on active duty ONLY FOR TRAINING in the Reserves or National Guard?,ACS_101,What is this person’s service-connected disability rating?,Veterans,not_comparable,related_but_distinct,high,high,"These questions address entirely different aspects of military service. Question A asks about a specific type of military training duty (Reserves/National Guard training only), while Question B asks about disability rating status resulting from service. Question A is a yes/no eligibility/classification question, whereas Question B seeks a specific disability rating determination, making them distinct concepts despite both relating to veterans.","Question A asks whether the respondent's active duty was limited to training in the Reserves/National Guard (a service status/type yes/no item). Question B asks for the person's service-connected disability rating (a quantitative measure of disability). They address different constructs and use different response formats, so they are related by topic (veterans) but distinct in content.",no,no,not specified,not specified,not specified,not specified,False
FOODAPS_0135,FOODAPS_168,Were you on active duty ONLY FOR TRAINING in the Reserves or National Guard?,ACS_98,"Has this person ever served on active duty in the U.S. Armed Forces, Reserves, or National Guard?",Veterans,related_but_distinct,related_but_distinct,high,high,"Question A asks specifically about active duty training only in Reserves/National Guard, which is a narrow subcategory of military service. Question B asks about any active duty service across all branches including Reserves/National Guard, capturing a much broader lifetime history. These measure different populations: A targets a specific training status while B captures all who have ever served on active duty. The scope and specificity are fundamentally different despite both touching on military service.","Question A asks a narrow condition — whether the respondent was on active duty only for training in the Reserves or National Guard — while Question B asks a broad lifetime question about any active duty service in the U.S. Armed Forces, Reserves, or National Guard. They therefore measure different specific concepts (exclusive training-only service versus any active-duty service), even though both concern veteran/service status.",no,no,not specified (implies current or recent status),not specified,lifetime (ever served),ever (lifetime),True
FOODAPS_0136,FOODAPS_168,Were you on active duty ONLY FOR TRAINING in the Reserves or National Guard?,ACS_99,When did this person serve on active duty in the U.S. Armed Forces?,Veterans,related_but_distinct,related_but_distinct,high,high,"Question A asks specifically about active duty training in Reserves/National Guard (a particular type and component of military service), while Question B asks when someone served on active duty in the Armed Forces generally (any branch, any type). Question A is narrower in scope, targeting a specific military service category rather than overall active duty service. These questions address different aspects of military service history.","Question A asks a specific yes/no about being on active duty only for training in the Reserves or National Guard (a narrow status/role question). Question B asks when the person served on active duty in the U.S. Armed Forces (a timing question about any active duty, with no restriction to Reserves/Guard or training-only service) and uses a different response format. These differences make them related by topic (veteran/service) but asking distinct information.",no,no,not specified,not specified,not specified,not specified,True
FOODAPS_0137,FOODAPS_168,Were you on active duty ONLY FOR TRAINING in the Reserves or National Guard?,ACS_100,Does this person have a VA service-connected disability rating?,Veterans,not_comparable,related_but_distinct,high,high,"Question A asks about military service type (training-only status in Reserves/National Guard), while Question B asks about disability rating from the VA—these measure fundamentally different aspects of veteran status. Question A is about service classification, while Question B is about service-connected disability outcomes. They address different populations and concepts even though both relate to veterans.","Question A asks about a specific type of military duty status (being on active duty only for training in the Reserves/National Guard), while Question B asks about a VA service-connected disability rating. They address different attributes (service/training status vs. disability/service connection) and are not interchangeable.",no,no,not specified (implied current/recent status),not specified,current status (VA rating),current (present status),False
FOODAPS_0138,FOODAPS_168,Were you on active duty ONLY FOR TRAINING in the Reserves or National Guard?,ACS_101,What is this person’s service-connected disability rating?,Veterans,not_comparable,related_but_distinct,high,high,"These questions address fundamentally different aspects of military service. Question A asks about the type and nature of military service (specifically training-only duty in Reserves/National Guard), while Question B inquires about a specific disability outcome resulting from service. They measure different constructs and cannot be used interchangeably.","Question A asks a binary status about the type of military service (whether the respondent was on active duty only for training in the Reserves/National Guard). Question B asks for a service-connected disability rating (a numeric/graded medical benefit measure). They address different constructs and use different response formats, so they are related by topic (veterans) but ask distinct information.",no,no,not specified,not specified,not specified,not specified,False
FOODAPS_0139,FOODAPS_268,"Has NAME ever served on active duty in the U.S. Armed Forces, Reserves, or National Guard?",ACS_98,"Has this person ever served on active duty in the U.S. Armed Forces, Reserves, or National Guard?",Veterans,exact_duplicate,exact_duplicate,high,high,"Both questions ask identical substantive content about lifetime military service in the same three branches (Active Duty, Reserves, National Guard). The only difference is the reference to the respondent (NAME vs. this person), which is a standard survey administration variation rather than a meaningful difference in what is being measured. Both use the same 'ever' time reference with no specified limits.","Both questions ask the same lifetime concept of having served on active duty in the U.S. Armed Forces, Reserves, or National Guard and imply the same yes/no response format. The only wording difference is the referent placeholder (NAME vs. 'this person'), which does not change meaning, timeframe, or response options.",yes,yes,ever (lifetime),ever,ever (lifetime),ever,True
FOODAPS_0140,FOODAPS_268,"Has NAME ever served on active duty in the U.S. Armed Forces, Reserves, or National Guard?",ACS_99,When did this person serve on active duty in the U.S. Armed Forces?,Veterans,response_format_mismatch,response_format_mismatch,high,high,"Both questions address lifetime military service and target the same population, but they differ fundamentally in response format. Question A uses a yes/no binary format to establish whether service occurred, while Question B presupposes service and requests specific timing information (when). Question A cannot be answered using the response categories for Question B, and vice versa—they serve different measurement purposes in the survey workflow.","Question A asks a lifetime yes/no about whether the person has ever served (explicitly including Reserves and National Guard), while Question B asks for the timing of active duty service (a date/period). That is the same substantive topic (military service) but different response formats and a small scope wording difference (A explicitly names Reserves/National Guard; B refers to active duty in the U.S. Armed Forces without that explicit inclusion).",partial,partial,ever (lifetime),ever (lifetime),not specified (implies lifetime but requests timing details),not specified (asks for timing/dates of service),True
FOODAPS_0141,FOODAPS_268,"Has NAME ever served on active duty in the U.S. Armed Forces, Reserves, or National Guard?",ACS_100,Does this person have a VA service-connected disability rating?,Veterans,related_but_distinct,related_but_distinct,high,high,"Question A asks whether someone has ever served in the armed forces (lifetime military service history), while Question B asks about current VA disability rating status (a specific benefit outcome). A person could have served in the military without having a VA service-connected disability rating, and conversely, this question doesn't distinguish between those with and without service. These measure different aspects of veteran status.","Question A asks about lifetime active-duty service history (ever served in the Armed Forces, Reserves, or National Guard). Question B asks whether the person currently has a VA service-connected disability rating (a benefit/status), which is related to but not identical to having served — many who served have no VA rating and a VA rating does not capture full service history. Therefore they cover the same topical domain (veterans) but ask different specific constructs.",no,no,ever (lifetime),ever,not specified (current status),current,True
FOODAPS_0142,FOODAPS_268,"Has NAME ever served on active duty in the U.S. Armed Forces, Reserves, or National Guard?",ACS_101,What is this person’s service-connected disability rating?,Veterans,related_but_distinct,related_but_distinct,high,high,"Question A asks whether a person has ever served in the Armed Forces (a yes/no eligibility question), while Question B assumes prior service and asks about the specific disability rating resulting from that service. These are sequential questions in a veteran screening flow—A determines veteran status, B applies only to veterans. They measure different constructs: service history vs. service-connected disability severity.","Question A asks about ever having served on active duty (service history), while Question B asks about the person’s service-connected disability rating (a current/administrative status tied to military service). They address different attributes (service participation vs. disability rating/degree) and use different response formats (yes/no versus a rating/percent), so they are related but not equivalent.",no,no,lifetime (ever),ever,not specified,not specified,True
FOODAPS_0143,FOODAPS_269,Was Name on active duty ONLY FOR TRAINING in the Reserves or National Guard?,ACS_98,"Has this person ever served on active duty in the U.S. Armed Forces, Reserves, or National Guard?",Veterans,related_but_distinct,related_but_distinct,high,high,"Question A specifically asks about active duty ONLY FOR TRAINING in Reserves/National Guard, which is a narrow subcategory of military service. Question B asks about ever serving on active duty in Armed Forces, Reserves, or National Guard without the training-only restriction. Question A would capture only a subset of responses to Question B, making them measure different populations rather than the same concept.","Question A asks specifically whether the person was on active duty only for training in the Reserves or National Guard (an exclusive, training-only subset and limited to Reserves/NG). Question B asks whether the person ever served on active duty in the U.S. Armed Forces, Reserves, or National Guard (a broader, inclusive ""ever served"" question). These differences in scope (training-only vs any active duty) and explicit reference period (A unspecified vs B = ever) make them distinct.",no,partial,not specified,not specified,lifetime (ever),ever,True
FOODAPS_0144,FOODAPS_269,Was Name on active duty ONLY FOR TRAINING in the Reserves or National Guard?,ACS_99,When did this person serve on active duty in the U.S. Armed Forces?,Veterans,related_but_distinct,related_but_distinct,high,high,"Question A specifically targets active duty training only in Reserves/National Guard (a narrow subset of military service), while Question B asks broadly when someone served on active duty in any U.S. Armed Forces branch without limiting to training-only or reserve components. Question A is asking about a specific type of service to exclude it or identify it, whereas Question B is collecting timing information about active duty service generally. These are asking fundamentally different things despite both relating to military service.",Question A asks a specific yes/no about whether the respondent's active duty was ONLY for training in the Reserves or National Guard (type/character of service). Question B asks when the person served on active duty (timing/dates) for any service in the U.S. Armed Forces. They address overlapping topic (veteran status/service) but ask different specific information and use different response formats.,no,no,not specified,not specified,not specified,not specified,True
FOODAPS_0145,FOODAPS_269,Was Name on active duty ONLY FOR TRAINING in the Reserves or National Guard?,ACS_100,Does this person have a VA service-connected disability rating?,Veterans,related_but_distinct,related_but_distinct,high,high,"Both questions relate to veterans but measure fundamentally different concepts. Question A asks about the type of military service (training-only in Reserves/National Guard), which is a characteristic of service history. Question B asks about disability rating status resulting from military service, which is a health/benefits outcome. These are distinct dimensions of veteran status that cannot substitute for one another.",Question A asks about a specific type/status of military service (whether the person was on active duty only for training in the Reserves or National Guard). Question B asks about a VA service-connected disability rating (a benefits/medical status). These are different attributes (service/training status vs. disability rating) with no overlap in meaning or intended information.,no,no,not specified,not specified,not specified,not specified,True
FOODAPS_0146,FOODAPS_269,Was Name on active duty ONLY FOR TRAINING in the Reserves or National Guard?,ACS_101,What is this person’s service-connected disability rating?,Veterans,not_comparable,related_but_distinct,high,high,"These questions address fundamentally different aspects of military service. Question A asks about a specific type of duty status (training-only in Reserves/National Guard), while Question B asks about disability rating outcomes from service. Question A is a yes/no binary about service type, whereas Question B requests a disability rating value. They do not measure the same construct.","Question A asks a yes/no about whether the person was on active duty only for training in the Reserves or National Guard, a status/event question about type of service. Question B asks for the person's service-connected disability rating, a numeric/percentage health/benefit measure. These are different constructs (service status vs disability rating) and have different response formats, so they are related by the general topic of veterans but ask distinct information.",no,no,not specified,not specified,not specified,not specified,False
FOODAPS_0147,FOODAPS_270,Is Name currently on active duty?,ACS_98,"Has this person ever served on active duty in the U.S. Armed Forces, Reserves, or National Guard?",Veterans,reference_period_mismatch,reference_period_mismatch,high,high,"Both questions address military service but measure fundamentally different concepts: Question A asks about current active duty status (present tense), while Question B asks about any lifetime history of active duty service. An individual could answer 'no' to A but 'yes' to B (a veteran no longer on active duty), making them measure distinct populations despite related topic matter.","Question A asks about the respondent's present status (whether currently on active duty), while Question B asks whether the person has ever served on active duty, a lifetime/ever time frame. B also explicitly mentions Reserves and National Guard whereas A does not, so B is broader in both time frame and scope.",no,no,current/present time,current (at time of survey),lifetime/ever,ever / lifetime (at any time in the past),True
FOODAPS_0148,FOODAPS_270,Is Name currently on active duty?,ACS_99,When did this person serve on active duty in the U.S. Armed Forces?,Veterans,related_but_distinct,reference_period_mismatch,high,high,"Question A asks about current active duty status (present tense), while Question B asks when the person served historically (past tense). Question A identifies those actively serving now, while Question B captures all military service history regardless of current status. These are complementary but distinct measures—someone could answer 'no' to A but have a response to B, or vice versa.","Question A asks about present status (a current yes/no active-duty indicator). Question B asks for the timing of service (when the person served), which solicits dates/years and covers historical service rather than a simple current-status snapshot. The difference is both in reference period (present vs. past/when) and in response format (yes/no vs. date/period) so they are not equivalent.",no,partial,current/present,current/present (asks if currently on active duty),lifetime/any period,"time of service (asks when the person served — date(s)/years, i.e., past or historical period)",False
FOODAPS_0149,FOODAPS_270,Is Name currently on active duty?,ACS_100,Does this person have a VA service-connected disability rating?,Veterans,related_but_distinct,related_but_distinct,high,high,"Question A asks about current active duty status (a service status indicator), while Question B asks about VA service-connected disability rating (a benefit/health outcome determination). These are distinct concepts that measure different aspects of military service: one captures ongoing military service status, the other captures a disability determination related to prior service. A person could be on active duty without a disability rating, or have a disability rating without being on active duty.","Question A asks about current military active-duty status (whether the person is presently serving), while Question B asks whether the person has a VA service-connected disability rating (a benefits/medical determination tied to prior service). These are different constructs and populations (active-duty service members vs veterans with service-connected disabilities) and are not interchangeable.",no,no,current/present,current (at time of survey),not specified,not specified,True
FOODAPS_0150,FOODAPS_270,Is Name currently on active duty?,ACS_101,What is this person’s service-connected disability rating?,Veterans,related_but_distinct,related_but_distinct,high,high,"Question A asks about current active duty status (a binary military service status), while Question B asks about service-connected disability rating (a VA benefits determination based on service-related injuries/conditions). These are distinct concepts: one measures current military employment status, the other measures disability benefits eligibility/level. A person could be on active duty without a service-connected disability rating, or have a disability rating without being on active duty.","Question A asks about current active duty status (a binary workforce/membership status). Question B asks about a service-connected disability rating (a clinical/benefits attribute, typically expressed as a percent or rating level). They address related veteran characteristics but measure different constructs and use different response formats.",no,no,current status (present tense),currently,not specified,not specified,True
FOODAPS_0151,FOODAPS_250,Does NAME have their own email address?,ACS_45,"At this house, apartment, or mobile home – do you or any member of this household own or use any of the following types of computers?",Computer & Internet Use,related_but_distinct,related_but_distinct,high,high,"While both questions relate to technology access, Question A specifically asks about individual email account ownership, whereas Question B asks about household-level computer ownership or use across multiple device types. Question A measures a specific communication tool at the individual level, while Question B measures broader device access at the household level. These represent different concepts within the general domain of digital connectivity.",Question A asks at the individual level whether a named person has their own email address. Question B asks at the household level whether any household member owns or uses particular types of computers; it does not ask about email addresses or identify which person uses devices. These measure different specific constructs (individual email ownership vs. household device ownership/use) and are not interchangeable.,no,no,not specified,not specified,not specified,not specified,True
FOODAPS_0152,FOODAPS_250,Does NAME have their own email address?,ACS_46,"At this house, apartment, or mobile home – do you or any member of this household have access to the Internet?",Computer & Internet Use,related_but_distinct,related_but_distinct,high,high,"While both questions address internet/digital access, they measure different constructs. Question A asks about individual email account ownership (a specific service), whereas Question B asks about household-level internet access (the infrastructure). A person can have internet access without an email address, or have an email address without household internet access. These capture distinct dimensions of digital engagement.","Question A asks about an individual-level attribute (whether a named person has their own email address). Question B asks a household-level access question about whether any household member has Internet access. These are related to digital connectivity but measure different concepts (email account ownership vs Internet access) and different units of analysis, so they are not interchangeable.",no,no,not specified,not specified,not specified,not specified,True
FOODAPS_0153,FOODAPS_250,Does NAME have their own email address?,ACS_47,"Do you or any member of this household have access to the Internet using a – Yes No a. cellular data plan for a smartphone or other mobile device? b. broadband (high speed) Internet service such as cable, fiber optic, or DSL service installed in this household? c. satellite Internet service installed in this household? d. dial-up Internet service installed in this household? e. some other service?",Computer & Internet Use,not_comparable,related_but_distinct,high,high,"Question A asks about individual email account ownership, which is a specific communication tool unrelated to internet access capability. Question B asks about household-level internet access through various service types, measuring connectivity infrastructure rather than email adoption. These address fundamentally different concepts: email ownership (a service/application) versus internet access (infrastructure/connectivity).","Question A asks whether an individual has their own email address, while Question B asks about household-level access to various types of Internet service. They differ in unit of analysis (person vs household), the construct measured (email account ownership vs internet access/connection types), and the set of response items (single yes/no vs multiple subitems). These differences mean they are related by topic (computer/internet use) but ask distinct things.",no,no,not specified,not specified,not specified,not specified,False
FOODAPS_0154,FOODAPS_251,What is NAME’s email address?,ACS_45,"At this house, apartment, or mobile home – do you or any member of this household own or use any of the following types of computers?",Computer & Internet Use,not_comparable,related_but_distinct,high,high,"Question A requests contact information (email address) for an individual, while Question B asks about household ownership/use of computer types. These address fundamentally different concepts: one collects personal contact details for survey administration purposes, the other measures household technology access and digital infrastructure. They share neither the same measurement objective nor the same unit of analysis (individual vs. household).","Question A requests an individual’s email address (personal contact information), while Question B asks whether any household member owns or uses particular types of computers (device ownership/use). They cover the same broad topical area (technology/Internet access) but ask fundamentally different constructs and data types, so they are distinct.",no,no,not specified,not specified,not specified,not specified,False
FOODAPS_0155,FOODAPS_251,What is NAME’s email address?,ACS_46,"At this house, apartment, or mobile home – do you or any member of this household have access to the Internet?",Computer & Internet Use,not_comparable,related_but_distinct,high,high,"These questions address fundamentally different concepts within the broad topic of technology/internet. Question A collects contact information (an email address), while Question B assesses household internet access capability. Question A is about obtaining a specific data point for survey administration purposes, whereas Question B measures a household characteristic related to digital connectivity. They have no overlapping informational content.","Question A requests an individual’s email address (open-ended contact information), while Question B asks a household-level yes/no about Internet access. They differ in unit of analysis (person vs household), response format (text vs binary), and substantive content, so they are related by topic but ask distinct things.",no,no,not specified,not specified,not specified,not specified,False
FOODAPS_0156,FOODAPS_251,What is NAME’s email address?,ACS_47,"Do you or any member of this household have access to the Internet using a – Yes No a. cellular data plan for a smartphone or other mobile device? b. broadband (high speed) Internet service such as cable, fiber optic, or DSL service installed in this household? c. satellite Internet service installed in this household? d. dial-up Internet service installed in this household? e. some other service?",Computer & Internet Use,not_comparable,related_but_distinct,high,high,"Question A requests an email address (contact information), while Question B assesses household Internet access across multiple service types. These are fundamentally different constructs: one is about obtaining personal communication data, the other measures digital infrastructure access. They do not address the same concept despite both relating broadly to Internet/digital topics.","Question A requests a respondent's email address (a contact identifier, open-text), while Question B asks which types of Internet access the household or its members have (a set of yes/no items about availability). They address the same general domain (computer/Internet use) but measure entirely different constructs and use different response formats.",no,no,not specified,not specified,not specified,not specified,False
FOODAPS_0157,FOODAPS_252,"We can also send updates, notifications, and survey links via text message. Would [Name] like us to contact them by text message?",ACS_45,"At this house, apartment, or mobile home – do you or any member of this household own or use any of the following types of computers?",Computer & Internet Use,not_comparable,not_comparable,high,high,"Question A asks about consent to contact via text message for survey purposes, while Question B asks about household computer ownership and use. These are fundamentally different concepts: one concerns survey administration methodology/respondent preferences, while the other concerns household assets and digital access. Despite both touching on communication technology, they measure entirely distinct constructs.","Question A asks an individual's consent/preference to be contacted by text message for updates and survey links. Question B asks whether any household member owns or uses particular types of computers (ownership/use at the household level). They address different constructs (contact permission vs device ownership/use), different units of analysis, and different purposes, so they are not comparable.",no,no,not specified,not specified,not specified,not specified,True
FOODAPS_0158,FOODAPS_252,"We can also send updates, notifications, and survey links via text message. Would [Name] like us to contact them by text message?",ACS_46,"At this house, apartment, or mobile home – do you or any member of this household have access to the Internet?",Computer & Internet Use,not_comparable,related_but_distinct,high,high,"These questions address fundamentally different concepts within the broad topic of technology/communications. Question A asks about consent for contact via text messaging as a survey administration method, while Question B asks about household access to internet as a resource/service. Question A is about survey methodology preferences, not about internet/computer access, making them distinct despite both touching on digital communication.","Question A asks an individual-level communication preference/consent to receive text messages for survey contact. Question B asks whether anyone in the household has Internet access (a measure of connectivity/capability) and is household-level. They address different constructs (consent/contact method vs. access to internet) and different units of analysis, so they are related by topic but distinct in purpose and target.",no,no,not specified,not specified,not specified,not specified,False
FOODAPS_0159,FOODAPS_252,"We can also send updates, notifications, and survey links via text message. Would [Name] like us to contact them by text message?",ACS_47,"Do you or any member of this household have access to the Internet using a – Yes No a. cellular data plan for a smartphone or other mobile device? b. broadband (high speed) Internet service such as cable, fiber optic, or DSL service installed in this household? c. satellite Internet service installed in this household? d. dial-up Internet service installed in this household? e. some other service?",Computer & Internet Use,not_comparable,related_but_distinct,high,high,"Question A asks about consent to receive text message contact from survey administrators, which is a survey administration/methodology question. Question B asks about household access to various types of Internet service, which is a substantive data collection question about technology access. These are fundamentally different purposes: one is operational/logistical while the other is substantive measurement of a household characteristic.","Question A asks an individual's consent/preference to be contacted by text message for updates and survey links. Question B asks household-level presence of various types of Internet access (including a cellular data plan) and does not ask about permission to be contacted or about receiving texts. The topics overlap superficially (mobile connectivity) but differ in purpose, unit (person vs household), and specific information collected.",no,no,not specified,not specified,not specified,not specified,False
FOODAPS_0160,FOODAPS_253,Please enter the cell phone number where NAME wishes to receive text messages,ACS_45,"At this house, apartment, or mobile home – do you or any member of this household own or use any of the following types of computers?",Computer & Internet Use,not_comparable,not_comparable,high,high,"Question A asks for a cell phone number for text message contact preference in the context of a food assistance survey (FoodAPS), which is a survey administration/logistics question. Question B asks about household computer and internet device ownership, which is a substantive demographic/socioeconomic characteristic. These address entirely different concepts: one is about survey communication methods, the other is about household technology access.",Question A requests a specific cell phone number for receiving text messages (a contact/administrative data item). Question B asks whether household members own or use particular types of computers (a substantive item about device ownership/use). They address entirely different constructs and use different response formats (a phone-number entry vs. yes/no or checkbox items).,no,no,not specified,not specified,not specified,not specified,True
FOODAPS_0161,FOODAPS_253,Please enter the cell phone number where NAME wishes to receive text messages,ACS_46,"At this house, apartment, or mobile home – do you or any member of this household have access to the Internet?",Computer & Internet Use,not_comparable,not_comparable,high,high,"Question A asks for a cell phone number for text message contact preferences, which is a logistical/contact information item, while Question B asks about household Internet access, which measures technology availability. These address fundamentally different concepts: one is about communication preferences/contact methods, the other is about digital infrastructure access. Despite both relating to technology, they are measuring distinct aspects with no meaningful overlap.","Question A requests a specific cell phone number for sending text messages to a named person (contact information / consent for texting). Question B asks a household-level yes/no about Internet access. They address different constructs (contact info vs access), different respondent units (individual named person vs any household member), and have different response formats and purposes, so they are not comparable.",no,no,not specified,not specified,not specified,not specified,True
FOODAPS_0162,FOODAPS_253,Please enter the cell phone number where NAME wishes to receive text messages,ACS_47,"Do you or any member of this household have access to the Internet using a – Yes No a. cellular data plan for a smartphone or other mobile device? b. broadband (high speed) Internet service such as cable, fiber optic, or DSL service installed in this household? c. satellite Internet service installed in this household? d. dial-up Internet service installed in this household? e. some other service?",Computer & Internet Use,not_comparable,related_but_distinct,high,high,"Question A requests a contact phone number for text message delivery (a data collection mechanism), while Question B asks whether household members have access to Internet service via various technologies (a substantive measurement of connectivity). These serve fundamentally different purposes: one is administrative/operational for the survey itself, the other measures a household characteristic. They are not asking about the same concept despite both involving mobile/internet technology.","Question A requests a respondent's cell phone number for text messaging (contact information / communication preference). Question B asks about household members' access to various types of Internet service (a measure of connectivity/type of service) using yes/no items. They share a broad communications/technology topic but measure different constructs and use different response formats, so they are distinct.",no,no,not specified,not specified,not specified,not specified,False
FOODAPS_0163,FOODAPS_110,Are you/Is anyone in your household currently pregnant,ACS_94,"In the PAST 12 MONTHS, has this person given birth to any children?",Fertility,related_but_distinct,related_but_distinct,high,high,"While both questions address fertility, they measure fundamentally different constructs: Question A assesses current pregnancy status (a state at a point in time), whereas Question B measures past childbearing events (a behavior or outcome over a period). A woman could answer 'no' to Question A (not currently pregnant) while answering 'yes' to Question B (gave birth in the past year). These questions capture different fertility-related information and cannot substitute for one another.","Question A asks about current pregnancy status (household-level: anyone currently pregnant). Question B asks whether the individual gave birth in the past 12 months (person-level and about births rather than ongoing pregnancies). The questions address related fertility topics but ask about different events, referents, and time frames, so they are distinct.",no,no,current status (present tense),current/present,past 12 months,past 12 months,True
FOODAPS_0164,FOODAPS_56,What is NAME’s relationship to you?,ACS_21,What is Person 1’s name? How is this person related to Person 1?,Relationship,near_duplicate,near_duplicate,high,high,"Both questions ask about household relationship to a reference person, which is the core concept for classifying household members. The main difference is that Question A directly asks for the relationship to the respondent (NAME), while Question B asks how Person X is related to Person 1 (establishing a reference person first). Despite this procedural difference, they capture the same relational information needed for household composition. The wording variation is minor and does not materially change the meaning or response requirements.","Both questions ask for the kinship/relationship of one person to a reference person (i.e., who is this person in relation to someone else). The main difference is the reference framing: A asks relationship to “you” (the respondent), while B asks relationship to “Person 1” (a designated household reference person), but this is a minor wording/referral difference and does not change the core concept or expected response format. ",partial,partial,not specified,not specified,not specified,not specified,True
FOODAPS_0165,FOODAPS_56,What is NAME’s relationship to you?,ACS_26,What is Person 2’s name? How is this person related to Person 1?,Relationship,near_duplicate,exact_duplicate,high,high,"Both questions ask about the relationship between the respondent (or reference person) and another household member. Question A uses a direct address format ('NAME') while Question B uses positional numbering ('Person 2' to 'Person 1'), but they elicit identical information about household relationships. The minor wording and format differences do not change the core meaning or intent of the question.","Both questions ask for the relationship of one named person to a designated reference person (Q A uses 'you', Q B uses 'Person 1'), which in household surveys functions identically as the reference/respondent. No reference period is specified and the intended response format (relationship category) is the same, so the core meaning and use are effectively identical.",yes,partial,not specified,not specified,not specified,not specified,False
FOODAPS_0166,FOODAPS_56,What is NAME’s relationship to you?,ACS_31,What is Person 3’s name? How is this person related to Person 1?,Relationship,exact_duplicate,exact_duplicate,high,high,Both questions ask for the same core information: the relationship between a household member and a reference person. Question A asks directly 'What is NAME's relationship to you?' while Question B asks 'How is this person related to Person 1?' These are functionally equivalent despite minor wording differences in how the relationship information is elicited. Both capture household relationship data with no differences in reference period or response format.,"Both questions ask for the same piece of information — the relationship of a named household member to the reference person (the respondent/Person 1). The ACS wording includes an additional prompt to record the person's name first, but that does not change the substantive relationship question or likely response options. There is no difference in time frame or response format implied by the texts.",yes,yes,not specified,not specified,not specified,not specified,True
FOODAPS_0167,FOODAPS_62,Is NAME’s spouse a member of this household?,ACS_21,What is Person 1’s name? How is this person related to Person 1?,Relationship,related_but_distinct,response_format_mismatch,high,high,"Both questions address household relationships, but they operate at different levels of the data collection process. Question A directly asks about spouse presence (yes/no determination), while Question B asks for the respondent's name and their relationship to Person 1 as part of roster construction. Question A targets a specific relationship type for a named individual, whereas Question B is a foundational roster question establishing all household members' relationships to the reference person.",Question A asks directly whether a named person's spouse is a household member (a yes/no binary). Question B collects each household member's name and relationship to Person 1 (categorical relationship data) from which spouse presence can be inferred. The core concept (identifying a spouse in the household) is the same but the response formats and survey context differ.,partial,yes,not specified,not specified,not specified,not specified,False
FOODAPS_0168,FOODAPS_62,Is NAME’s spouse a member of this household?,ACS_26,What is Person 2’s name? How is this person related to Person 1?,Relationship,related_but_distinct,response_format_mismatch,high,high,"Both questions address household relationships, but they differ fundamentally in scope and approach. Question A is a yes/no filter question about a specific relationship (spouse membership), while Question B uses an open-ended name collection followed by a categorical relationship question that captures all household members' relationships to a reference person. Question A assumes a spouse exists and asks about presence; Question B establishes relationships for all household members regardless of type.","Both questions address whether a spouse is present/identified in the household, but they use different response formats: Question A is a direct yes/no about whether NAME’s spouse is a household member, while Question B elicits Person 2’s name and asks how Person 2 is related to Person 1 (from which spouse status must be inferred). Question B also collects more detailed information (name plus relationship) rather than a simple membership flag.",partial,partial,not specified,not specified,not specified,not specified,False
FOODAPS_0169,FOODAPS_62,Is NAME’s spouse a member of this household?,ACS_31,What is Person 3’s name? How is this person related to Person 1?,Relationship,related_but_distinct,related_but_distinct,high,high,"Both questions address household relationships, but Question A targets a specific relationship type (spouse presence) with a yes/no format, while Question B uses an open-ended relationship categorization approach applicable to any household member. Question A focuses narrowly on spouse status for a named individual, whereas Question B captures the full range of household relationships in a relational matrix format (comparing any person to Person 1). These represent different methodological approaches to the same underlying topic.","Question A asks a yes/no membership question specifically about whether a named person's spouse is a member of the household. Question B asks for the name and the relationship of a listed household member to Person 1 (open-ended relationship category). They address the same general topic (spousal/household relationship) but differ in scope and response format (binary membership about spouse vs relationship identification of a listed person) and do not capture exactly the same information (QA can record a non-resident spouse as 'no', QB only describes persons who are listed).",partial,partial,not specified,not specified,not specified,not specified,True
FOODAPS_0170,FOODAPS_27,What is your race and/or ethnicity? Select all that apply.,ACS_25,What is Person 1’s race?,Race,response_format_mismatch,response_format_mismatch,high,medium,"Both questions ask about race/ethnicity for an individual, but differ significantly in response format: FoodAPS uses 'select all that apply' (allowing multiple selections for multiracial/multiethnic respondents), while ACS uses a single-response format ('Person 1's race'). This methodological difference can produce different distributions and is not merely a wording variation—it reflects different conceptual approaches to capturing racial/ethnic identity.","Question A explicitly asks about ""race and/or ethnicity"" and instructs respondents to ""Select all that apply,"" allowing multiple responses and potentially conflating race and ethnicity. Question B asks only about a person's race (and, as written, does not indicate multiple selection or inclusion of ethnicity), consistent with ACS practice of asking Hispanic origin separately. These differences in what is being solicited and in response format mean they are not equivalent.",partial,partial,not specified,not specified,not specified,not specified,True
FOODAPS_0171,FOODAPS_27,What is your race and/or ethnicity? Select all that apply.,ACS_30,What is Person 2’s race?,Race,response_format_mismatch,near_duplicate,high,medium,"Both questions ask about the same core concept—an individual's race/ethnicity—but differ fundamentally in response format. Question A explicitly allows multiple selections ('select all that apply'), accommodating multiracial/multiethnic respondents, while Question B uses singular phrasing ('What is Person 2's race?') implying a single-choice response. This format difference affects data structure and the ability to capture multiracial identification, making them non-equivalent despite measuring the same underlying concept.","Both questions ask about an individual’s race (identity) and are person-level race questions. Question A combines race and ethnicity in one prompt and explicitly allows multiple selections, whereas Question B refers to a specific household member (Person 2) and is phrased only about race (no explicit ""select all that apply"" in the text provided). These are minor wording/targeting differences that could affect responses but do not change the core concept being measured.",partial,partial,not specified,not specified,not specified,not specified,False
FOODAPS_0172,FOODAPS_27,What is your race and/or ethnicity? Select all that apply.,ACS_35,What is Person 3’s race?,Race,response_format_mismatch,related_but_distinct,high,high,"Both questions ask about race/ethnicity, but they differ significantly in response format. Question A explicitly allows multiple selections ('Select all that apply'), capturing multiracial/multiethnic respondents with full detail. Question B requests a single response about one person's race, which typically forces respondents into a single category. This format difference means they would capture different information about the same underlying concept, particularly for multiracial individuals.","Question A explicitly asks about ""race and/or ethnicity"" and instructs respondents to ""Select all that apply,"" and it is addressed to the respondent (""your""). Question B asks only about ""Person 3’s race"" (no mention of ethnicity or selection instructions) and is about a third person. The inclusion of ethnicity in A and the different target person/possible response-format differences make them related (both about racial identity) but not equivalent.",partial,partial,not specified,not specified,not specified,not specified,False
FOODAPS_0173,FOODAPS_59,What is NAME’s race and/or ethnicity? Select all that apply.,ACS_25,What is Person 1’s race?,Race,response_format_mismatch,related_but_distinct,high,high,"Both questions ask about the same core concept (race/ethnicity), but differ fundamentally in response format. Question A explicitly allows multiple selections ('select all that apply'), accommodating multiracial respondents, while Question B uses singular 'race' with an implied single-choice format. This difference affects data structure and comparability, as responses cannot be directly mapped without determining how ACS single-race responses align with FoodAPS multiracial selections.","Question A explicitly asks about ""race and/or ethnicity"" and instructs respondents to ""select all that apply,"" combining two constructs and allowing multiple selections. Question B asks only about ""race"" (no mention of ethnicity and no selection instruction shown), so it covers a narrower construct and may use a different response format. These differences make them related (both about race) but not equivalent.",partial,no,not specified,not specified,not specified,not specified,False
FOODAPS_0174,FOODAPS_59,What is NAME’s race and/or ethnicity? Select all that apply.,ACS_30,What is Person 2’s race?,Race,response_format_mismatch,related_but_distinct,high,high,"Both questions ask about race/ethnicity of an identified person with no time reference, making them conceptually equivalent. However, Question A explicitly allows multiple selections ('Select all that apply'), while Question B uses singular 'What is...race?' implying a single-choice format. This response format difference could yield different data structures and capture of multiracial/multiethnic identity differently.","Question A asks for ""race and/or ethnicity"" in a single item (select all that apply), explicitly combining two constructs, while Question B asks only for ""race."" The ACS typically treats Hispanic origin (ethnicity) as a separate question, so B and A do not ask the same specific information even though both concern racial identity. Additionally, A's explicit instruction to select all that apply is similar to ACS's multi-race allowance but does not eliminate the substantive difference of combining ethnicity with race.",partial,partial,not specified,not specified,not specified,not specified,False
FOODAPS_0175,FOODAPS_59,What is NAME’s race and/or ethnicity? Select all that apply.,ACS_35,What is Person 3’s race?,Race,response_format_mismatch,related_but_distinct,high,high,"Both questions ask about the same core concept (race/ethnicity) with no time reference differences. However, Question A explicitly instructs respondents to ""select all that apply,"" allowing multiple race/ethnicity selections, while Question B uses singular ""race"" phrasing suggesting a single-choice format. This methodological difference in response structure affects how respondents can report their identity and could yield different data patterns, particularly for multiracial individuals.","Question A asks for ""race and/or ethnicity"" (explicitly combining both concepts and instructing ""Select all that apply""), while Question B asks only about ""race."" The ACS typically treats Hispanic origin (ethnicity) as a separate question, so B does not capture the combined race+ethnicity framing in A. The difference in the scope (race vs race+ethnicity) makes them related but not equivalent.",partial,partial,not specified,not specified,not specified,not specified,False
FOODAPS_0176,FOODAPS_169,Do you/Does your household rent or own your home?,ACS_56,"Is this house, apartment, or mobile home – Mark (X) ONE box. Owned by you or someone in this household with a mortgage or loan? Include home equity loans. Owned by you or someone in this household free and clear (without a mortgage or loan)? Rented? Occupied without payment of rent?",Tenure (Own/Rent),near_duplicate,response_format_mismatch,high,high,"Both questions measure housing tenure (own vs. rent) as their core concept with identical reference periods (current/present tense, not specified). Question A uses a simple binary format (rent or own), while Question B provides more granular categories distinguishing between ownership with mortgage, ownership free and clear, rented, and occupied without payment. Despite this response format difference, they capture the same fundamental tenure information, with Question B simply offering additional detail about ownership type.","Both questions measure housing tenure (own vs rent) but Question A is a simple binary ask (rent or own) while Question B provides multiple, more detailed response categories (owned with mortgage, owned free and clear, rented, occupied without payment). The extra ACS categories (mortgage vs free-and-clear and a non‑rental unpaid occupancy option) create a different response format and possible classification differences for some households.",partial,partial,not specified,not specified,not specified,not specified,False
FOODAPS_0177,FOODAPS_108,There is a program called Medicaid that pays for health care for persons in need. Are you/Is anyone in your household covered by Medicaid?,ACS_81,Is this person CURRENTLY covered by any of the following types of health insurance or health coverage plans?,Health Insurance,related_but_distinct,related_but_distinct,high,high,"Both questions address health insurance coverage, but Question A specifically asks about Medicaid coverage only, while Question B asks about ANY type of health insurance or coverage plan (which could include private insurance, Medicare, Medicaid, etc.). Question A is narrower in scope—it's a single-program screener—whereas Question B is a comprehensive health insurance coverage question. Additionally, Question A uses 'you/anyone in your household' (household level) while Question B asks about 'this person' (individual level).","Question A asks at the household level whether you or anyone in the household is covered by Medicaid specifically, with no explicit time frame. Question B is a person-level item asking whether the individual is currently covered by any type of health insurance (with Medicaid typically as an option). The unit of analysis (household vs person) and the scope (Medicaid-only vs any coverage type/current coverage) make them related but asking different specific things.",partial,partial,not specified,not specified,currently,currently,True
FOODAPS_0178,FOODAPS_108,There is a program called Medicaid that pays for health care for persons in need. Are you/Is anyone in your household covered by Medicaid?,ACS_82,Is there a premium for this plan?,Health Insurance,not_comparable,related_but_distinct,high,high,"Question A asks about Medicaid coverage status (a specific public health insurance program), while Question B asks about whether a health plan has a premium (a feature of any insurance plan). These are fundamentally different concepts—one identifies a type of coverage, the other asks about plan characteristics. Question B could apply to any health insurance type, including Medicaid, but does not identify which program is in question.","Question A asks whether anyone in the household is covered by a specific program (Medicaid). Question B asks whether a given health insurance plan has a premium (a cost attribute). Although both concern health insurance, they measure different constructs (enrollment in a public program vs. presence of a premium for a plan), so they are related but not equivalent.",no,no,not specified,not specified,not specified,not specified,False
FOODAPS_0179,FOODAPS_108,There is a program called Medicaid that pays for health care for persons in need. Are you/Is anyone in your household covered by Medicaid?,ACS_83,Does this person or another family member receive a tax credit or subsidy based on family income to help pay the premium?,Health Insurance,related_but_distinct,related_but_distinct,high,high,"Question A asks about Medicaid coverage, which is a specific public health insurance program for low-income individuals and families. Question B asks about tax credits or subsidies for health insurance premiums, which typically refers to Affordable Care Act marketplace subsidies. While both relate to income-based health insurance assistance, they target different programs with different eligibility criteria, coverage structures, and policy purposes. A household could receive ACA subsidies without Medicaid or vice versa, making these distinct programmatic concepts rather than equivalent measures of the same construct.","Question A asks specifically about enrollment in the Medicaid program (a public health coverage program), while Question B asks about receipt of a tax credit or subsidy to help pay an insurance premium (typically marketplace premium tax credits/subsidies). Both are yes/no and concern health insurance, but they refer to different programs/benefits and slightly different respondent frames (household vs this person/another family member).",no,no,not specified,not specified,not specified,not specified,True
FOODAPS_0180,FOODAPS_109,Select the names of the people below that are covered by Medicaid.,ACS_81,Is this person CURRENTLY covered by any of the following types of health insurance or health coverage plans?,Health Insurance,related_but_distinct,near_duplicate,high,medium,"Both questions address health insurance coverage, but Question A specifically targets Medicaid enrollment while Question B asks about any current health insurance coverage more broadly. Question A is narrower in scope (one specific program) while Question B captures multiple types of coverage. The ACS question's emphasis on 'CURRENTLY' also implies a point-in-time measure, whereas FoodAPS's reference period is unspecified but likely refers to household composition at survey time.","Both questions ask whether a person is covered by Medicaid (Q A asks specifically for Medicaid; Q B asks whether the person is currently covered and lists Medicaid as one option), so they capture the same core concept. The main differences are that Q B explicitly anchors to 'currently' and is framed as part of a types-of-coverage checklist, while Q A does not state a reference period and is presented as selecting names covered by Medicaid — a minor wording/format difference that could affect interpretation but does not change the underlying concept.",partial,partial,not specified,not specified,currently,currently,False
FOODAPS_0181,FOODAPS_109,Select the names of the people below that are covered by Medicaid.,ACS_82,Is there a premium for this plan?,Health Insurance,not_comparable,related_but_distinct,high,high,"These questions address fundamentally different aspects of health insurance. Question A asks about Medicaid coverage eligibility for household members, while Question B asks about whether a specific health plan has a premium cost. One focuses on insurance type/program identification, the other on plan cost characteristics. They cannot be used interchangeably.","Question A asks which individuals are covered by Medicaid (enrollment/coverage by program); Question B asks whether a particular plan has a premium (cost/plan characteristic). They address different specific constructs (who is enrolled vs whether a plan carries a premium) and use different response formats (selecting persons vs yes/no), so they are not interchangeable.",no,no,not specified,not specified,not specified,not specified,False
FOODAPS_0182,FOODAPS_109,Select the names of the people below that are covered by Medicaid.,ACS_83,Does this person or another family member receive a tax credit or subsidy based on family income to help pay the premium?,Health Insurance,related_but_distinct,related_but_distinct,high,high,"Both questions address health insurance coverage but measure fundamentally different insurance programs and mechanisms. Question A asks about Medicaid enrollment (a means-tested public program), while Question B asks about premium tax credits/subsidies (typically for marketplace/ACA plans based on income). These represent distinct pathways and types of health insurance assistance that are not mutually exclusive—a person could have either, both, or neither.","Question A asks specifically whether each named person is covered by Medicaid (a particular public insurance program). Question B asks whether the person or another family member receives a tax credit/subsidy to help pay a premium (marketplace premium assistance), which is a different form of financial assistance and typically indicates different coverage types. Additionally, B is framed at the person-or-family-member level (household assistance) while A is person-specific, so they capture different populations and constructs.",no,no,not specified,not specified,not specified,not specified,True
FOODAPS_0183,FOODAPS_29,"Are you currently married, widowed, divorced, separated, or never married?",ACS_90,What is this person’s marital status?,Marital Status,near_duplicate,near_duplicate,high,high,"Both questions ask about marital status using nearly identical response categories (married, widowed, divorced, separated, never married). Question A explicitly uses 'currently' while Question B's time reference is implicit/present tense. The core concept and response formats are functionally equivalent, with only minor wording variation that does not meaningfully change the substance of what is being measured.","Both questions are asking the respondent’s current marital status and use the same core response categories (married, widowed, divorced, separated, never married). Differences are minor wording and context: Question A explicitly asks about the respondent’s current status and lists categories, while Question B is a generic marital-status prompt (often administered about a household member) and ACS typically has additional distinctions (e.g., married—spouse present vs. absent) that are not explicit in A. These differences do not change the core concept being measured.",yes,partial,currently,current,not specified,not specified,True
FOODAPS_0184,FOODAPS_29,"Are you currently married, widowed, divorced, separated, or never married?",ACS_91,In the past 12 MONTHS did this person get  a. Married? b. Widowed? c. Divorced?,Marital Status,reference_period_mismatch,reference_period_mismatch,high,high,"Question A asks for current marital status (a state at the time of survey), while Question B asks about marital events that occurred in the past 12 months. A person could be currently married (Question A) but have no events in the past 12 months, or report a divorce in the past 12 months (Question B) but now be remarried. These capture fundamentally different temporal concepts despite addressing the same general topic.","Question A asks respondent's current marital status with no time reference, while Question B asks whether the person experienced marital status changes (married, widowed, divorced) during the past 12 months. The items also differ in response format (a categorical current-status question vs event-specific yes/no questions), so B cannot reliably substitute for A because events in the past year do not fully determine current status.",no,no,not specified (current status),not specified,past 12 months (events),past 12 months,True
FOODAPS_0185,FOODAPS_29,"Are you currently married, widowed, divorced, separated, or never married?",ACS_92,How many times has this person been married?,Marital Status,response_format_mismatch,related_but_distinct,high,high,"Both questions address marital status but capture fundamentally different information through their response formats. Question A asks for current marital status category (married, widowed, divorced, separated, or never married), while Question B asks for the count of times married, which is a cumulative lifetime measure. Someone could answer 'divorced' to Question A but '2' to Question B, providing distinct pieces of information that don't directly map to each other.","Question A asks for the respondent's current marital status using categorical labels (married, widowed, divorced, separated, never married). Question B asks for the number of times the person has been married (a lifetime count). These measure related but distinct constructs (current status vs. marriage history) and have different response formats, so they are not interchangeable.",no,no,currently,current (at time of survey),not specified,lifetime (ever up to time of survey),False
FOODAPS_0186,FOODAPS_29,"Are you currently married, widowed, divorced, separated, or never married?",ACS_93,In what year did this person last get married?,Marital Status,related_but_distinct,related_but_distinct,high,high,"Question A asks for current marital status (a categorical state: married, widowed, divorced, separated, or never married), while Question B asks for the specific year of last marriage (a historical data point). Question A provides status information needed for analysis, while Question B provides temporal information about when that status was established. They address different analytical dimensions of marital history.","Question A asks a respondent's current marital status using categorical options, while Question B asks for the calendar year of the person's most recent marriage event. The two measure related concepts (marriage history vs current status) and have different response formats (categories vs a year), so B cannot substitute for A to determine current status.",no,no,current status (not specified temporal frame),currently (at time of interview),lifetime/historical (year of last marriage),year of last marriage (historical/event year),True
FOODAPS_0187,FOODAPS_61,"Is NAME currently married, widowed, divorced, separated, or never married?",ACS_90,What is this person’s marital status?,Marital Status,near_duplicate,exact_duplicate,high,high,"Both questions ask about marital status as a core concept and target the same population characteristic. Question A explicitly states 'currently married' (present tense), while Question B uses generic 'marital status' without explicit time reference, though standard ACS administration implies current status. The response categories are functionally equivalent (both capture married, widowed, divorced, separated, never married options), with only minor wording differences in how the question is phrased.","Both items ask for the person's marital status using the same set of categories (married, widowed, divorced, separated, never married). Question A explicitly frames the status as ""currently,"" while Question B omits an explicit time reference but in practice asks the same attribute; there is no substantive difference in meaning or response categories.",yes,yes,current,current,not specified,not specified,False
FOODAPS_0188,FOODAPS_61,"Is NAME currently married, widowed, divorced, separated, or never married?",ACS_91,In the past 12 MONTHS did this person get  a. Married? b. Widowed? c. Divorced?,Marital Status,reference_period_mismatch,reference_period_mismatch,high,high,"Question A asks about current marital status (a snapshot of present state), while Question B asks about specific marital events that occurred in the past 12 months. These measure fundamentally different things: A captures static status while B captures dynamic transitions. A person could be currently married (A) but not have married in the past 12 months (B), making them incompatible for direct comparison or consolidation.","Question A asks for the respondent's current marital status, while Question B asks whether the respondent experienced a change (married, widowed, divorced) during the past 12 months. The two capture related information about marital status but use different reference periods and formats (current status vs. occurrence of events), so they are not directly equivalent.",no,no,current status (point-in-time),current (at time of interview),past 12 months (events occurring),past 12 months,True
FOODAPS_0189,FOODAPS_61,"Is NAME currently married, widowed, divorced, separated, or never married?",ACS_92,How many times has this person been married?,Marital Status,response_format_mismatch,related_but_distinct,high,high,"Both questions address marital status but capture fundamentally different information through different response formats. Question A asks for current marital status category (married, widowed, divorced, separated, or never married), while Question B asks for a count of lifetime marriages. Question A provides current state; Question B provides historical frequency, meaning they answer different analytical questions despite overlapping topic area.","Question A asks for the person's current marital status using categorical options (married, widowed, divorced, separated, never married). Question B asks for a numeric lifetime count of how many times the person has been married, a different concept and response format that does not directly indicate current status. Because they measure related but different attributes (status now vs. number of prior marriages), they are distinct.",no,no,current,current (point-in-time),lifetime,"lifetime (ever, up to now)",False
FOODAPS_0190,FOODAPS_61,"Is NAME currently married, widowed, divorced, separated, or never married?",ACS_93,In what year did this person last get married?,Marital Status,response_format_mismatch,related_but_distinct,high,high,"Both questions address marital status, but Question A asks for current marital status category (married, widowed, divorced, separated, never married), while Question B asks for the specific year of last marriage—a historical fact rather than current status. Question A provides a categorical snapshot of current marital state, whereas Question B captures only one temporal data point from a person's marital history. These require fundamentally different response formats and serve different analytical purposes.","Question A asks for current marital status (categorical state now), while Question B asks for the year the person last married (a date of an event). They address the same general topic (marital history/status) but request different specific information and cannot substitute for one another without additional data.",partial,no,current/present,current (at time of interview),year of most recent event (historical),not specified (asks for year of last marriage),False
FOODAPS_0191,FOODAPS_194,"Are you currently looking for a job, either full or part time?",ACS_112,"During the LAST 4 WEEKS, has this person been ACTIVELY looking for work?",Labor Force,reference_period_mismatch,reference_period_mismatch,high,high,"Both questions address the same core concept of active job-seeking behavior within the labor force context. However, Question A uses an unspecified present tense ('currently looking'), while Question B explicitly specifies a 4-week lookback period with an 'actively' modifier. The absence of a defined reference period in Question A versus the explicit 4-week window in Question B creates potential for different response patterns, particularly for individuals whose job search intensity may have fluctuated recently.","Both items ask about job-seeking, but Question A uses an ambiguous ""currently"" timeframe while Question B explicitly references the last 4 weeks; that difference in reference period can change who is counted. Question B also specifies ""actively looking,"" which is a slight wording difference but the primary mismatch is the time window.",partial,partial,not specified (implies current/present tense),currently,last 4 weeks,last 4 weeks,True
FOODAPS_0192,FOODAPS_0,01.  The address we have on file appears below. Is this the address where you currently live?,ACS_16,Is there any reason the information from this interview should NOT be used?,Household,not_comparable,not_comparable,high,high,"Question A asks about current residential address verification for interview administrative purposes, while Question B is a data quality check asking whether interview information should be used at all. These serve fundamentally different functions: A is about address confirmation, while B is about interview validity/usability. They address distinct concepts despite both being household-level administrative questions.","Question A asks about the respondent's current residential address (verification of where they live). Question B asks whether the interview information may be used (consent/usable-data flag) and does not pertain to residence. They address different constructs (address verification vs. data-use/consent), so they are not comparable despite both being asked at the household/interview level.",no,no,current/present,current,not specified,not specified,True
FOODAPS_0193,FOODAPS_0,01.  The address we have on file appears below. Is this the address where you currently live?,ACS_17,Why do you think the data should not be used?,Household,not_comparable,not_comparable,high,high,"Question A asks a straightforward factual question about current residential address, while Question B asks for subjective reasoning about data quality and usability. These are fundamentally different concepts: one confirms residence location, the other solicits metadata commentary. They share only the broad 'Household' subtopic but serve entirely different survey purposes.","Question A asks a respondent to confirm their current residential address (a concrete household location confirmation), while Question B asks for reasons why data should not be used (an open-ended question about data usability or quality). The two address entirely different constructs, reference frames, and response formats (A is a binary confirmation, B is a free-text justification), so they are not comparable.",no,no,current,not specified,not specified,not specified,True
FOODAPS_0194,FOODAPS_0,01.  The address we have on file appears below. Is this the address where you currently live?,ACS_18,Please print the name and telephone number of the person who is filling out this form.,Household,not_comparable,related_but_distinct,high,high,"Question A asks about current residential address verification (a household locating question), while Question B requests contact information for the survey respondent (an administrative/operational question). These address entirely different purposes: one validates where the household lives, the other identifies who is completing the survey. They are fundamentally distinct in concept despite both relating broadly to household information.","Question A asks whether the address on file is the respondent's current residence (a verification of household location). Question B requests the name and telephone number of the person completing the form (respondent identification/contact information). These ask different specific information and have different purposes, so they are related by household context but distinct in content.",no,no,current,not specified,not specified,not specified,False
FOODAPS_0195,FOODAPS_0,01.  The address we have on file appears below. Is this the address where you currently live?,ACS_69,"Please copy the name of Person 1 from page 2, then continue answering questions below.",Household,not_comparable,related_but_distinct,high,high,"Question A asks about current residence/address verification, while Question B is a procedural instruction to copy a person's name from another page to establish person identity for subsequent questions. These serve entirely different functions—one validates residential location data, the other is a data entry/routing mechanism with no substantive household information content.","Question A asks whether the address on file is the respondent's current residence (a confirmation of household location). Question B is an instructional item to copy the name of Person 1 and does not ask about residence or address. They are both household-related administrative items but ask different specific information, so they are related but distinct.",no,no,current,current,not specified,not specified,False
FOODAPS_0196,FOODAPS_2,What is your name?,ACS_16,Is there any reason the information from this interview should NOT be used?,Household,not_comparable,not_comparable,high,high,"These questions serve entirely different purposes within their respective surveys. Question A is a basic identifier question collecting respondent name (demographic/administrative), while Question B is a data quality/confidentiality filter asking whether interview responses should be used. They share no conceptual similarity beyond both being household-level survey questions.","Question A asks for the respondent's name (identity), while Question B asks whether the interview data may be used (a consent/usage restriction). They address entirely different constructs and response formats (open text name vs. a permission/yes-no type issue), so they are not comparable.",no,partial,not specified,not specified,not specified,not specified,True
FOODAPS_0197,FOODAPS_2,What is your name?,ACS_17,Why do you think the data should not be used?,Household,not_comparable,not_comparable,high,high,"These questions measure entirely different constructs with no conceptual overlap. Question A is a basic demographic identifier requesting the respondent's name, while Question B is a meta-survey question about data quality and appropriateness for use. They serve different purposes in their respective surveys and have no shared meaning or intent.","Question A requests a respondent's name (a personal identifier) while Question B asks for a reason why data should not be used (an opinion/explanation about data use). They address entirely different concepts and likely use different response formats (a short identifier vs. free-text justification), so they are not comparable.",no,no,not specified,not specified,not specified,not specified,True
FOODAPS_0198,FOODAPS_2,What is your name?,ACS_18,Please print the name and telephone number of the person who is filling out this form.,Household,related_but_distinct,near_duplicate,high,high,"Both questions collect name information, but they serve different purposes and have different scopes. Question A asks for the respondent's name in isolation, while Question B asks for the name AND telephone number of the person completing the form, making it broader in scope. Additionally, Question B explicitly identifies the respondent as the form-filler, whereas Question A does not specify whose name is being requested in context.","Both questions request the name of the person completing the form; they share the same core concept of identifying the respondent. Question B additionally requests a telephone number and explicitly asks for the person ""filling out this form,"" which is a minor procedural/detail difference but does not change the underlying concept.",partial,yes,not specified,not specified,not specified,not specified,False
FOODAPS_0199,FOODAPS_2,What is your name?,ACS_69,"Please copy the name of Person 1 from page 2, then continue answering questions below.",Household,near_duplicate,near_duplicate,high,high,"Both questions ask for the same information—the name of a household member—with identical core intent and response format. The only substantive difference is that Question B explicitly directs respondents to reference information from a previous page rather than asking them to provide it directly, which is a procedural variation rather than a conceptual one. Both serve the same function of collecting personal identifier data for household roster purposes.","Both questions elicit a person's name (an open-text identifier). Question A asks the respondent directly for their name, while Question B instructs the respondent to copy the name of the rostered ""Person 1"" from another page—a minor procedural difference but the same core concept and response format. There is no time reference or differing response type to indicate a substantive measurement difference.",yes,yes,not specified,not specified,not specified,not specified,True
FOODAPS_0200,FOODAPS_3,What is your email?,ACS_16,Is there any reason the information from this interview should NOT be used?,Household,not_comparable,not_comparable,high,high,"These questions serve entirely different purposes and collect different types of information. Question A requests contact information (email address) for survey administration purposes, while Question B is a data quality control mechanism asking whether interview responses should be used in analysis. They address separate operational and methodological concerns rather than overlapping household concepts.","Question A requests the respondent's email address (contact information), while Question B asks whether the interview data should not be used (a consent/usage restriction question). They address entirely different information needs and have different response formats (open text vs a yes/no/qualifying response), so they are not comparable.",no,no,not specified,not specified,not specified,not specified,True
FOODAPS_0201,FOODAPS_3,What is your email?,ACS_17,Why do you think the data should not be used?,Household,not_comparable,not_comparable,high,high,"These questions ask fundamentally different things and serve different purposes. Question A requests contact information (email address), while Question B asks for respondent reasoning about data usage restrictions or confidentiality concerns. They have no overlapping conceptual content and are not related by topic, methodology, or intent.","Question A requests a respondent's email address (contact information). Question B asks for reasons why the data should not be used (an opinion/justification), measuring a completely different construct with a different response format. They are not comparable.",no,no,not specified,not specified,not specified,not specified,True
FOODAPS_0202,FOODAPS_3,What is your email?,ACS_18,Please print the name and telephone number of the person who is filling out this form.,Household,not_comparable,related_but_distinct,high,high,"These questions are fundamentally different in purpose and content. Question A requests contact information (email address) for future communication purposes, while Question B asks for identification information (name and phone number) of the respondent completing the form. Although both collect contact details, they serve different survey administration functions and are not interchangeable.","Question A requests the respondent's email address specifically, while Question B requests the name and telephone number of the person filling out the form. Both collect contact/identifying information but ask for different contact modalities and an additional identifier (name) in B, so they are related but distinct.",no,no,not specified,not specified,not specified,not specified,False
FOODAPS_0203,FOODAPS_3,What is your email?,ACS_69,"Please copy the name of Person 1 from page 2, then continue answering questions below.",Household,not_comparable,not_comparable,high,high,"Question A requests contact information (email address) while Question B is an administrative instruction to reference and continue with roster information about a specific household member. These serve entirely different purposes—one collects personal contact data, the other provides survey procedural guidance. They address fundamentally different concepts despite both being household-related survey elements.","Question A asks for the respondent's email address (contact information). Question B asks the respondent to copy the name of Person 1 from another page (a transcription/verification task), which is a different construct and purpose. They do not share meaning, response format, or intent, so they are not comparable.",no,no,not specified,not specified,not specified,not specified,True
FOODAPS_0204,FOODAPS_4,"We can also send updates, notifications, and survey links via text message. Would you like us to contact you by text message?",ACS_16,Is there any reason the information from this interview should NOT be used?,Household,not_comparable,related_but_distinct,high,high,"These questions address entirely different survey purposes and concepts. Question A concerns contact method preferences for future survey administration (operational logistics), while Question B addresses data quality and confidentiality restrictions on already-collected interview information (data governance). They are unrelated despite both appearing on household surveys.","Question A asks for permission to contact the respondent by text message (consent for communication), while Question B asks whether the interview information should not be used (a restriction on data use). They are both about permissions but concern different actions and data flows, so they are related in topic but ask distinct things.",no,no,not specified,not specified,not specified,not specified,False
FOODAPS_0205,FOODAPS_4,"We can also send updates, notifications, and survey links via text message. Would you like us to contact you by text message?",ACS_17,Why do you think the data should not be used?,Household,not_comparable,not_comparable,high,high,"Question A asks about consent for future contact via text message (a data collection methodology question), while Question B asks respondents to explain their reasoning about data use restrictions (a data governance question). These address completely different concepts: one concerns survey administration preferences, the other concerns data access and usage policies. Despite both being in a household survey context, they serve entirely different purposes.","Question A asks for consent to be contacted by text message (a communication preference, yes/no format). Question B asks for reasons why the data should not be used (an explanatory/open-ended item about data use), so they address entirely different concepts and response formats. There is no substantive overlap in content, intent, or measurement between the two questions.",no,no,not specified,not specified,not specified,not specified,True
FOODAPS_0206,FOODAPS_4,"We can also send updates, notifications, and survey links via text message. Would you like us to contact you by text message?",ACS_18,Please print the name and telephone number of the person who is filling out this form.,Household,not_comparable,related_but_distinct,high,high,"These questions address fundamentally different information needs. Question A asks about a respondent's preference for future contact method (text messaging), while Question B requests identifying information (name and phone number) of the person completing the survey. Question A is about communication preferences going forward, whereas Question B is about capturing contact details for the current respondent. They serve different purposes in data collection.","Question A asks for explicit permission to contact the respondent by text message (an opt‑in yes/no about communication method and content). Question B simply requests the name and telephone number of the person completing the form (data collection), without asking for consent to or specifying texting or notification preferences. They are related (both about contact) but ask different specific things and use different response formats.",no,no,not specified,not specified,not specified,not specified,False
FOODAPS_0207,FOODAPS_4,"We can also send updates, notifications, and survey links via text message. Would you like us to contact you by text message?",ACS_69,"Please copy the name of Person 1 from page 2, then continue answering questions below.",Household,not_comparable,not_comparable,high,high,"These questions address entirely different survey functions and concepts. Question A solicits consent for future contact via text message (a communication preference), while Question B is an administrative instruction to copy respondent identifying information from a previous page for data linkage purposes. Despite both appearing in household surveys, they serve different operational purposes and have no overlapping measurement intent.","Question A asks for permission to contact the respondent by text message (a contact-preference yes/no item). Question B is an instruction to copy a household member's name and proceed with the survey (a roster/administrative task), so they address entirely different concepts and response actions. They do not share the same intent, response format, or information content.",no,no,not specified,not specified,not specified,not specified,True
FOODAPS_0208,FOODAPS_5,Please enter the cell phone number where you wish to receive text messages.,ACS_16,Is there any reason the information from this interview should NOT be used?,Household,not_comparable,not_comparable,high,high,"These questions address entirely different concepts. Question A collects contact information (a cell phone number) for survey administration purposes, while Question B is a data quality control question asking whether interview responses should be used. Question A is about communication logistics; Question B is about response validity. They share no substantive overlap despite both appearing in household surveys.","Question A requests a specific contact detail (cell phone number for receiving text messages). Question B asks whether there is any reason the interview information should not be used (a consent/data-use restriction yes/no question). They address entirely different constructs, use different response formats, and cannot be treated as equivalent.",no,no,not specified,not specified,not specified,not specified,True
FOODAPS_0209,FOODAPS_5,Please enter the cell phone number where you wish to receive text messages.,ACS_17,Why do you think the data should not be used?,Household,not_comparable,not_comparable,high,high,"Question A is a logistical/contact question requesting a cell phone number for survey administration purposes (text message delivery method). Question B is a data quality/metadata question asking respondents to explain concerns about data validity. These serve entirely different functions—one is operational contact information, the other is substantive survey feedback—and share no conceptual overlap despite both appearing in federal surveys.","Question A requests a specific piece of contact information (a cell phone number to receive text messages), while Question B asks for an explanation or reason why data should not be used. They differ in intent, content, and response format (a numeric contact field versus an open-ended justification), so they are different concepts and not comparable.",no,no,not specified,not specified,not specified,not specified,True
FOODAPS_0210,FOODAPS_5,Please enter the cell phone number where you wish to receive text messages.,ACS_18,Please print the name and telephone number of the person who is filling out this form.,Household,not_comparable,related_but_distinct,high,high,"These questions serve fundamentally different purposes despite both involving contact information. Question A requests a cell phone number specifically for receiving text message communications about the survey itself (contact preference for survey administration). Question B requests the name and phone number of the respondent completing the form for identification and verification purposes. The first is about survey methodology/communication, while the second is about respondent identity verification.","Question A requests a cell phone number specifically for receiving text messages (a contact method and permission/intent for SMS). Question B requests the name and telephone number of the person completing the form (an identifier and contact number, not limited to cell phones and not asking about SMS). The core topic (contact information) is similar, but the target (cell number for texts vs name plus phone of respondent) and intent differ.",no,partial,not specified,not specified,not specified,not specified,False
FOODAPS_0211,FOODAPS_5,Please enter the cell phone number where you wish to receive text messages.,ACS_69,"Please copy the name of Person 1 from page 2, then continue answering questions below.",Household,not_comparable,related_but_distinct,high,high,"These questions address entirely different concepts and serve different survey purposes. Question A requests contact information (a cell phone number for text message communication), while Question B is an administrative instruction to reference and copy a respondent's name from a previous page for data continuity. They do not measure overlapping information despite both being part of household surveys.","Question A requests a cell phone number to receive text messages (contact information), while Question B asks the respondent to copy the name of Person 1 and proceed (an identification/instruction for household roster). They address different specific data elements and purposes (contact vs. identity/roster), have different response formats (phone number vs. a name), and neither specifies a time reference.",no,no,not specified,not specified,not specified,not specified,False
FOODAPS_0212,FOODAPS_6,"Who lives at [fill address], even if they are not related to you? Please list all the people who will be living at your address over the next week. Include any babies or young children.",ACS_16,Is there any reason the information from this interview should NOT be used?,Household,not_comparable,not_comparable,high,high,"Question A asks for factual household roster information (who lives at the address), while Question B is a data quality/validation question asking whether the interview responses should be used. These serve entirely different purposes: one collects substantive household composition data, the other is a metadata flag about interview validity. They are fundamentally different types of questions despite both being labeled under 'household' subtopic.","Question A requests a household roster of people who will be living at the address over the next week (a concrete household composition/time-window question). Question B asks whether the interview data should not be used (a data-use/consent/meta question), with no household composition content or time frame. The two ask fundamentally different things and have different response purposes and formats, so they are not comparable.",no,no,next week,over the next week,not specified,not specified,True
FOODAPS_0213,FOODAPS_6,"Who lives at [fill address], even if they are not related to you? Please list all the people who will be living at your address over the next week. Include any babies or young children.",ACS_17,Why do you think the data should not be used?,Household,not_comparable,not_comparable,high,high,"Question A asks for roster information about household members at a specific address, while Question B asks for a subjective evaluation about data quality or usability. These are fundamentally different types of questions addressing different concepts—one collects factual household composition data, the other solicits critical feedback about data itself. They cannot be meaningfully compared as equivalent measures of the same construct.","Question A is a household roster asking who will live at the address in the upcoming week (household composition and a clear one-week reference period). Question B asks why the data should not be used, which is about data quality/usage concerns and has no relation to household membership or a time frame. The two ask entirely different things and cannot be treated as equivalent.",no,no,next week,over the next week,not specified,not specified,True
FOODAPS_0214,FOODAPS_6,"Who lives at [fill address], even if they are not related to you? Please list all the people who will be living at your address over the next week. Include any babies or young children.",ACS_18,Please print the name and telephone number of the person who is filling out this form.,Household,not_comparable,related_but_distinct,high,high,"Question A asks for a roster of all household members living at an address over a specified time period, while Question B asks only for contact information (name and phone number) of the person completing the form. These are fundamentally different questions serving different purposes: one identifies all household residents, the other identifies the respondent. They are not measuring the same concept despite both relating to the household topic.","Question A asks for a household roster — all people who will be living at the address over the next week (including children). Question B asks only for the name and telephone number of the person completing the form (a contact field), not about household composition. They are on the same topical domain (household) but ask different, non-overlapping information and use different response formats.",no,no,next week,over the next week,not specified,not specified,False
FOODAPS_0215,FOODAPS_6,"Who lives at [fill address], even if they are not related to you? Please list all the people who will be living at your address over the next week. Include any babies or young children.",ACS_69,"Please copy the name of Person 1 from page 2, then continue answering questions below.",Household,related_but_distinct,related_but_distinct,high,medium,"Both questions address household membership, but Question A actively solicits a complete roster of all household members with a specific forward-looking timeframe ('next week'), while Question B appears to be a continuation instruction referencing Person 1 from a previous page without establishing or verifying household composition. Question A is a primary data collection mechanism for household roster; Question B assumes roster information already exists and is directing respondent navigation rather than collecting new household membership data.",Question A is a household roster asking for a complete list of people who will be living at the address over the next week. Question B is an instruction to copy the name of an already-enumerated Person 1 and proceed with person-level questions; it does not ask for a household listing or specify a time frame. They are on the same general topic (household/person) but ask different specific things.,no,no,next week,over the next week,not specified,not specified,True
FOODAPS_0216,FOODAPS_7,"Is there anyone else who USUALLY lives here, but is now away for reasons such as traveling for vacation or for work, in the military, or in the hospital?",ACS_16,Is there any reason the information from this interview should NOT be used?,Household,not_comparable,not_comparable,high,high,"These questions serve entirely different purposes. Question A asks about household composition—specifically identifying household members who are temporarily absent—which is substantive survey content. Question B is a data quality/administrative question asking whether the interview data should be used at all, serving as a validity flag rather than collecting household information. They have no meaningful overlap in concept despite both relating to households.","Question A asks about household composition—people who usually live at the address but are temporarily away. Question B asks about whether the interview data should not be used (a data-usage/consent or quality flag). These are entirely different constructs despite both using a yes/no format, so they are not comparable.",no,no,usually/current (people temporarily absent),usually / currently (temporarily away),not specified (data quality flag),not specified,True
FOODAPS_0217,FOODAPS_7,"Is there anyone else who USUALLY lives here, but is now away for reasons such as traveling for vacation or for work, in the military, or in the hospital?",ACS_17,Why do you think the data should not be used?,Household,not_comparable,not_comparable,high,high,"Question A asks about household composition by identifying temporarily absent household members, while Question B appears to be a meta-question about data quality or survey administration (why data shouldn't be used). These are fundamentally different concepts—one collects substantive demographic information about household members, the other solicits feedback about data validity. They do not measure the same construct.","Question A asks about household membership — whether someone who usually lives in the household is currently away for specific reasons. Question B is an open-ended question about why data should not be used (appears to address data quality or exclusion), which is a completely different concept. There is no overlap in intent, content, or response type, so they are not comparable.",no,no,usually/currently away,usually / current (now),not specified,not specified,True
FOODAPS_0218,FOODAPS_7,"Is there anyone else who USUALLY lives here, but is now away for reasons such as traveling for vacation or for work, in the military, or in the hospital?",ACS_18,Please print the name and telephone number of the person who is filling out this form.,Household,not_comparable,related_but_distinct,high,high,"Question A asks about household composition by identifying absent household members who usually live in the residence, collecting substantive demographic information about household structure. Question B asks for contact information (name and phone number) of the respondent filling out the form, which is administrative/logistical metadata rather than survey content. These serve entirely different purposes and measure completely different constructs.","Question A asks about other household members who usually live at the address but are temporarily away (a household composition/time-status question). Question B requests the name and telephone number of the person completing the form (a respondent contact information question). They address different specific information and have different response formats and reference framing, so they are related by the household topic but are distinct.",no,no,usually (ongoing/habitual),usually / currently (now away),not specified,not specified,False
FOODAPS_0219,FOODAPS_7,"Is there anyone else who USUALLY lives here, but is now away for reasons such as traveling for vacation or for work, in the military, or in the hospital?",ACS_69,"Please copy the name of Person 1 from page 2, then continue answering questions below.",Household,not_comparable,related_but_distinct,high,high,"Question A asks about household members who usually live in the household but are temporarily absent due to specific reasons (vacation, work, military, hospital), addressing household roster completeness. Question B is an instruction to copy a person's name from a previous page to continue answering demographic questions about that individual. These serve fundamentally different purposes: one identifies missing household members, while the other is a procedural routing instruction with no substantive household content.","Question A asks about persons who usually live in the household but are currently temporarily absent for reasons like vacation, work, military, or hospital—a substantive question about household composition and temporary absence. Question B is an administrative instruction to copy a listed person's name and does not ask about absences or household membership. While both fall under the household topic, they ask different things and are not interchangeable.",no,no,usual residence; currently away,current/now (temporary absence — 'now away'),not specified,not specified,False
FOODAPS_0220,FOODAPS_8,"Is there anyone else who lives here, such as a roommate, renter, or person you employ (for example, a babysitter)?",ACS_16,Is there any reason the information from this interview should NOT be used?,Household,not_comparable,not_comparable,high,high,"Question A asks about current household composition (identifying non-family members living in the residence), while Question B is a data quality/interview validity check asking whether the collected information should be used. These address fundamentally different purposes: one gathers substantive household information, the other assesses interview quality. Despite both being household-related, they measure distinct concepts with no semantic overlap.",Question A asks about household composition (whether additional people live at the address). Question B asks about whether the interview data should not be used (consent/usage restriction). The items address entirely different constructs and cannot substitute for one another.,no,no,not specified,not specified,not specified,not specified,True
FOODAPS_0221,FOODAPS_8,"Is there anyone else who lives here, such as a roommate, renter, or person you employ (for example, a babysitter)?",ACS_17,Why do you think the data should not be used?,Household,not_comparable,not_comparable,high,high,These questions address entirely different concepts. Question A asks about household composition and who lives at the residence (a factual demographic question about household members). Question B asks about data quality assessment and reasons why data should not be used (a meta-question about survey data validity). They share only a superficial connection to the general topic of 'household' but measure completely different information.,"Question A asks about household composition—whether anyone else lives in the dwelling (a yes/no question with examples). Question B asks for reasons data should not be used (an attitudinal/administrative question, likely open-ended) and is unrelated to household membership, so the items are not comparable.",no,no,not specified,not specified,not specified,not specified,True
FOODAPS_0222,FOODAPS_8,"Is there anyone else who lives here, such as a roommate, renter, or person you employ (for example, a babysitter)?",ACS_18,Please print the name and telephone number of the person who is filling out this form.,Household,not_comparable,related_but_distinct,high,high,"Question A asks about household composition (identifying additional household members), while Question B requests contact information for the survey respondent. These address entirely different aspects of household data collection—one is about who lives in the household, the other is about identifying the person completing the form. The questions serve different data collection purposes and cannot be used interchangeably.","Question A asks whether any other people live in the dwelling (household composition/co-residents), while Question B asks for the name and telephone number of the person completing the form (respondent identification/contact information). They address different specific constructs and have different response requirements (yes/no about other residents versus a printed name/phone), so they are related by household context but distinct in purpose.",no,no,not specified,not specified,not specified,not specified,False
FOODAPS_0223,FOODAPS_8,"Is there anyone else who lives here, such as a roommate, renter, or person you employ (for example, a babysitter)?",ACS_69,"Please copy the name of Person 1 from page 2, then continue answering questions below.",Household,not_comparable,related_but_distinct,high,high,"Question A asks whether non-family members (roommates, renters, employees) live in the household, seeking to identify additional household members beyond the primary family unit. Question B is a procedural instruction directing respondents to copy information from a previous page and continue with follow-up questions about Person 1. These serve entirely different functions: one is substantive household composition data collection, the other is administrative guidance for survey completion.","Question A asks whether there are any other people who live in the dwelling (a yes/no about additional household members). Question B is an instruction to copy the name of Person 1 and proceed with person-level questions, not an inquiry about presence or number of other household members. Both touch the household/person roster topic but ask different, non-equivalent things (presence of other residents vs. continuing person-specific interview), so they are related but distinct.",no,partial,not specified,not specified,not specified,not specified,False
FOODAPS_0224,FOODAPS_9,"Please select whether each person listed below will be here for the next [fill] days, away for the next [fill] days or is a guest that is visiting here temporarily.",ACS_16,Is there any reason the information from this interview should NOT be used?,Household,not_comparable,not_comparable,high,high,Question A asks about household composition and residence status over a specified future time period (who will be present/absent/visiting). Question B is a data quality control question asking whether interview data should be used at all. These are fundamentally different purposes: one collects substantive household information while the other is a metadata flag about data validity.,"Question A asks about each person's expected physical presence in the household over a specified upcoming number of days (household membership/presence). Question B asks whether the interview data should be excluded from use (a data-use/eligibility/confidentiality flag). They address entirely different concepts and response purposes, so they are not comparable.",no,no,next [fill] days,next [fill] days,not specified,not specified,True
FOODAPS_0225,FOODAPS_9,"Please select whether each person listed below will be here for the next [fill] days, away for the next [fill] days or is a guest that is visiting here temporarily.",ACS_17,Why do you think the data should not be used?,Household,not_comparable,not_comparable,high,high,"These questions measure fundamentally different concepts. Question A asks about household member presence/absence patterns (a factual demographic characteristic), while Question B asks for subjective assessment of data quality or usability (a meta-survey evaluation question). They do not address the same construct despite both relating broadly to households.","Question A asks about household members' presence over a specified future short-term period (who will be here, away, or a temporary guest). Question B asks why the data should not be used (a meta/question about data quality or usability), which is a different concept entirely and not about household composition or timing. Because they address fundamentally different topics and purposes, they are not comparable.",no,no,next [fill] days,next [fill] days,not specified,not specified,True
FOODAPS_0226,FOODAPS_9,"Please select whether each person listed below will be here for the next [fill] days, away for the next [fill] days or is a guest that is visiting here temporarily.",ACS_18,Please print the name and telephone number of the person who is filling out this form.,Household,not_comparable,related_but_distinct,high,high,"Question A asks about household member presence/absence and visitor status over a specified future time period, while Question B requests contact information (name and phone number) for the survey respondent. These are entirely different concepts—one measures household composition dynamics, the other is administrative/contact data collection. They serve different purposes and have no substantive overlap.","Question A asks about each listed person's expected presence status (here, away, or temporary guest) over the next [fill] days, i.e., household composition/presence over a specified upcoming time window. Question B requests the name and telephone number of the person completing the form (contact information) and does not collect presence/residency or a time frame, so they concern the same general topic (household) but ask different specific information.",no,no,next [fill] days,next [fill] days,not specified,not specified,False
FOODAPS_0227,FOODAPS_9,"Please select whether each person listed below will be here for the next [fill] days, away for the next [fill] days or is a guest that is visiting here temporarily.",ACS_69,"Please copy the name of Person 1 from page 2, then continue answering questions below.",Household,not_comparable,related_but_distinct,high,high,"Question A asks about household members' presence/absence and guest status over a specific future timeframe (household composition dynamics). Question B is a procedural instruction for data entry/continuity, asking the respondent to reference information from another page rather than collecting new household information. These serve fundamentally different purposes: one collects substantive household data, the other is an administrative question.","Question A asks about each person's expected household presence over a specified future period (here/away/temporary guest). Question B is an instruction to copy a person's name and proceed with subsequent questions, and does not ask about presence, timing, or give response options. They share the household/person context but ask different specific information and use different response formats.",no,no,next [fill] days,next [fill] days,not specified,not specified,False
FOODAPS_0228,FOODAPS_10,Do all people in your household share food?,ACS_16,Is there any reason the information from this interview should NOT be used?,Household,not_comparable,not_comparable,high,high,"These questions measure entirely different constructs and serve different survey purposes. Question A (FoodAPS) asks about household food-sharing behavior and household composition/dynamics, while Question B (ACS) is a data quality/interview validity check asking whether the respondent believes the information provided should be used. They do not share a core concept despite both relating broadly to household context.","Question A asks about a household behavior/arrangement (whether household members share food). Question B is an administrative/data-use question asking if the interview information should not be used. They address entirely different constructs (household food practices vs. interview data usability), so they are not comparable despite both appearing in a household context.",no,no,not specified,not specified,not specified,not specified,True
FOODAPS_0229,FOODAPS_10,Do all people in your household share food?,ACS_17,Why do you think the data should not be used?,Household,not_comparable,not_comparable,high,high,"These questions measure entirely different constructs and are fundamentally incomparable. Question A asks about food sharing behavior within a household (a household composition/food security question), while Question B asks for respondent assessment of data quality or validity (a data quality/metadata question). They share only the superficial connection of both being federal survey questions.","Question A asks about household behavior (whether household members share food), while Question B asks why data should not be used — a meta-question about data quality or usability. They address entirely different constructs (household food practices vs. reasons against using data), so their content is not comparable.",no,no,not specified,not specified,not specified,not specified,True
FOODAPS_0230,FOODAPS_10,Do all people in your household share food?,ACS_18,Please print the name and telephone number of the person who is filling out this form.,Household,not_comparable,not_comparable,high,high,"These questions address entirely different concepts despite both being household-related. Question A asks about food-sharing practices within a household (a behavioral/resource-sharing measure), while Question B requests contact information for the survey respondent (an administrative/data collection question). They serve different purposes and measure different phenomena.",Question A asks about a household behavior (whether household members share food). Question B requests the name and telephone number of the respondent (administrative/contact information). These ask completely different substantive information and are not substitutable.,no,no,not specified,not specified,not specified,not specified,True
FOODAPS_0231,FOODAPS_10,Do all people in your household share food?,ACS_69,"Please copy the name of Person 1 from page 2, then continue answering questions below.",Household,not_comparable,related_but_distinct,high,high,"Question A asks about food-sharing arrangements within a household, directly addressing household food security and resource pooling behavior. Question B is an administrative instruction directing respondents to reference a person's name for continued survey completion and has no substantive content about any household characteristic. These are fundamentally different in purpose—one measures a household behavior/condition, while the other is a procedural routing mechanism.","Question A asks a substantive household behavior (whether all household members share food), while Question B is an administrative instruction to copy a person's name and is not a substantive measure about household composition or behavior. They address different constructs and likely use different response mechanisms (yes/no vs. a written name), so they are related only by the broad 'household' topic and not equivalent.",no,no,not specified,not specified,not specified,not specified,False
FOODAPS_0232,FOODAPS_11,Select the names of the people listed below that share food with each other as a group.,ACS_16,Is there any reason the information from this interview should NOT be used?,Household,not_comparable,not_comparable,high,high,"These questions measure fundamentally different constructs despite both relating to households. Question A identifies household composition based on food-sharing behavior to determine economic food units, while Question B is a data quality/interview validation question asking whether responses should be used. They serve completely different purposes in their respective surveys.","Question A asks about which household members share food as a group (a behavioral/relationship question about food-sharing), while Question B asks whether the interview information should not be used (a data-use/quality/consent question). They address entirely different concepts and likely use different response formats (selecting names versus a yes/no flag), so they are not comparable.",no,no,not specified,not specified,not specified,not specified,True
FOODAPS_0233,FOODAPS_11,Select the names of the people listed below that share food with each other as a group.,ACS_17,Why do you think the data should not be used?,Household,not_comparable,not_comparable,high,high,"These questions measure entirely different constructs and cannot be compared for equivalence. Question A asks respondents to identify household members who share food together, directly measuring household composition and food-sharing relationships. Question B asks a meta-question about data quality/usability and appears to be a data validation or instruction question unrelated to household information collection. They address fundamentally different purposes within their respective surveys.","Question A asks respondents to identify household members who share food as a group (a behavioral/household composition item). Question B asks for a reason why some unspecified data should not be used (an opinion/justification about data quality/usability). They address entirely different concepts and response content, so they are not comparable.",no,no,not specified,not specified,not specified,not specified,True
FOODAPS_0234,FOODAPS_11,Select the names of the people listed below that share food with each other as a group.,ACS_18,Please print the name and telephone number of the person who is filling out this form.,Household,not_comparable,related_but_distinct,high,high,"These questions address fundamentally different concepts despite both relating to households. Question A identifies household members who share food resources as a group, which is a measure of economic/food resource pooling within a household. Question B requests contact information (name and phone) for the person completing the survey, which is administrative/procedural in nature. They measure different constructs and serve different survey purposes.","Question A asks about interpersonal food-sharing relationships among listed household members (which people share food as a group). Question B asks for the name and telephone number of the person completing the form (respondent contact information). They address different substantive constructs and use different response formats (selecting names vs. printing name and phone), so they are related only in that both concern household respondents/members but are distinct in purpose.",no,no,not specified,not specified,not specified,not specified,False
FOODAPS_0235,FOODAPS_11,Select the names of the people listed below that share food with each other as a group.,ACS_69,"Please copy the name of Person 1 from page 2, then continue answering questions below.",Household,not_comparable,not_comparable,high,high,"Question A asks respondents to identify which household members share food as a group, measuring food-sharing behavior and household composition based on eating patterns. Question B is a procedural instruction asking respondents to copy a name from a previous page to continue the survey. These serve fundamentally different purposes: one collects substantive household data about food sharing, while the other is an administrative/formatting directive with no data collection intent.","Question A asks which listed household members share food as a group (a behavioral relationship question and a selection of multiple names). Question B is an administrative instruction to copy the name of Person 1 and is not asking about food-sharing or relationships. The intent, content, and required response formats differ, so they are not comparable.",no,no,not specified,not specified,not specified,not specified,True
FOODAPS_0236,FOODAPS_16,About how much of the meal planning or meal preparation do you do for your household?,ACS_16,Is there any reason the information from this interview should NOT be used?,Household,not_comparable,not_comparable,high,high,"These questions measure entirely different constructs. Question A asks about the respondent's role in household meal planning/preparation activities, which relates to household labor and food security behaviors. Question B is a data quality control question asking whether the interview itself should be used, which is a survey administration/validity question unrelated to household meal activities. Despite both being labeled as subtopic 'Household,' they address fundamentally different purposes.","Question A asks about the respondent's share of household meal planning/preparation (a behavioral/household-role measure). Question B asks whether the interview data should not be used (a data-use/consent/privacy question). They address entirely different constructs and have no overlap in intent, content, or measurement, so they are not comparable.",no,no,not specified,not specified,not specified,not specified,True
FOODAPS_0237,FOODAPS_16,About how much of the meal planning or meal preparation do you do for your household?,ACS_17,Why do you think the data should not be used?,Household,not_comparable,not_comparable,high,high,"These questions address entirely different concepts and serve different survey purposes. Question A (FoodAPS) asks about the respondent's household role in meal planning/preparation, seeking to understand food-related labor distribution within a household. Question B (ACS) appears to be a data quality/metadata question asking why certain data should not be used, which is a survey administration or validation question unrelated to household meal preparation. They are fundamentally incomparable despite both potentially appearing in household surveys.","Question A asks about the respondent's role in meal planning/preparation for their household, a behavioral/household-role measure. Question B asks why the data should not be used, which is a meta/data-quality or consent-related question and not about household activities. The two questions measure entirely different constructs and are not comparable.",no,no,not specified,not specified,not specified,not specified,True
FOODAPS_0238,FOODAPS_16,About how much of the meal planning or meal preparation do you do for your household?,ACS_18,Please print the name and telephone number of the person who is filling out this form.,Household,not_comparable,not_comparable,high,high,"Question A asks about the respondent's role in meal planning/preparation activities within their household, measuring their contribution to a household function. Question B asks for contact information (name and phone number) of the person completing the form, serving an administrative/logistical purpose. These are fundamentally different concepts: one measures household behavior/responsibility, the other collects respondent identification data.","Question A asks about the respondent's share of meal planning and preparation for the household (a behavioral/role measure). Question B requests the name and telephone number of the person completing the form (administrative contact information). They pertain to entirely different concepts and provide non-overlapping information, so they are not comparable.",no,no,not specified,not specified,not specified,not specified,True
FOODAPS_0239,FOODAPS_16,About how much of the meal planning or meal preparation do you do for your household?,ACS_69,"Please copy the name of Person 1 from page 2, then continue answering questions below.",Household,not_comparable,not_comparable,high,high,"Question A asks about an individual's role in meal planning/preparation within their household, measuring personal household responsibility and behavior. Question B is a procedural instruction for survey administration asking respondents to copy a name for identification purposes. These are fundamentally different in purpose, construct, and content—one measures household labor/roles while the other is a data collection mechanism.",Question A asks about the respondent's share of household meal planning/preparation (a behavioral/responsibility question). Question B is an administrative instruction to copy a person's name and contains no substantive question about household behaviors. They address entirely different constructs and cannot be treated as equivalent.,no,no,not specified,not specified,not specified,not specified,True
FOODAPS_0240,FOODAPS_17,About how much of the meal planning or meal preparation do you do for your food sharing group?,ACS_16,Is there any reason the information from this interview should NOT be used?,Household,not_comparable,not_comparable,high,high,"These questions address entirely different concepts and serve different purposes. Question A asks about the respondent's role in meal planning/preparation within a food sharing group, measuring household food management behavior. Question B is a data quality control question asking whether interview information should be used, serving as a validity flag rather than substantive data collection. They share only the general 'household' topic area but measure fundamentally different constructs.","Question A asks about the respondent's share of meal planning or preparation for their food-sharing group (a behavioral/household role measure). Question B asks whether there is any reason the interview information should not be used (a data-use/consent/legal restriction item). They address entirely different constructs, purposes, and likely response formats, so they are not comparable.",no,no,not specified,not specified,not specified,not specified,True
FOODAPS_0241,FOODAPS_17,About how much of the meal planning or meal preparation do you do for your food sharing group?,ACS_17,Why do you think the data should not be used?,Household,not_comparable,not_comparable,high,high,"Question A asks about the respondent's personal involvement in meal planning/preparation within a food sharing group, measuring a specific household behavior or responsibility. Question B asks about data quality/usability concerns and appears to be a metadata or quality control question unrelated to household food activities. These are fundamentally different concepts with no meaningful overlap.","Question A asks about an individual's share of meal planning/preparation for their food sharing group (a household behavior/role). Question B asks about reasons data should not be used (a meta-question about data quality/usability), so they address entirely different concepts and constructs. The wording, intent, and measurement targets do not overlap.",no,no,not specified,not specified,not specified,not specified,True
FOODAPS_0242,FOODAPS_17,About how much of the meal planning or meal preparation do you do for your food sharing group?,ACS_18,Please print the name and telephone number of the person who is filling out this form.,Household,not_comparable,not_comparable,high,high,"These questions measure entirely different concepts. Question A asks about the respondent's participation in meal planning/preparation within a food sharing group (a behavioral/activity measure), while Question B requests contact information for administrative purposes (survey logistics). Despite both relating broadly to households, they address fundamentally different information needs with no overlap in meaning or intent.",Question A asks about the respondent's share of meal planning/preparation for their food-sharing group (a behavioral/role measure). Question B requests the name and telephone number of the person completing the form (an identity/contact information item). These are different constructs with different response formats and cannot substitute for one another.,no,no,not specified,not specified,not specified,not specified,True
FOODAPS_0243,FOODAPS_17,About how much of the meal planning or meal preparation do you do for your food sharing group?,ACS_69,"Please copy the name of Person 1 from page 2, then continue answering questions below.",Household,not_comparable,not_comparable,high,high,"Question A asks about an individual's involvement in meal planning/preparation within a food sharing group, measuring a behavioral role and responsibility. Question B is an administrative/technical instruction for survey respondent identification and data entry, not a substantive survey question. These address entirely different domains—behavioral/household food activities versus survey mechanics.",Question A asks about an individual's share of meal planning or preparation for their food-sharing group. Question B is an administrative instruction to copy a household member's name and contains no substantive substantive question about household behavior. The two address completely different concepts and cannot substitute for one another.,no,no,not specified,not specified,not specified,not specified,True
FOODAPS_0244,FOODAPS_30,Is your spouse a member of this household?,ACS_16,Is there any reason the information from this interview should NOT be used?,Household,not_comparable,not_comparable,high,high,"These questions serve fundamentally different purposes and are not related despite both appearing in household surveys. Question A asks about household composition and spousal membership (substantive demographic information), while Question B is a data quality/validity flag asking whether interview information should be used at all (administrative/metadata). They measure different constructs and are not interchangeable.","Question A asks about household membership of a spouse (relationship/household composition). Question B asks whether the interview information should not be used (data-use/consent/quality), which is a procedural/data-privacy question. They address fundamentally different constructs and do not overlap in content or intent.",no,no,not specified,not specified,not specified,not specified,True
FOODAPS_0245,FOODAPS_30,Is your spouse a member of this household?,ACS_17,Why do you think the data should not be used?,Household,not_comparable,not_comparable,high,high,"These questions address fundamentally different concepts despite both appearing in federal surveys. Question A asks a factual household composition question (whether a spouse is present), while Question B asks a meta-question about data quality/usability. They do not share a core concept and are measuring entirely different dimensions of survey content.","Question A asks about household membership of a spouse (a demographic/household composition question). Question B asks why data should not be used (a data quality/usage opinion question). They address entirely different concepts, response formats, and purposes, so they are not comparable.",no,no,not specified,not specified,not specified,not specified,True
FOODAPS_0246,FOODAPS_30,Is your spouse a member of this household?,ACS_18,Please print the name and telephone number of the person who is filling out this form.,Household,not_comparable,related_but_distinct,high,high,"Question A asks about household composition (whether a spouse is present in the household), while Question B requests contact information (name and telephone number) from the respondent. These are fundamentally different concepts: one determines family structure/relationship status, the other collects respondent identification data. They serve entirely different purposes in survey administration and data collection.",Question A asks about household composition — whether the respondent's spouse is a member of the household (a yes/no membership/relationship item). Question B requests the name and telephone number of the person completing the form (respondent contact/identification information). These address different constructs and response formats and are not interchangeable.,no,no,not specified,not specified,not specified,not specified,False
FOODAPS_0247,FOODAPS_30,Is your spouse a member of this household?,ACS_69,"Please copy the name of Person 1 from page 2, then continue answering questions below.",Household,not_comparable,related_but_distinct,high,high,"Question A asks a specific demographic yes/no question about spouse presence in the household, while Question B is an administrative instruction directing respondents to transfer information from a previous page. Question B does not ask a substantive question about household composition—it is a procedural routing statement. These serve entirely different purposes in their respective surveys.","Question A explicitly asks whether the respondent's spouse is a household member (a yes/no relationship/status question). Question B is an instruction to copy the name of Person 1 and does not ask about spouse status or membership; it requests an identifier rather than a relationship/household-membership response. While both concern household enumeration, they ask different specific information and use different response formats.",no,no,not specified,not specified,not specified,not specified,False
FOODAPS_0248,FOODAPS_135,"When in season, do you have a fruit or vegetable garden?",ACS_16,Is there any reason the information from this interview should NOT be used?,Household,not_comparable,not_comparable,high,high,"These questions measure entirely different constructs. Question A asks about household gardening behavior (fruit or vegetable gardening), while Question B is a data quality control question about interview validity. Question B is a meta-survey question used to flag problematic interviews, not a substantive household characteristic question.","Question A asks about household possession/use of a fruit or vegetable garden during its growing season (a household characteristic/behavior). Question B asks whether there is any reason the interview data should not be used (a consent/data-use/procedural question). They address entirely different concepts and purposes despite both having a yes/no form, so they are not comparable.",no,no,when in season,"""when in season""",not specified,not specified,True
FOODAPS_0249,FOODAPS_135,"When in season, do you have a fruit or vegetable garden?",ACS_17,Why do you think the data should not be used?,Household,not_comparable,not_comparable,high,high,"These questions address entirely different concepts and serve different purposes. Question A from FoodAPS inquires about household gardening behavior (a factual characteristic of the household), while Question B from ACS appears to be a data quality/metadata question asking respondents to evaluate survey data reliability. They cannot be compared for equivalence as they measure fundamentally different things.","Question A asks a household behavioral/asset question about having a fruit or vegetable garden during its growing season. Question B is a meta-question about reasons data should not be used (data quality/use), addressing a completely different topic, so the items are not comparable.",no,no,when in season,when in season,not specified,not specified,True
FOODAPS_0250,FOODAPS_135,"When in season, do you have a fruit or vegetable garden?",ACS_18,Please print the name and telephone number of the person who is filling out this form.,Household,not_comparable,not_comparable,high,high,"These questions measure fundamentally different constructs and serve different survey purposes. Question A asks about household food production behavior (gardening), while Question B requests contact information for survey administration. They share only the general topic of 'household' but are entirely distinct in concept, purpose, and response format.",Question A asks whether the household has a fruit or vegetable garden during its growing season (a behavioral/household resource question). Question B requests the respondent's name and telephone number (an identifying/contact information question). They measure entirely different constructs and cannot substitute for one another.,no,no,when in season,when in season,not specified,not specified,True
FOODAPS_0251,FOODAPS_135,"When in season, do you have a fruit or vegetable garden?",ACS_69,"Please copy the name of Person 1 from page 2, then continue answering questions below.",Household,not_comparable,not_comparable,high,high,"Question A asks about household gardening behavior (fruit/vegetable garden ownership/maintenance), while Question B is a procedural instruction for survey respondent identification and form completion. These are fundamentally different in purpose: one measures agricultural/food production activity, the other is administrative data collection. They cannot be meaningfully compared despite both being household-level survey items.",Question A asks whether the household has a fruit or vegetable garden (a substantive behavioral/household item). Question B is an administrative instruction about copying a person's name and contains no substantive question about household characteristics. They address different concepts and cannot be meaningfully compared as duplicates.,no,no,when in season,When in season,not specified,not specified,True
FOODAPS_0252,FOODAPS_136,"Do you receive free fruits or vegetables from anyone else’s garden, orchard, or trees?",ACS_16,Is there any reason the information from this interview should NOT be used?,Household,not_comparable,not_comparable,high,high,"These questions address entirely different concepts and serve different survey purposes. Question A measures food access/security by asking about receipt of free produce from informal sources (gardens, orchards, trees). Question B is a data quality control question asking whether the interview itself should be excluded from analysis due to data validity concerns. They share no substantive overlap despite both appearing in federal surveys.","Question A asks about receiving free fruits or vegetables from someone else's garden/orchard/trees, a behavioral/food-source item. Question B asks whether interview information should not be used (a data-use/consent question). They address entirely different constructs (food acquisition vs. data use), so they are not comparable.",no,no,not specified,not specified,not specified,not specified,True
FOODAPS_0253,FOODAPS_136,"Do you receive free fruits or vegetables from anyone else’s garden, orchard, or trees?",ACS_17,Why do you think the data should not be used?,Household,not_comparable,not_comparable,high,high,"Question A asks about receiving free produce from gardens/orchards (a substantive question about food access), while Question B asks about data quality/usability concerns (a meta-question about survey methodology). These are fundamentally different concepts: one measures a household behavior/resource, the other solicits feedback on data validity. They cannot be reconciled or consolidated.","Question A asks a factual behavioral question about whether the household receives free fruits or vegetables from someone else's garden/orchard/trees. Question B is a meta-question asking why the data should not be used, which concerns data quality or exclusion reasons and is not about household food acquisition. The two questions address entirely different concepts and cannot be treated as equivalent.",no,no,not specified,not specified,not specified,not specified,True
FOODAPS_0254,FOODAPS_136,"Do you receive free fruits or vegetables from anyone else’s garden, orchard, or trees?",ACS_18,Please print the name and telephone number of the person who is filling out this form.,Household,not_comparable,not_comparable,high,high,"Question A asks about receipt of free produce from personal gardens/orchards (a food security/household food source indicator), while Question B requests contact information for the survey respondent (administrative metadata). These are fundamentally different concepts - one measures household food access and the other is a respondent identification/contact mechanism. There is no overlapping content or measurement intent.","Question A asks whether the household receives free fruits/vegetables from someone else's garden (a food acquisition behavior, likely yes/no). Question B requests the name and telephone number of the respondent (contact information). They measure entirely different constructs and use different response formats, so they are not comparable despite both being in a household context.",no,no,not specified,not specified,not specified,not specified,True
FOODAPS_0255,FOODAPS_136,"Do you receive free fruits or vegetables from anyone else’s garden, orchard, or trees?",ACS_69,"Please copy the name of Person 1 from page 2, then continue answering questions below.",Household,not_comparable,not_comparable,high,high,"Question A asks about receipt of free produce from informal sources (gardens/orchards), measuring food access and informal food sourcing. Question B is a procedural instruction directing respondents to copy a name from another page to continue the survey, serving as a routing/identification mechanism rather than collecting substantive data. These are fundamentally different in purpose and content.","Question A asks about receipt of free fruits or vegetables from someone else’s garden/orchard — a substantive food acquisition behavior. Question B is an administrative instruction to copy the name of Person 1 and contains no substantive household content about food or resources. Because the topics and intents are completely different, they are not comparable.",no,no,not specified,not specified,not specified,not specified,True
FOODAPS_0256,FOODAPS_248,"Are the following people able and willing to answer additional questions about health, school, work and income for themselves, or will you answer for them? ",ACS_16,Is there any reason the information from this interview should NOT be used?,Household,not_comparable,related_but_distinct,high,high,"Question A asks about respondent willingness and ability to provide detailed demographic and economic information (health, school, work, income), serving as a proxy respondent determination question. Question B asks about data quality and usability—whether information collected should be excluded from analysis. These address fundamentally different survey operations: Question A determines who will answer subsequent questions, while Question B is a post-collection quality control question about whether to use the data at all.","Question A asks specifically whether each person can or will answer additional questions themselves or whether a proxy will answer — it is about respondent ability/willingness and who will provide answers. Question B asks broadly whether the information from the interview should be used at all, which is about data usability/exclusion for any reason and does not ascertain who can or will answer. These address different operational and data-quality concerns and are not equivalent.",no,no,not specified,not specified,not specified,not specified,False
FOODAPS_0257,FOODAPS_248,"Are the following people able and willing to answer additional questions about health, school, work and income for themselves, or will you answer for them? ",ACS_17,Why do you think the data should not be used?,Household,not_comparable,not_comparable,high,high,"These questions address fundamentally different concepts. Question A asks about respondent willingness and ability to answer detailed questions about health, school, work, and income—it's a screening/proxy question about survey participation and data quality. Question B asks for respondents' reasoning about why data should not be used—it concerns data quality assessment or validation concerns. They share neither common measurement intent nor comparable response structures.","Question A asks whether each household member can/will self‑respond to additional modules (i.e., who will answer for whom), whereas Question B asks for a reason why data should not be used. They address completely different constructs, with different intents and response content, so they are not comparable.",no,no,not specified,not specified,not specified,not specified,True
FOODAPS_0258,FOODAPS_248,"Are the following people able and willing to answer additional questions about health, school, work and income for themselves, or will you answer for them? ",ACS_18,Please print the name and telephone number of the person who is filling out this form.,Household,not_comparable,related_but_distinct,high,high,"These questions serve fundamentally different purposes despite both relating to household surveys. Question A asks about respondent willingness and ability to answer detailed demographic questions (health, school, work, income), while Question B simply collects contact information (name and phone) of the person completing the form. Question A is about data quality and proxy response capability; Question B is about survey administration and follow-up contact.",Question A asks whether specific household members can or will answer additional subject-specific questions themselves or need a proxy respondent; it is about respondent status and willingness for further questions. Question B simply requests the name and telephone number of the person completing the form (administrative/contact information). These address related administrative/response-role matters but ask different information and would not be interchangeable.,no,no,not specified,not specified,not specified,not specified,False
FOODAPS_0259,FOODAPS_248,"Are the following people able and willing to answer additional questions about health, school, work and income for themselves, or will you answer for them? ",ACS_69,"Please copy the name of Person 1 from page 2, then continue answering questions below.",Household,not_comparable,related_but_distinct,high,high,"Question A asks about respondent willingness and ability to answer detailed follow-up questions about health, school, work, and income on their own behalf or via proxy. Question B is a simple instruction to copy a name and proceed with answering demographic questions. These serve fundamentally different purposes: A screens for proxy response status and respondent capacity, while B is a procedural directive for form completion. They do not measure the same construct.","Question A asks who (the person themself or a proxy) is able and willing to answer additional substantive questions about health, school, work and income. Question B is a procedural instruction to copy a person's name and continue the questionnaire; it does not ask about willingness, ability, or proxy response. They are both about person-level survey flow but ask different substantive things and are not interchangeable.",no,partial,not specified,not specified,not specified,not specified,False
FOODAPS_0260,FOODAPS_249,"Are the following people able and willing to complete daily surveys about what food they get each day over the next week, or will you answer for them?",ACS_16,Is there any reason the information from this interview should NOT be used?,Household,not_comparable,not_comparable,high,high,"Question A asks about respondent willingness and ability to participate in a specific data collection task (daily food surveys) going forward, while Question B is a data quality control question asking whether interview information should be used. These serve entirely different purposes: one assesses respondent compliance for future data collection, the other validates the quality of already-collected data. They address different concepts despite both relating to household survey methodology.","The two questions address different constructs: A asks about respondents' ability/willingness and who will complete daily food surveys over the next week, whereas B asks whether the interview information should be used (a data-use/quality/consent issue). They differ in purpose, wording, and timeframe, so they are not interchangeable.",no,no,next week,over the next week,not specified,not specified,True
FOODAPS_0261,FOODAPS_249,"Are the following people able and willing to complete daily surveys about what food they get each day over the next week, or will you answer for them?",ACS_17,Why do you think the data should not be used?,Household,not_comparable,not_comparable,high,high,"Question A asks about respondent ability and willingness to complete daily food surveys over the next week, focusing on survey participation logistics. Question B asks for explanations of why data should not be used, which is a data quality/validity assessment question. These measure fundamentally different constructs: survey participation capacity versus data usability concerns.","Question A asks about respondents' ability and willingness to complete daily food-survey tasks (and whether a proxy will answer), i.e., survey participation/response mode for a specific upcoming week. Question B asks for reasons why data should not be used, which concerns data quality or exclusion rationale and is unrelated to participation or proxy response. The two ask fundamentally different constructs and cannot be treated as equivalent.",no,no,next week,over the next week,not specified,not specified,True
FOODAPS_0262,FOODAPS_249,"Are the following people able and willing to complete daily surveys about what food they get each day over the next week, or will you answer for them?",ACS_18,Please print the name and telephone number of the person who is filling out this form.,Household,not_comparable,related_but_distinct,high,high,"Question A assesses respondent ability and willingness to participate in a specific data collection task (daily food surveys over one week), while Question B simply collects contact information for the person completing the form. These are fundamentally different concepts—one measures survey participation capacity/consent, the other captures administrative identifying information. They serve different purposes and have no substantive overlap.",Question A asks whether each household member is able and willing to complete daily food surveys over the coming week or whether a proxy will answer for them (a question about participation and proxy reporting for a specific future period). Question B simply requests the name and telephone number of the person currently filling out the form (an identification/contact item) and contains no time frame about future participation. The core concepts (willingness/ability to complete a specific longitudinal task vs. identity/contact of the respondent) are related to who provides information but are distinct in intent and response requirements.,no,no,next week,over the next week,not specified,not specified,False
FOODAPS_0263,FOODAPS_249,"Are the following people able and willing to complete daily surveys about what food they get each day over the next week, or will you answer for them?",ACS_69,"Please copy the name of Person 1 from page 2, then continue answering questions below.",Household,not_comparable,not_comparable,high,high,"Question A asks about respondent willingness and ability to complete future daily food surveys over one week, focusing on survey participation and proxy response arrangements. Question B is a simple data entry instruction asking the respondent to copy a person's name from a previous page for administrative purposes. These address fundamentally different concepts: survey burden/consent versus household roster administration.","Question A asks whether specific household members are able and willing to complete daily food surveys over the next week (a willingness/ability and respondent-assignment question with a clear future reference period). Question B is a navigation/data-entry instruction to copy a person’s name from another page and does not ask about participation, ability, or timing. The constructs, response formats, and purposes are different, so they are not comparable.",no,no,next week,over the next week,not specified,not specified,True
FOODAPS_0264,FOODAPS_170,"Is your rent/your household’s rent covered fully or in part by the Federal, State, or Local government?  ",ACS_60,What are the annual real estate taxes on THIS property?,"Costs (Mortgage, Taxes, Insurance)",not_comparable,related_but_distinct,high,high,"These questions address fundamentally different housing cost concepts: Question A asks about government assistance covering rent payments, while Question B asks about property tax obligations on owned real estate. Rent assistance and real estate taxes are distinct housing expenses applicable to different populations (renters vs. homeowners). They cannot be consolidated as they measure different policy-relevant outcomes.","Question A asks a yes/no about whether rent is covered (in whole or part) by government assistance — a measure of rental subsidy receipt. Question B asks for the dollar amount of annual real estate/property taxes for the property — a monetary tax expense. They concern different specific constructs (rent subsidy vs property tax liability) and use different response formats, so they are related by broad cost topic but not equivalent.",no,no,not specified,not specified,not specified,annual,False
FOODAPS_0265,FOODAPS_170,"Is your rent/your household’s rent covered fully or in part by the Federal, State, or Local government?  ",ACS_61,"What is the annual payment for fire, hazard, and flood insurance on THIS property?","Costs (Mortgage, Taxes, Insurance)",not_comparable,related_but_distinct,high,high,"Question A asks about rental assistance from government programs (a form of housing subsidy/support), while Question B asks about insurance costs paid by homeowners (an expense category for property owners). These address fundamentally different populations (renters vs. homeowners) and different financial concepts (government assistance vs. property insurance costs). Despite both being under the broad topic of housing costs, they measure distinct and non-overlapping phenomena.","Question A asks whether rent is paid fully or partially by government assistance (a yes/no coverage question about rent/subsidy), while Question B asks for the dollar amount of annual fire/hazard/flood insurance on a property. They address different specific costs (rental subsidy vs insurance premium), use different response formats, and have different units of measurement, so they are related by cost topic but distinct in content.",no,no,not specified,not specified,annual,annual,False
FOODAPS_0266,FOODAPS_170,"Is your rent/your household’s rent covered fully or in part by the Federal, State, or Local government?  ",ACS_62,"Do you or any member of this household have a mortgage, deed of trust, contract to purchase, or similar debt on THIS property?","Costs (Mortgage, Taxes, Insurance)",not_comparable,related_but_distinct,high,high,"Question A asks about government rental assistance coverage (a subsidy/benefit), while Question B asks about mortgage debt obligations on a property (a financial liability). These are fundamentally different concepts: one concerns housing cost reduction through government programs, the other concerns debt status on homeownership. Question A is relevant only to renters receiving assistance, while Question B applies only to homeowners with debt.","Question A asks whether the household’s rent is covered in whole or in part by government (i.e., receipt of rental subsidy), whereas Question B asks whether the household has a mortgage/debt on the property (ownership with debt). They address different constructs (rental assistance vs. housing debt/ownership) and different populations (rent-subsidized households vs owners with mortgages), so they are not interchangeable.",no,no,not specified,not specified,not specified,not specified,False
FOODAPS_0267,FOODAPS_170,"Is your rent/your household’s rent covered fully or in part by the Federal, State, or Local government?  ",ACS_63,How much is the regular monthly mortgage payment on THIS property?,"Costs (Mortgage, Taxes, Insurance)",not_comparable,related_but_distinct,high,high,"These questions address fundamentally different housing cost concepts: Question A asks about government rent subsidies/assistance (coverage status), while Question B asks about actual mortgage payment amounts (housing cost burden). Question A focuses on subsidy source and whether rent is covered by government programs, whereas Question B measures the out-of-pocket housing expense itself. They are conceptually distinct despite both relating to housing costs.","Question A asks whether a household's rent is covered in whole or in part by government programs (a yes/no/coverage source question about rental subsidy). Question B asks for the dollar amount of a regular monthly mortgage payment for the property (a numeric cost question for homeowners). They address different populations (renters/subsidized housing vs homeowners/mortgage payers), different constructs (source of rent payment vs mortgage payment amount), and use different response formats, so they are related by topic (housing costs) but clearly distinct.",no,no,not specified,not specified,not specified,regular monthly (monthly),False
FOODAPS_0268,FOODAPS_170,"Is your rent/your household’s rent covered fully or in part by the Federal, State, or Local government?  ",ACS_64,Does the regular monthly mortgage payment include payments for real estate taxes on THIS property?,"Costs (Mortgage, Taxes, Insurance)",not_comparable,related_but_distinct,high,high,"These questions address fundamentally different housing cost concepts. Question A asks whether rent payments are subsidized by government assistance programs, while Question B asks whether mortgage payments include real estate taxes. Question A concerns housing affordability support and subsidy status, whereas Question B concerns the composition of mortgage payments. They target different populations (renters vs. homeowners with mortgages) and different types of housing costs.","Question A asks whether rent is covered (fully or partly) by federal/state/local government assistance (a subsidy/third‑party payer for rent). Question B asks whether a mortgage payment includes real estate taxes (i.e., whether taxes are escrowed into the mortgage payment). They address different payment types and actors (rental subsidy vs. mortgage payment composition), so they are related by housing costs but measure distinct constructs.",no,no,not specified,not specified,not specified,not specified,False
FOODAPS_0269,FOODAPS_170,"Is your rent/your household’s rent covered fully or in part by the Federal, State, or Local government?  ",ACS_65,"Does the regular monthly mortgage payment include payments for fire, hazard, or flood insurance on THIS property?","Costs (Mortgage, Taxes, Insurance)",not_comparable,related_but_distinct,high,high,"These questions address fundamentally different housing cost concepts. Question A asks whether rent is subsidized by government assistance programs (a binary yes/no about payment source), while Question B asks whether mortgage payments include insurance premiums (a yes/no about what's bundled in the payment). Question A concerns renters' housing subsidies; Question B concerns homeowners' insurance bundling—they are asking about different populations and different cost components.","Question A asks whether government (Federal/State/Local) pays or subsidizes a household's rent, targeting rent subsidy/benefit receipt. Question B asks whether a homeowner's regular mortgage payment includes specified insurance charges (fire/hazard/flood), targeting the composition of mortgage payments; they concern different cost components and typically different populations (renters vs homeowners). Because they ask about different specific constructs, they are related by the general topic of housing costs but distinct in meaning.",no,no,not specified,not specified,not specified,not specified,False
FOODAPS_0270,FOODAPS_170,"Is your rent/your household’s rent covered fully or in part by the Federal, State, or Local government?  ",ACS_66,Do you or any member of this household have a second mortgage or a home equity loan on THIS property?,"Costs (Mortgage, Taxes, Insurance)",not_comparable,related_but_distinct,high,high,"These questions address fundamentally different housing cost concepts within the broader topic of housing costs. Question A asks about government assistance/subsidies for rent payments, while Question B asks about the presence of secondary debt instruments (second mortgages/home equity loans) on a property. One concerns rental assistance, the other concerns homeowner debt structures—they measure distinct dimensions of housing affordability and financial obligation.","Question A asks whether rent is paid in full or part by government programs (rental assistance/public support), whereas Question B asks whether any household member has a second mortgage or home equity loan on the property. They target different housing finance constructs (rental subsidy versus homeowner debt) and generally apply to different populations (renters vs homeowners), so they are related by topic but ask distinct things.",no,no,not specified,not specified,not specified,not specified,False
FOODAPS_0271,FOODAPS_170,"Is your rent/your household’s rent covered fully or in part by the Federal, State, or Local government?  ",ACS_67,How much is the regular monthly payment on all second or junior mortgages and all home equity loans on THIS property?,"Costs (Mortgage, Taxes, Insurance)",not_comparable,related_but_distinct,high,high,"These questions address entirely different concepts within housing costs. Question A asks about rental assistance/subsidies from government sources, while Question B asks about the dollar amount of payments on secondary mortgages and home equity loans. Question A concerns housing payment support, whereas Question B concerns specific debt obligations on owned property. They cannot be consolidated as they measure different aspects of housing finance.","Question A asks whether rent is covered (a categorical indicator of government subsidy for rent), while Question B asks for the dollar amount of regular monthly payments on second/junior mortgages or home equity loans (a numeric measure for homeowners). They target different constructs and populations (rent subsidy for renters vs mortgage payments for owners) and use different response formats, so they are related by housing cost topic but distinct in content.",no,no,not specified,not specified,not specified,monthly,False
FOODAPS_0272,FOODAPS_170,"Is your rent/your household’s rent covered fully or in part by the Federal, State, or Local government?  ",ACS_68,"What are the total annual costs for personal property taxes, site rent, registration fees, and license fees on THIS mobile home and its site?","Costs (Mortgage, Taxes, Insurance)",not_comparable,related_but_distinct,high,high,"Question A asks about rental assistance from government programs (coverage of rent payments), while Question B asks about property taxes, site rent, registration, and license fees on a mobile home. These address fundamentally different cost concepts: A measures government subsidy/assistance status, while B measures specific out-of-pocket expenses. They do not ask about the same construct despite both relating to housing costs.","Question A asks a yes/no about whether household rent is paid (in whole or part) by government, while Question B requests a dollar amount for annual costs (taxes, site rent, registration and license fees) for a specific mobile home and site. They differ in unit of response (binary vs monetary), scope (general household rent coverage vs itemized costs for a mobile home/site), and payer information (B does not ask who pays).",no,no,not specified,not specified,annual,annual (total annual costs),False
FOODAPS_0273,FOODAPS_177,Do you/Does your household pay [G1=2: homeowners/G1=1: renters] insurance?,ACS_60,What are the annual real estate taxes on THIS property?,"Costs (Mortgage, Taxes, Insurance)",not_comparable,related_but_distinct,high,high,"Question A asks about homeowners/renters insurance coverage (a yes/no existence question), while Question B asks about the specific dollar amount of annual real estate taxes owed. These are fundamentally different concepts within housing costs: one addresses insurance protection status, the other addresses tax obligation amounts. They cannot be consolidated as they measure distinct financial obligations.","Question A asks whether the household pays insurance (a yes/no about insurance payments, with homeowner/renter branching). Question B asks for the annual dollar amount of real estate taxes on the property. These are different types of housing-related costs (insurance vs property tax) and use different measurement approaches (presence/yes-no vs a monetary amount).",no,no,not specified,not specified,annual,annual,False
FOODAPS_0274,FOODAPS_177,Do you/Does your household pay [G1=2: homeowners/G1=1: renters] insurance?,ACS_61,"What is the annual payment for fire, hazard, and flood insurance on THIS property?","Costs (Mortgage, Taxes, Insurance)",response_format_mismatch,related_but_distinct,high,high,"Both questions address homeowners/renters insurance costs, but Question A asks a yes/no binary question about whether the household pays insurance at all, while Question B requests a specific dollar amount for annual insurance payments. Question A cannot determine actual insurance costs, making these functionally different despite addressing the same topic. Question B provides the cost data that Question A's affirmative response would only imply.","Question A asks a household-level yes/no about paying homeowners or renters insurance (broad coverage and whether payment occurs), whereas Question B requests a property-level annual dollar amount for specific coverages (fire, hazard, flood). They differ in scope (homeowner vs renter; all insurance vs specific perils), specificity, and response format, so they are related but not equivalent.",partial,no,not specified,not specified,annual,annual,False
FOODAPS_0275,FOODAPS_177,Do you/Does your household pay [G1=2: homeowners/G1=1: renters] insurance?,ACS_62,"Do you or any member of this household have a mortgage, deed of trust, contract to purchase, or similar debt on THIS property?","Costs (Mortgage, Taxes, Insurance)",not_comparable,related_but_distinct,high,high,"Question A asks about insurance costs (homeowner's or renter's insurance), which is a regular recurring expense. Question B asks about mortgage/debt obligations on the property, which is a liability or financial obligation. These are fundamentally different financial concepts—one concerns insurance protection premiums, the other concerns outstanding debt. They address different subtopics within housing costs.","Question A asks whether the household pays insurance (homeowner's or renter's insurance), i.e., an ongoing insurance payment. Question B asks whether anyone in the household has a mortgage or similar debt on the property, i.e., presence of secured debt. These are different constructs: mortgages measure indebtedness on the property while insurance measures payment for risk coverage; one can exist without the other.",no,no,not specified,not specified,not specified,not specified,False
FOODAPS_0276,FOODAPS_177,Do you/Does your household pay [G1=2: homeowners/G1=1: renters] insurance?,ACS_63,How much is the regular monthly mortgage payment on THIS property?,"Costs (Mortgage, Taxes, Insurance)",not_comparable,related_but_distinct,high,high,"Question A asks about whether a household pays insurance (yes/no question about insurance coverage), while Question B asks for a specific dollar amount of a monthly mortgage payment. These are fundamentally different concepts: insurance is a separate expense category from mortgage payments, and they target different types of housing costs with different response formats (binary vs. numeric dollar amount).","Question A asks a yes/no about whether the household pays homeowners or renters insurance (a specific insurance expense) and does not specify a time frame or amount. Question B asks for the regular monthly dollar amount of the mortgage payment on the property. They address different specific costs (insurance versus mortgage payment) and use different response formats, so they are related by topic but distinct in content.",no,no,not specified,not specified,not specified,monthly,False
FOODAPS_0277,FOODAPS_177,Do you/Does your household pay [G1=2: homeowners/G1=1: renters] insurance?,ACS_64,Does the regular monthly mortgage payment include payments for real estate taxes on THIS property?,"Costs (Mortgage, Taxes, Insurance)",related_but_distinct,related_but_distinct,high,high,"Question A asks about insurance payment responsibility (homeowners or renters insurance), while Question B specifically asks whether mortgage payments include real estate taxes. These address different cost components: insurance is a separate expense, while Question B focuses on whether taxes are bundled with mortgage payments. They are related housing cost topics but measure distinct financial arrangements and payment structures.","Question A asks whether the household pays homeowners or renters insurance (an insurance expense), while Question B asks whether the mortgage payment includes real estate taxes (a tax component of mortgage payments). They address different specific cost components and different conditional populations (A explicitly distinguishes homeowners vs renters), so meanings are not equivalent.",no,no,not specified,not specified,not specified,monthly (regular monthly mortgage payment),True
FOODAPS_0278,FOODAPS_177,Do you/Does your household pay [G1=2: homeowners/G1=1: renters] insurance?,ACS_65,"Does the regular monthly mortgage payment include payments for fire, hazard, or flood insurance on THIS property?","Costs (Mortgage, Taxes, Insurance)",related_but_distinct,related_but_distinct,high,high,"Both questions address insurance costs for housing, but they target fundamentally different populations and insurance types. Question A asks renters and homeowners about insurance payments broadly (renters insurance vs. homeowners insurance), while Question B specifically asks whether mortgage payments include fire, hazard, or flood insurance—applicable only to mortgaged properties. These are distinct concepts: Question A captures standalone insurance costs, while Question B captures insurance bundled within mortgage payments for a specific property subset.","Question A asks broadly whether the household pays homeowners or renters insurance (regardless of how it is paid), while Question B specifically asks whether the regular monthly mortgage payment includes payments for fire/hazard/flood insurance on the property. B is limited to mortgage inclusion and specific perils and applies only to those with a mortgage, whereas A covers payment of insurance more generally and for renters as well, so they address different specific information.",no,no,not specified,not specified,not specified,not specified,True
FOODAPS_0279,FOODAPS_177,Do you/Does your household pay [G1=2: homeowners/G1=1: renters] insurance?,ACS_66,Do you or any member of this household have a second mortgage or a home equity loan on THIS property?,"Costs (Mortgage, Taxes, Insurance)",not_comparable,related_but_distinct,high,high,"Question A asks about homeowners/renters insurance, which covers damage to the dwelling and personal property, while Question B asks about second mortgages or home equity loans, which are financial instruments against home equity. These are fundamentally different concepts within the housing costs topic—one addresses property protection insurance while the other addresses debt financing. They cannot be consolidated as they measure distinct aspects of housing.","Question A asks whether the household pays homeowners or renters insurance (an ongoing insurance payment), while Question B asks whether anyone has a second mortgage or a home equity loan on the property (a form of secured debt). These are different financial instruments and obligations (insurance vs. additional mortgage debt) and thus measure distinct constructs despite both relating to housing costs.",no,no,not specified,not specified,not specified,not specified,False
FOODAPS_0280,FOODAPS_177,Do you/Does your household pay [G1=2: homeowners/G1=1: renters] insurance?,ACS_67,How much is the regular monthly payment on all second or junior mortgages and all home equity loans on THIS property?,"Costs (Mortgage, Taxes, Insurance)",not_comparable,related_but_distinct,high,high,"Question A asks whether a household pays homeowners or renters insurance (a yes/no existence question), while Question B asks for the dollar amount of monthly payments on second mortgages and home equity loans. These are fundamentally different concepts within the housing costs domain: one concerns insurance coverage, the other concerns secondary debt obligations. They measure different financial obligations with different response formats (categorical vs. continuous).","Question A asks whether the household pays insurance (a yes/no household-level question, tailored by tenure), while Question B asks for the dollar amount of regular monthly payments on second/junior mortgages and home equity loans for a specific property. They address different types of costs (insurance vs mortgage/HELOC principal/interest payments), use different response formats (binary vs dollar amount), and differ in unit of analysis (household-wide vs THIS property).",no,no,not specified,not specified,not specified,regular monthly payment (monthly),False
FOODAPS_0281,FOODAPS_177,Do you/Does your household pay [G1=2: homeowners/G1=1: renters] insurance?,ACS_68,"What are the total annual costs for personal property taxes, site rent, registration fees, and license fees on THIS mobile home and its site?","Costs (Mortgage, Taxes, Insurance)",not_comparable,related_but_distinct,high,high,"Question A asks about homeowners/renters insurance coverage (yes/no boolean), while Question B asks about specific annual costs (dollar amount) for property taxes, site rent, and registration fees on a mobile home. These are fundamentally different concepts: one measures insurance status/existence, the other measures actual housing cost amounts for different expense categories. Question B is also mobile-home-specific, whereas Question A applies to general homeowners/renters.","Question A asks a yes/no about whether the household pays insurance (type and time frame unspecified) and asks no dollar amounts. Question B asks for total annual dollar costs for specific items (personal property taxes, site rent, registration and license fees) for a mobile home and site; it does not ask about insurance. They concern the same broad topic (housing-related costs) but ask about different cost categories, formats, and B specifies an annual reference period.",no,no,not specified,not specified,annual,annual (total annual costs),False
FOODAPS_0282,FOODAPS_178,How frequently do you/does your household pay for [G1=2: homeowners/G1=1: renters] insurance?,ACS_60,What are the annual real estate taxes on THIS property?,"Costs (Mortgage, Taxes, Insurance)",related_but_distinct,related_but_distinct,high,high,"Both questions address housing costs but measure fundamentally different concepts: Question A asks about insurance payment frequency (how often payments are made), while Question B asks about the dollar amount of real estate taxes owed annually. Question A focuses on homeowners/renters insurance with a frequency metric, whereas Question B specifically targets property taxes. These are distinct cost categories with different response formats (frequency vs. dollar amount).","Question A asks about the frequency of paying for homeowners/renters insurance (a payment timing/frequency question about insurance), while Question B asks for the dollar amount of annual real estate taxes on the property. They target different cost types (insurance vs taxes), use different response constructs (frequency vs monetary amount), and only B specifies a time frame, so they are not interchangeable.",no,no,not specified (implies ongoing/current frequency),not specified,annual,annual (per year),True
FOODAPS_0283,FOODAPS_178,How frequently do you/does your household pay for [G1=2: homeowners/G1=1: renters] insurance?,ACS_61,"What is the annual payment for fire, hazard, and flood insurance on THIS property?","Costs (Mortgage, Taxes, Insurance)",response_format_mismatch,related_but_distinct,high,high,"Both questions address homeowners/renters insurance costs, but Question A asks about frequency of payment (how often payments are made), while Question B asks for the dollar amount of annual insurance payments. These are fundamentally different response formats—one is categorical/frequency-based, the other is a monetary value. Additionally, Question B explicitly specifies an annual reference period while Question A does not define a time frame.","The two questions address insurance costs but ask different specific things: A asks how frequently the household pays for homeowners/renters insurance (a general frequency question for household insurance), while B asks for the annual dollar amount for specific coverages (fire, hazard, flood) on a particular property. They also differ in unit (frequency vs dollar amount), scope (household vs THIS property), and insured risks (general homeowners/renters insurance vs specified perils).",no,partial,not specified,not specified,annual,annual (per year),False
FOODAPS_0284,FOODAPS_178,How frequently do you/does your household pay for [G1=2: homeowners/G1=1: renters] insurance?,ACS_62,"Do you or any member of this household have a mortgage, deed of trust, contract to purchase, or similar debt on THIS property?","Costs (Mortgage, Taxes, Insurance)",not_comparable,related_but_distinct,high,high,"Question A asks about the frequency of paying for homeowners/renters insurance (a recurring expense behavior), while Question B asks about current debt obligations on a property (mortgage/deed of trust status). These address fundamentally different concepts: one measures payment patterns for insurance, the other measures existing financial obligations. Additionally, Question A applies to both renters and homeowners, while Question B is property-specific and debt-focused.","Question A asks about the frequency of paying homeowners or renters insurance, a recurring payment behavior for insurance coverage. Question B asks whether anyone in the household has a mortgage or similar debt on the property (a binary presence of debt), which is about property financing rather than insurance payments. These address related housing cost subtopics but measure different constructs and formats, so they are distinct.",no,no,not specified (frequency-based),not specified,not specified (current status),not specified,False
FOODAPS_0285,FOODAPS_178,How frequently do you/does your household pay for [G1=2: homeowners/G1=1: renters] insurance?,ACS_63,How much is the regular monthly mortgage payment on THIS property?,"Costs (Mortgage, Taxes, Insurance)",not_comparable,related_but_distinct,high,high,"These questions address fundamentally different housing cost concepts: Question A asks about insurance payment frequency (how often payments are made), while Question B asks about the specific dollar amount of mortgage payments. Additionally, Question A covers both homeowners and renters insurance, whereas Question B is mortgage-specific and only applies to homeowners with mortgages. They are distinct measures within the housing costs domain.","Question A asks about the frequency with which the household pays for insurance (insurance payments), whereas Question B asks for the dollar amount of the regular monthly mortgage payment on a property (mortgage amount). They address different cost categories (insurance vs mortgage) and use different response types (frequency vs a monetary amount), so they are related by topic but ask distinct things.",no,no,not specified,not specified,not specified,monthly,False
FOODAPS_0286,FOODAPS_178,How frequently do you/does your household pay for [G1=2: homeowners/G1=1: renters] insurance?,ACS_64,Does the regular monthly mortgage payment include payments for real estate taxes on THIS property?,"Costs (Mortgage, Taxes, Insurance)",not_comparable,related_but_distinct,high,high,"Question A asks about homeowners/renters insurance payment frequency (how often payments are made), while Question B asks whether mortgage payments include real estate taxes (a yes/no question about payment composition). These address different insurance/tax concepts: A covers insurance costs while B addresses tax inclusion in mortgages. They are distinct financial topics despite both relating to housing costs.","Question A asks about the frequency of paying for homeowners or renters insurance; Question B asks whether the regular monthly mortgage payment includes real estate taxes on the property. They target different cost components (insurance vs property taxes), use different response formats (frequency versus a yes/no about mortgage composition), and B explicitly references a monthly payment, so they are related by topic but ask distinct things.",no,no,frequency (not specified how often),not specified,current/regular monthly (ongoing payment structure),monthly,False
FOODAPS_0287,FOODAPS_178,How frequently do you/does your household pay for [G1=2: homeowners/G1=1: renters] insurance?,ACS_65,"Does the regular monthly mortgage payment include payments for fire, hazard, or flood insurance on THIS property?","Costs (Mortgage, Taxes, Insurance)",related_but_distinct,related_but_distinct,high,high,"Both questions address insurance costs related to housing, but they measure fundamentally different things. Question A asks about the frequency of paying for homeowners/renters insurance as a standalone expense, while Question B asks whether insurance payments are bundled into mortgage payments. Question A captures insurance payment behavior generally, whereas Question B captures a specific payment arrangement (escrow/impound account inclusion) that may not apply to all households.","Question A asks how frequently the household pays for homeowners or renters insurance (a general frequency question covering different tenure types), while Question B asks whether the regular monthly mortgage payment specifically includes payments for fire/hazard/flood insurance on the property (a yes/no about inclusion in mortgage for homeowners with a mortgage). They differ in scope (homeowners vs renters and types of insurance), payment mechanism (insurance included in mortgage vs paid separately), and response format (frequency vs yes/no).",no,no,not specified,not specified,current/regular monthly,regular monthly (current),True
FOODAPS_0288,FOODAPS_178,How frequently do you/does your household pay for [G1=2: homeowners/G1=1: renters] insurance?,ACS_66,Do you or any member of this household have a second mortgage or a home equity loan on THIS property?,"Costs (Mortgage, Taxes, Insurance)",not_comparable,related_but_distinct,high,high,"Question A asks about the frequency of paying for homeowners/renters insurance (an operational cost), while Question B asks about the existence of secondary mortgage products (an asset/liability structure). These address fundamentally different aspects of housing finance: one concerns recurring expense patterns, the other concerns specific loan products held. They cannot be consolidated as they measure distinct constructs.","Question A asks about the frequency of paying homeowners or renters insurance, a payment-frequency/cost behavior. Question B asks whether there is a second mortgage or home equity loan on the property, an asset/liability ownership status. They address the same broad topic of housing costs/finance but measure different constructs (insurance payments versus loan existence), with different respondents referenced (homeowner/renter branch in A vs any household member in B).",no,no,not specified,not specified,not specified,not specified,False
FOODAPS_0289,FOODAPS_178,How frequently do you/does your household pay for [G1=2: homeowners/G1=1: renters] insurance?,ACS_67,How much is the regular monthly payment on all second or junior mortgages and all home equity loans on THIS property?,"Costs (Mortgage, Taxes, Insurance)",not_comparable,related_but_distinct,high,high,"Question A asks about the frequency of paying homeowners/renters insurance (a categorical measure of payment regularity), while Question B asks for the dollar amount of regular monthly payments on second mortgages and home equity loans (a quantitative measure of debt servicing costs). These are fundamentally different insurance and mortgage products asking for different types of information—one about insurance payment frequency and the other about secondary mortgage payment amounts.","Question A asks about the frequency of paying homeowners/renters insurance (a recurring insurance cost) while Question B asks for the dollar amount of regular monthly payments on second/junior mortgages and home equity loans (a mortgage debt service). They target different specific cost types and use different response constructs (frequency vs dollar amount), so they are on the same broad topic but ask distinct information.",no,no,not specified,not specified,not specified,monthly,False
FOODAPS_0290,FOODAPS_178,How frequently do you/does your household pay for [G1=2: homeowners/G1=1: renters] insurance?,ACS_68,"What are the total annual costs for personal property taxes, site rent, registration fees, and license fees on THIS mobile home and its site?","Costs (Mortgage, Taxes, Insurance)",not_comparable,related_but_distinct,high,high,"Question A asks about frequency of paying for homeowners/renters insurance (a behavioral pattern), while Question B asks about total annual costs for property taxes, site rent, registration fees, and license fees on a mobile home. These are fundamentally different concepts: A measures payment frequency for insurance, B measures dollar amounts for multiple property-related costs (notably excluding insurance). The populations differ (general homeowners/renters vs. mobile home residents), and the cost categories are largely non-overlapping.","Question A asks about the frequency of paying homeowners or renters insurance (a recurring payment behavior for insurance), while Question B asks for the total annual dollar amount of taxes, site rent, registration and license fees for a mobile home and site. They target different cost categories (insurance vs taxes/fees/site rent) and use different response formats (frequency vs dollar total), so they are related by the general topic of housing costs but are distinct.",no,no,not specified (implies ongoing/current),not specified,annual,annual (total annual costs / past 12 months),False
FOODAPS_0291,FOODAPS_179,Do you/does your household pay real estate or property tax on your home?,ACS_60,What are the annual real estate taxes on THIS property?,"Costs (Mortgage, Taxes, Insurance)",response_format_mismatch,response_format_mismatch,high,high,"Both questions address real estate/property taxes on a home, making them conceptually related. However, Question A asks a yes/no binary question about whether the household pays such taxes, while Question B requests a specific dollar amount for annual taxes. Question A cannot determine tax burden magnitude, whereas Question B cannot identify non-payers. The response formats are fundamentally incompatible despite measuring the same underlying concept.","Question A asks a yes/no about whether the household pays property tax on the home, while Question B requests the annual dollar amount of real estate taxes on the property. They address the same subject (property taxes) but use different response formats and elicit different information (incidence vs. monetary amount).",partial,partial,not specified,not specified,annual,annual,True
FOODAPS_0292,FOODAPS_179,Do you/does your household pay real estate or property tax on your home?,ACS_61,"What is the annual payment for fire, hazard, and flood insurance on THIS property?","Costs (Mortgage, Taxes, Insurance)",related_but_distinct,related_but_distinct,high,high,"Both questions address housing costs but measure different components: Question A asks about property tax obligations (a tax liability), while Question B asks about insurance premiums (an insurance cost). Property taxes and insurance are distinct financial obligations with different purposes, payers, and legal requirements. Although both fall under the broader subtopic of housing costs, they cannot substitute for one another.","Question A asks whether the household pays real estate/property tax (a yes/no binary about taxes on the home), while Question B asks for the annual dollar amount of fire, hazard, and flood insurance on the property (a monetary amount about insurance). They address different specific cost types (taxes vs insurance) and use different response formats, so they are related by topic but distinct in content and measurement.",no,no,not specified,not specified,annual,annual (per year),True
FOODAPS_0293,FOODAPS_179,Do you/does your household pay real estate or property tax on your home?,ACS_62,"Do you or any member of this household have a mortgage, deed of trust, contract to purchase, or similar debt on THIS property?","Costs (Mortgage, Taxes, Insurance)",related_but_distinct,related_but_distinct,high,high,"Question A asks about property tax obligations on the home, while Question B asks about mortgage debt or liens on the property. These are fundamentally different financial concepts: property taxes are annual recurring obligations owed to government, while mortgages are debt instruments held by lenders. A household could have both, neither, or one without the other (e.g., own property free and clear but still owe property taxes). They measure distinct aspects of property costs and ownership status.","Question A asks specifically about paying real estate/property taxes on the home, while Question B asks about having a mortgage or similar debt on the property. These are different cost components — one identifies tax liability/payment, the other identifies financing/debt status — and one can occur without the other (e.g., owning outright and paying taxes, or having a mortgage but property taxes paid by an escrow agent or delinquent).",no,no,not specified,not specified,not specified,not specified,True
FOODAPS_0294,FOODAPS_179,Do you/does your household pay real estate or property tax on your home?,ACS_63,How much is the regular monthly mortgage payment on THIS property?,"Costs (Mortgage, Taxes, Insurance)",related_but_distinct,related_but_distinct,high,high,"While both questions address housing costs, they measure fundamentally different financial obligations. Question A asks about property tax liability (a yes/no determination of tax obligation), whereas Question B asks for the specific dollar amount of monthly mortgage payments. Property taxes and mortgages are distinct costs; a household could pay property taxes without a mortgage (own free and clear) or have a mortgage without property taxes (renters don't pay property tax). These questions cannot substitute for one another.","Question A asks whether the household pays real estate/property tax (a tax obligation), while Question B asks for the dollar amount of a regular monthly mortgage payment (a loan repayment). They concern different specific cost components and use different response formats (A implies yes/no, B requires a dollar amount); mortgage payments may sometimes include escrowed taxes but that does not make the items equivalent.",no,partial,not specified,not specified,not specified,monthly (regular monthly payment),True
FOODAPS_0295,FOODAPS_179,Do you/does your household pay real estate or property tax on your home?,ACS_64,Does the regular monthly mortgage payment include payments for real estate taxes on THIS property?,"Costs (Mortgage, Taxes, Insurance)",related_but_distinct,related_but_distinct,high,high,"Both questions address real estate taxes but from fundamentally different angles. Question A asks whether the household pays property tax on their home (a yes/no assessment of tax liability), while Question B asks whether mortgage payments include escrowed tax amounts (a specific payment mechanism question). A household could answer 'yes' to Question A but 'no' to Question B if they pay property taxes separately outside their mortgage, or vice versa in rare cases. These measure different concepts related to property tax.","Question A asks whether the household pays real estate/property tax on their home in general. Question B asks specifically whether the regular monthly mortgage payment includes payments for real estate taxes on the property (i.e., whether taxes are escrowed in the mortgage). B presumes a mortgage and only captures inclusion-in-mortgage information, whereas A captures tax payment responsibility regardless of mortgage status, so they are related but ask different specific things.",no,no,not specified,not specified,not specified,not specified,True
FOODAPS_0296,FOODAPS_179,Do you/does your household pay real estate or property tax on your home?,ACS_65,"Does the regular monthly mortgage payment include payments for fire, hazard, or flood insurance on THIS property?","Costs (Mortgage, Taxes, Insurance)",related_but_distinct,related_but_distinct,high,high,"Both questions address housing costs but measure different components: Question A asks about property/real estate taxes paid on the home, while Question B specifically asks whether mortgage payments include insurance costs (fire, hazard, flood). These are distinct financial obligations—property taxes are mandatory government levies, while insurance payments embedded in mortgages are optional add-ons. Neither question can substitute for the other as they capture different aspects of housing expenses.","Question A asks whether the household pays real estate/property tax on the home (a tax obligation), while Question B asks whether the monthly mortgage payment includes payments for fire/hazard/flood insurance (insurance premium included in mortgage). They address different cost components (taxes vs insurance) and different payment mechanisms, so they are related by topic but ask distinct facts.",no,no,not specified,not specified,not specified,not specified,True
FOODAPS_0297,FOODAPS_179,Do you/does your household pay real estate or property tax on your home?,ACS_66,Do you or any member of this household have a second mortgage or a home equity loan on THIS property?,"Costs (Mortgage, Taxes, Insurance)",related_but_distinct,related_but_distinct,high,high,"Question A asks about property tax payment on a primary residence, while Question B asks about second mortgages and home equity loans on the same property. These are distinct financial obligations—property taxes are mandatory levies on real estate ownership, while second mortgages and home equity loans are optional borrowing products. Although both relate to housing costs, they measure fundamentally different financial instruments and cannot serve as proxies for one another.","Question A asks about paying real estate/property taxes (a tax obligation), while Question B asks about having a second mortgage or home equity loan (a form of secured debt) on the property. These are different financial constructs—one is a recurring tax payment, the other is a borrowing instrument—so they are on the same general topic (housing costs/finance) but ask about distinct things. Both are yes/no and have no explicit time frame, but that does not make them equivalent.",no,no,not specified,not specified,not specified,not specified,True
FOODAPS_0298,FOODAPS_179,Do you/does your household pay real estate or property tax on your home?,ACS_67,How much is the regular monthly payment on all second or junior mortgages and all home equity loans on THIS property?,"Costs (Mortgage, Taxes, Insurance)",not_comparable,related_but_distinct,high,high,"Question A asks about property tax payment status (yes/no binary), while Question B asks for a specific dollar amount of monthly mortgage/equity loan payments. These measure entirely different housing costs—property taxes versus mortgage debt service—and have fundamentally different response formats (boolean vs. currency). They are related only in that both concern housing expenses.","Question A asks whether the household pays property (real estate) tax on the home (a yes/no about a tax obligation), while Question B asks for the dollar amount of regular monthly payments on second/junior mortgages and home equity loans for the specified property (debt service). They address different financial obligations, have different scopes (household/home vs THIS property’s secondary loans) and different response formats, so they are related by topic but measure distinct constructs.",no,no,not specified,not specified,regular monthly,monthly,False
FOODAPS_0299,FOODAPS_179,Do you/does your household pay real estate or property tax on your home?,ACS_68,"What are the total annual costs for personal property taxes, site rent, registration fees, and license fees on THIS mobile home and its site?","Costs (Mortgage, Taxes, Insurance)",response_format_mismatch,related_but_distinct,high,high,"Both questions address property/personal taxes on residential property, but Question A uses a yes/no binary format to establish whether taxes are paid at all, while Question B requests specific dollar amounts for annual costs. Question B is also narrower in scope, applying only to mobile homes and their sites, whereas Question A applies to general home ownership. These format and scope differences prevent them from being used interchangeably.","Question A is a yes/no question about whether the household pays real estate/property tax on their home in general, while Question B requests an annual dollar amount and is specific to THIS mobile home and its site and includes personal property taxes plus site rent, registration and license fees. They differ in scope (general home vs. mobile home), content (property tax only vs. multiple fees), and response format (yes/no vs. dollar amount).",partial,partial,not specified,not specified,annual,annual,False
FOODAPS_0300,FOODAPS_180,How frequently do you/does your household pay for real estate or property tax on your home?,ACS_60,What are the annual real estate taxes on THIS property?,"Costs (Mortgage, Taxes, Insurance)",response_format_mismatch,response_format_mismatch,high,high,"Both questions address real estate taxes on a home, but Question A asks about payment frequency (how often: e.g., annually, semi-annually, monthly) while Question B asks for the dollar amount of annual taxes. Question A captures behavioral/payment patterns whereas Question B captures a specific financial value. The reference periods also differ—Question A is vague about timing while Question B explicitly specifies annual amounts.","Both questions address real estate/property tax on a home but ask different information: Question A asks how often payments are made (payment frequency), while Question B asks for the annual dollar amount of taxes on the property. They therefore differ in response format and the specific metric collected (frequency vs monetary amount), and Question A also lacks an explicit reference period while B explicitly asks for an annual amount.",no,partial,not specified (implies ongoing/habitual),not specified,annual,annual,True
FOODAPS_0301,FOODAPS_180,How frequently do you/does your household pay for real estate or property tax on your home?,ACS_61,"What is the annual payment for fire, hazard, and flood insurance on THIS property?","Costs (Mortgage, Taxes, Insurance)",related_but_distinct,related_but_distinct,high,high,"Both questions address housing costs but measure different expense categories. Question A asks about property/real estate taxes, while Question B asks about insurance premiums (fire, hazard, flood). These are distinct cost components of homeownership. Additionally, Question A uses frequency language ('how frequently') suggesting a categorical response, while Question B requests a specific dollar amount, representing a response format mismatch.","Question A asks about the frequency of paying real estate/property tax on the home, while Question B asks for the annual dollar amount of fire/hazard/flood insurance on the property. They target different specific cost types and use different response formats (frequency vs. monetary amount), so they are related by the general topic of housing costs but distinct in meaning and measurement.",no,no,not specified,not specified,annual,annual (per year),True
FOODAPS_0302,FOODAPS_180,How frequently do you/does your household pay for real estate or property tax on your home?,ACS_62,"Do you or any member of this household have a mortgage, deed of trust, contract to purchase, or similar debt on THIS property?","Costs (Mortgage, Taxes, Insurance)",related_but_distinct,related_but_distinct,high,high,"Question A asks about property tax payment frequency, while Question B asks about mortgage/debt status on the property. These are distinct housing cost components—taxes are separate from debt obligations, and a household could have one without the other (e.g., own free and clear but still pay property taxes, or have a mortgage but be tax-exempt). They measure different financial relationships to the property.","Question A asks how often the household pays real estate/property tax (a frequency measure about tax payments). Question B asks whether anyone has a mortgage or similar debt on the property (a yes/no financing/ownership burden). These measure different constructs (tax payment behavior versus presence of secured debt) and have different response formats, so they are not interchangeable.",no,no,not specified (implies ongoing/frequency-based),not specified,not specified (implies current status),not specified,True
FOODAPS_0303,FOODAPS_180,How frequently do you/does your household pay for real estate or property tax on your home?,ACS_63,How much is the regular monthly mortgage payment on THIS property?,"Costs (Mortgage, Taxes, Insurance)",related_but_distinct,related_but_distinct,high,high,"Both questions address housing costs but measure fundamentally different components: Question A asks about property tax payment frequency, while Question B asks about mortgage payment amounts. Property taxes and mortgage payments are distinct financial obligations with different purposes, collection methods, and populations affected (renters don't pay property taxes; some homeowners have mortgages, others don't). These cannot be used interchangeably despite both relating to housing costs.","Question A asks about the frequency of paying real estate/property tax (a tax obligation) while Question B asks for the dollar amount of the regular monthly mortgage payment (a loan repayment). They address different financial obligations, use different response formats (frequency vs dollar amount), and B explicitly refers to a monthly period while A gives no explicit reference period. Because they measure distinct components of housing costs, they are related but not interchangeable.",no,no,not specified (implies ongoing/current),not specified,regular/current monthly,monthly,True
FOODAPS_0304,FOODAPS_180,How frequently do you/does your household pay for real estate or property tax on your home?,ACS_64,Does the regular monthly mortgage payment include payments for real estate taxes on THIS property?,"Costs (Mortgage, Taxes, Insurance)",related_but_distinct,related_but_distinct,high,high,"While both questions address property taxes, they measure fundamentally different concepts. Question A asks about the frequency of paying property taxes (behavior/payment pattern), while Question B asks whether mortgage payments include escrow for taxes (structural characteristic of the mortgage). Question A could apply to all homeowners; Question B only applies to those with mortgages. These are distinct operational aspects of property tax obligations.","Question A asks how frequently the household pays real estate/property tax (a frequency measure and applies to any payer), whereas Question B asks a yes/no about whether the regular monthly mortgage payment includes real estate taxes for this property (targeting mortgage payers and the inclusion of taxes in escrow). They differ in target population, the specific aspect of tax payment being asked, and response format, so they are related but ask different information.",no,partial,not specified,not specified,not specified,monthly (regular monthly mortgage payment),True
FOODAPS_0305,FOODAPS_180,How frequently do you/does your household pay for real estate or property tax on your home?,ACS_65,"Does the regular monthly mortgage payment include payments for fire, hazard, or flood insurance on THIS property?","Costs (Mortgage, Taxes, Insurance)",related_but_distinct,related_but_distinct,high,high,"While both questions address housing costs, they ask about fundamentally different expense categories: Question A specifically inquires about property/real estate tax payments, whereas Question B asks about insurance (fire, hazard, flood) that may be included in mortgage payments. Property taxes and insurance are distinct financial obligations with different payment structures and purposes. Question A uses 'how frequently' (frequency-based response), while Question B uses yes/no format, representing different response structures.","Question A asks about the frequency of paying real estate/property taxes on the home (a tax payment behavior), whereas Question B asks whether the monthly mortgage payment includes payments for fire/hazard/flood insurance (whether insurance is bundled into mortgage). They address different specific costs and constructs (tax timing vs mortgage-included insurance) and are not interchangeable.",no,no,not specified,not specified,not specified,not specified,True
FOODAPS_0306,FOODAPS_180,How frequently do you/does your household pay for real estate or property tax on your home?,ACS_66,Do you or any member of this household have a second mortgage or a home equity loan on THIS property?,"Costs (Mortgage, Taxes, Insurance)",related_but_distinct,related_but_distinct,high,high,"While both questions address housing costs, they measure fundamentally different concepts. Question A asks about property tax payment frequency (a recurrent expense), while Question B asks about the existence of secondary debt instruments on the property (a liability status). Property taxes are mandatory annual/semi-annual expenses, whereas second mortgages and home equity loans are optional financial products that not all homeowners have. These represent distinct dimensions of housing finance.","Question A asks about the frequency of paying real estate/property taxes on the home (a tax payment behavior), while Question B asks whether anyone in the household has a second mortgage or home equity loan on the property (a form of debt). They address different constructs (tax payments vs. mortgage/loan status) and use different response formats (frequency vs. yes/no), so they are related by topic but distinct in content.",no,no,not specified (implies ongoing/habitual),not specified,not specified (current status),not specified,True
FOODAPS_0307,FOODAPS_180,How frequently do you/does your household pay for real estate or property tax on your home?,ACS_67,How much is the regular monthly payment on all second or junior mortgages and all home equity loans on THIS property?,"Costs (Mortgage, Taxes, Insurance)",not_comparable,related_but_distinct,high,high,"These questions measure fundamentally different housing costs: Question A asks about property tax payment frequency (a tax obligation), while Question B asks about second/junior mortgage and home equity loan payments (debt obligations). Additionally, Question A uses a frequency response format ('how frequently'), while Question B requests a dollar amount. They address distinct financial concepts within the broader housing cost category.","Question A asks about the frequency of paying real estate/property tax (a tax obligation), while Question B asks for the regular monthly dollar payment on second/junior mortgages and home equity loans (loan repayment). They address different financial obligations and use different response units (frequency vs dollar amount) and time framing (unspecified frequency vs explicit monthly amount).",no,no,not specified (frequency-based),not specified,regular monthly (implicit ongoing),monthly,False
FOODAPS_0308,FOODAPS_180,How frequently do you/does your household pay for real estate or property tax on your home?,ACS_68,"What are the total annual costs for personal property taxes, site rent, registration fees, and license fees on THIS mobile home and its site?","Costs (Mortgage, Taxes, Insurance)",related_but_distinct,related_but_distinct,high,high,"Both questions address property taxes but target fundamentally different populations and property types: Question A asks about real estate/home property taxes for general homeowners (frequency-based), while Question B specifically addresses mobile home personal property taxes, site rent, and registration fees (dollar amount). Question A uses a frequency response format while Question B requests total annual costs, and they apply to different housing types with different tax structures.","Question A asks about the frequency of paying real estate/property tax on a (general) home, while Question B asks for the total annual dollar cost of several items (personal property taxes, site rent, registration and license fees) specific to a mobile home and its site. They differ in metric (payment frequency vs dollar amount), tax type and scope (real estate/property tax on a home vs personal property taxes plus site rent and fees for a mobile home).",no,no,not specified,not specified,annual,annual,True
FOODAPS_0309,FOODAPS_181,How much do you/does your household usually pay for real estate or property tax on your home [insert fill from G8B]?,ACS_60,What are the annual real estate taxes on THIS property?,"Costs (Mortgage, Taxes, Insurance)",near_duplicate,reference_period_mismatch,high,high,"Both questions ask about real estate/property taxes on a respondent's home with nearly identical core concepts and response formats (open-ended dollar amounts). The primary difference is that Question A asks what households 'usually' pay (suggesting typical/habitual amounts), while Question B specifically asks for 'annual' taxes, which creates a minor temporal distinction. This difference is negligible for most practical purposes since annual property taxes are relatively stable year-to-year.","Both questions ask for the monetary amount of real estate/property taxes for the respondent's home, but ACS explicitly requests an annual amount while FoodAPS asks how much is ""usually paid"" without specifying a time frame, creating ambiguity about whether the intended reference is annual, monthly, or per payment. Response formats are both monetary amounts, so the primary substantive difference is the explicit vs. unspecified reference period.",yes,partial,usually (habitual/typical pattern),not specified,annual,annual,False
FOODAPS_0310,FOODAPS_181,How much do you/does your household usually pay for real estate or property tax on your home [insert fill from G8B]?,ACS_61,"What is the annual payment for fire, hazard, and flood insurance on THIS property?","Costs (Mortgage, Taxes, Insurance)",related_but_distinct,related_but_distinct,high,high,"While both questions address household property costs, they ask about fundamentally different expense categories: Question A asks about real estate/property taxes, while Question B asks about fire, hazard, and flood insurance premiums. These are distinct cost components with different purposes, payers (often), and calculation methods. The reference periods also differ slightly (habitual vs. explicitly annual).","Question A asks about real estate/property tax on the home (a tax), while Question B asks about annual payments for fire, hazard, and flood insurance (an insurance premium). They cover the same general topic of housing-related costs but ask about different specific types of payments and thus are not interchangeable.",no,no,usually (habitual/typical amount),not specified,annual,annual,True
FOODAPS_0311,FOODAPS_181,How much do you/does your household usually pay for real estate or property tax on your home [insert fill from G8B]?,ACS_62,"Do you or any member of this household have a mortgage, deed of trust, contract to purchase, or similar debt on THIS property?","Costs (Mortgage, Taxes, Insurance)",related_but_distinct,related_but_distinct,high,high,"Question A asks about the dollar amount of property taxes typically paid on a home, while Question B asks whether a mortgage or similar debt exists on the property. These address different financial dimensions: one measures a recurring tax expense, the other measures debt obligation status. While both relate to housing costs, they capture fundamentally different information that cannot be derived from one another.","Question A asks for the dollar amount the household 'usually' pays in real estate/property tax on the home (a monetary, recurring tax amount). Question B asks a yes/no about whether the household has a mortgage or similar debt on the property (presence of debt). These are different constructs (tax payment amount vs existence of mortgage), use different response formats (dollar amount vs binary), and therefore are related by topic (housing costs) but distinct in content.",no,no,usual/ongoing,not specified,not specified,not specified,True
FOODAPS_0312,FOODAPS_181,How much do you/does your household usually pay for real estate or property tax on your home [insert fill from G8B]?,ACS_63,How much is the regular monthly mortgage payment on THIS property?,"Costs (Mortgage, Taxes, Insurance)",related_but_distinct,related_but_distinct,high,high,"These questions address different housing cost components: Question A asks about property/real estate taxes, while Question B asks about mortgage payments. Although both relate to housing costs, they measure fundamentally different financial obligations. Additionally, Question A's reference period is vague ('usually pay') while Question B specifies 'regular monthly,' creating a secondary mismatch even if the concepts were identical.","Question A asks about real estate/property taxes paid on the home (a tax obligation), while Question B asks about the regular monthly mortgage payment (loan repayment). They address different components of housing cost and use different frequency wording (A: 'usually' unspecified, likely annual in practice; B: monthly), so they are related by topic but distinct in meaning.",no,no,usual/typical (not specified as annual or monthly),usually (not specified),regular monthly,regular monthly,True
FOODAPS_0313,FOODAPS_181,How much do you/does your household usually pay for real estate or property tax on your home [insert fill from G8B]?,ACS_64,Does the regular monthly mortgage payment include payments for real estate taxes on THIS property?,"Costs (Mortgage, Taxes, Insurance)",related_but_distinct,related_but_distinct,high,high,"Question A asks for the actual dollar amount households pay for property taxes, while Question B asks whether mortgage payments include property taxes as a component—a yes/no determination about payment structure. These are fundamentally different questions: one seeks a cost amount, the other seeks information about billing/payment inclusion. They address related but distinct aspects of property tax obligations.","Question A asks for the amount the household usually pays for real estate/property tax (a monetary quantity) with no explicit time frame. Question B asks a yes/no question about whether the regular monthly mortgage payment includes real estate taxes (i.e., whether taxes are paid via mortgage/escrow), not the amount of tax. They concern the same general topic (mortgage/taxes) but ask different, non-interchangeable specifics.",no,no,usually (habitual/typical pattern),not specified,not specified (current/regular pattern),regular monthly,True
FOODAPS_0314,FOODAPS_181,How much do you/does your household usually pay for real estate or property tax on your home [insert fill from G8B]?,ACS_65,"Does the regular monthly mortgage payment include payments for fire, hazard, or flood insurance on THIS property?","Costs (Mortgage, Taxes, Insurance)",related_but_distinct,related_but_distinct,high,high,"Both questions address housing costs but ask about different expense components: Question A specifically inquires about property/real estate taxes, while Question B asks whether mortgage payments include insurance (fire, hazard, flood). These are distinct line items in housing costs—taxes versus insurance—making them complementary rather than overlapping measures of the same concept.","Question A asks for the usual dollar amount paid for real estate/property tax on the home, while Question B asks a yes/no about whether the monthly mortgage payment includes fire/hazard/flood insurance. They target different cost components (property tax vs insurance inclusion) and use different response formats (dollar amount vs yes/no), so they are related by topic but ask distinct things.",no,no,usual (ongoing/typical),not specified,not specified (current/regular),regular monthly,True
FOODAPS_0315,FOODAPS_181,How much do you/does your household usually pay for real estate or property tax on your home [insert fill from G8B]?,ACS_66,Do you or any member of this household have a second mortgage or a home equity loan on THIS property?,"Costs (Mortgage, Taxes, Insurance)",not_comparable,related_but_distinct,high,high,"Question A asks about property tax payments, which is an annual recurring cost, while Question B asks about the presence of a second mortgage or home equity loan, which is a binary debt status question. These measure fundamentally different housing cost/debt concepts—one addresses tax obligations and the other addresses secondary loan products. They cannot serve as substitutes for each other.","Question A asks for the dollar amount usually paid for real estate/property tax on the home (a recurring cost measure), while Question B asks a yes/no question about whether a second mortgage or home equity loan exists on the property (a liability/loan presence). They target different constructs (tax expense vs. mortgage/loan status) and use different response formats, so they are related by the general topic of housing costs/financing but are not interchangeable.",no,no,usually (ongoing/typical),not specified,not specified (current status),not specified,False
FOODAPS_0316,FOODAPS_181,How much do you/does your household usually pay for real estate or property tax on your home [insert fill from G8B]?,ACS_67,How much is the regular monthly payment on all second or junior mortgages and all home equity loans on THIS property?,"Costs (Mortgage, Taxes, Insurance)",related_but_distinct,related_but_distinct,high,high,"Both questions address housing costs but measure fundamentally different financial obligations: Question A asks about property/real estate taxes on the home, while Question B asks about secondary mortgage and home equity loan payments. These are distinct cost categories that cannot substitute for one another—a household could have one, both, or neither. While both use similar time reference frames (usual/regular payments), they target different components of housing expenses.","Question A asks about property (real estate) taxes the household usually pays on the home, while Question B asks about the regular monthly payment on second/junior mortgages and home equity loans for the property. They address different expense types (taxes vs mortgage/home-equity loan payments) and B explicitly specifies a monthly payment period whereas A does not specify a time frame. Because the content differs materially, they are related by the general cost topic but distinct in what they measure.",no,no,usually (ongoing/typical),not specified,regular monthly (ongoing/typical),monthly,True
FOODAPS_0317,FOODAPS_181,How much do you/does your household usually pay for real estate or property tax on your home [insert fill from G8B]?,ACS_68,"What are the total annual costs for personal property taxes, site rent, registration fees, and license fees on THIS mobile home and its site?","Costs (Mortgage, Taxes, Insurance)",related_but_distinct,related_but_distinct,high,high,"Both questions address property-related tax costs, but Question A specifically targets real estate/property tax on a permanent home, while Question B asks about personal property taxes AND multiple additional fees (site rent, registration, license fees) specific to mobile homes. Question B's scope is broader and includes non-tax components; Question A is narrower and home-type specific. These are not equivalent measures despite both relating to property costs.","Question A asks about the usual amount paid for real estate/property tax on a household's home (no explicit period and limited to real estate/property tax). Question B asks for total annual costs including personal property taxes, site rent, registration fees, and license fees specifically for a mobile home and its site. They differ in scope (types of charges included), target dwelling (general home vs THIS mobile home), and B explicitly specifies an annual reference period.",no,no,usual/ongoing (property tax on home),not specified,total annual costs,annual,True
FOODAPS_0318,FOODAPS_197,"How many hours do you normally work for pay, including paid sick time and paid leave time?",ACS_6,How many hours do you usually work per week at this rate?,"Hours/Week, Weeks/Year",near_duplicate,near_duplicate,high,high,"Both questions ask about typical/usual work hours on a weekly basis, with nearly identical reference periods and response formats. Question A explicitly mentions inclusion of paid leave/sick time, which is a minor definitional difference but doesn't change the core measurement objective. The slight wording variation ('normally work for pay' vs 'usually work per week') is inconsequential to comparability.","Both questions elicit usual hours worked, so the core concept is the same (typical hours worked). However, Question A does not specify a per‑week timeframe and explicitly includes paid sick and paid leave hours, while Question B explicitly asks for hours per week and ties the hours to a particular pay rate/job (""at this rate""). These subtle scope and phrasing differences could change responses.",partial,partial,normally (typical/usual pattern),not specified,usually per week (typical/usual pattern),per week,True
FOODAPS_0319,FOODAPS_197,"How many hours do you normally work for pay, including paid sick time and paid leave time?",ACS_7,How many hours do you usually work per week at this rate?,"Hours/Week, Weeks/Year",near_duplicate,reference_period_mismatch,high,high,"Both questions ask about typical/usual hours worked for pay, with nearly identical core meaning and response format (numeric hours). The primary difference is that Question B explicitly specifies 'per week' while Question A does not state a time unit, though the FoodAPS context likely implies weekly hours as well. Question A includes the detail about paid sick/leave time being counted, which is a minor specification difference but doesn't fundamentally change the concept being measured.","Question A asks how many hours the respondent 'normally' works for pay but does not specify a time unit (e.g., per week), and it explicitly includes paid sick and paid leave. Question B explicitly asks for hours 'per week' and ties the hours to a particular pay rate ('at this rate'), and does not mention paid leave inclusion. The mismatch in explicit reference period (unspecified vs. per week) — plus the subtle difference about paid leave and linkage to a pay rate — drives the classification.",partial,partial,normal/usual (not specified as to time frame),not specified,usually per week,per week,False
FOODAPS_0320,FOODAPS_197,"How many hours do you normally work for pay, including paid sick time and paid leave time?",ACS_10,How many hours do you usually work per week at this rate?,"Hours/Week, Weeks/Year",near_duplicate,near_duplicate,high,medium,"Both questions ask about typical/usual hours worked per week in a habitual sense rather than a specific reference period. The core concept is identical: regular weekly work hours. Question A explicitly includes paid leave/sick time in the hours calculation, while Question B does not specify this detail, creating a minor but potentially meaningful methodological difference in what constitutes 'hours worked.'","Both questions ask for the usual number of hours worked (hours/week), so they share the same core concept. Question A is ambiguous about the reference period and explicitly instructs respondents to include paid sick and leave time, while Question B explicitly asks ""per week"" and ties the hours to a pay rate (""at this rate""). These are minor but potentially important wording differences that do not fundamentally change the concept being measured.",partial,partial,normally (habitual/typical),not specified,usually per week (habitual/typical),per week,True
FOODAPS_0321,FOODAPS_197,"How many hours do you normally work for pay, including paid sick time and paid leave time?",ACS_11,How many hours do you usually work per week at this rate?,"Hours/Week, Weeks/Year",near_duplicate,near_duplicate,high,medium,"Both questions ask about typical/usual hours worked per week for pay, with nearly identical intent and response format (numeric hours). The only substantive difference is that Question A explicitly includes 'paid sick time and paid leave time' in its definition, while Question B does not specify whether to include paid time off. This inclusion difference is minor and unlikely to significantly alter responses for most respondents, making these functionally equivalent measures of usual weekly work hours.","Both questions ask about usual hours worked for pay (core concept = typical work hours), but A uses vague wording ""normally"" and explicitly includes paid sick and paid leave time while B explicitly asks ""per week"" and ties hours to ""this rate."" The slight differences in explicit time frame and inclusion of paid leave make them not identical but closely aligned.",partial,partial,normally (typical/usual work hours),not specified,usually per week (typical/usual work hours),per week,True
FOODAPS_0322,FOODAPS_197,"How many hours do you normally work for pay, including paid sick time and paid leave time?",ACS_12,What is your best estimate of the number of hours per week you usually work at this rate?,"Hours/Week, Weeks/Year",near_duplicate,near_duplicate,high,high,"Both questions ask about typical/usual hours worked for pay on a recurring basis, with nearly identical intent and comparable response formats. The primary difference is that Question A includes explicit mention of paid sick/leave time in the calculation, while Question B simply asks about hours 'usually work at this rate.' Question B explicitly specifies 'per week' while Question A leaves the time unit implicit, though context suggests weekly hours as well.","Both questions ask for the usual number of hours worked for pay and expect a numeric hours response, so they measure the same core concept. Differences are minor but meaningful: A does not explicitly state a per-week period and explicitly includes paid sick and paid leave, whereas B explicitly asks for hours per week and ties the hours to work ""at this rate,"" which may imply only hours actually worked (potentially excluding paid leave).",partial,partial,not specified (implies usual/normal pattern),not specified (asks about 'normally'),"per week, usual",per week (usually),True
FOODAPS_0323,FOODAPS_197,"How many hours do you normally work for pay, including paid sick time and paid leave time?",ACS_115,"During the PAST 12 MONTHS (52 weeks), did this person work EVERY week? Count paid vacation, paid sick leave, and military service as work","Hours/Week, Weeks/Year",related_but_distinct,related_but_distinct,high,high,"Question A asks about typical weekly hours normally worked (a habitual measure), while Question B asks about work consistency over 12 months (whether someone worked every week). These measure different dimensions of employment: A targets intensity of work effort per week, B targets continuity of employment across the year. They address different aspects of work patterns and cannot substitute for each other.","Question A asks for the usual number of hours worked for pay (a quantitative measure of hours, with no explicit time frame). Question B asks a binary yes/no about whether the person worked every week during the past 12 months, counting paid leave as work (a measure of weeks worked/continuity). They address related labor concepts but ask different specific things (hours level vs. weeks continuity and explicit 12-month reference).",no,no,not specified (habitual/normal),not specified,past 12 months,past 12 months (52 weeks),True
FOODAPS_0324,FOODAPS_197,"How many hours do you normally work for pay, including paid sick time and paid leave time?",ACS_116,"During the PAST 12 MONTHS (52 weeks), how many WEEKS did this person work? Include paid time off and include weeks when the person only worked for a few hours.","Hours/Week, Weeks/Year",related_but_distinct,related_but_distinct,high,high,"Both questions address work effort but measure fundamentally different constructs: Question A asks about usual weekly hours (intensity of work when working), while Question B asks about weeks worked in a year (frequency/continuity of employment). Question A provides no time frame reference (normal/usual), whereas Question B specifies a 12-month lookback period. These capture complementary but distinct labor supply dimensions that cannot be directly derived from one another.","Question A asks about typical hours worked (an intensity measure, implicitly per usual week) while Question B asks how many weeks worked over the past 12 months (a duration/count over a year). B has an explicit 12-month reference and counts weeks; A does not specify a reference period and elicits hours rather than weeks. These capture different dimensions of labor supply (hours/week vs weeks/year) and are not interchangeable.",no,no,"not specified (implies usual/normal, likely current job)",not specified,past 12 months (52 weeks),past 12 months (52 weeks),True
FOODAPS_0325,FOODAPS_197,"How many hours do you normally work for pay, including paid sick time and paid leave time?",ACS_117,"During the PAST 12 MONTHS, in the WEEKS WORKED, how many hours did this person usually work each WEEK?","Hours/Week, Weeks/Year",reference_period_mismatch,reference_period_mismatch,high,high,"Both questions ask about usual hours worked per week, but Question A asks about normal/habitual hours without a specified time frame, while Question B explicitly anchors to the past 12 months and conditions the response on weeks actually worked. Question A captures a general typical pattern, whereas Question B captures actual recent work experience with a defined reference period, making them measure slightly different constructs despite similar wording.","Both questions ask for usual hours per week, but Question A gives no explicit time frame and seems to ask about the respondent's current/normal hours (and explicitly includes paid sick and paid leave), while Question B asks about usual weekly hours during the weeks worked over the past 12 months. The explicit 12-month reference and the phrasing around ""weeks worked"" (and lack of a mention of paid leave) create a substantive reference-period and potential inclusion/exclusion difference.",partial,partial,not specified (habitual/usual work hours),not specified,past 12 months (weeks worked during that period),past 12 months (weeks worked),True
FOODAPS_0326,FOODAPS_198,"How many hours do you normally work for pay, including paid sick time and paid leave time?",ACS_6,How many hours do you usually work per week at this rate?,"Hours/Week, Weeks/Year",near_duplicate,near_duplicate,high,medium,"Both questions ask about typical/usual hours worked for pay in a weekly context. Question A explicitly includes paid time off in the hours worked, while Question B does not specify this inclusion. The core concept is identical (usual weekly work hours), but Question A's explicit mention of paid leave time represents a minor definitional difference that could produce slightly different responses.","Both ask about the respondent's usual hours worked for pay (core concept is hours worked). Differences are minor but important: A does not explicitly state a weekly period and explicitly includes paid sick/leave time, while B explicitly asks for hours per week ""at this rate"" (ties to a pay rate and omits explicit inclusion of paid leave). These wording differences could affect responses but do not change the core concept. ",partial,partial,normal/usual (not specified as past week or year),not specified (asks about 'normally' / usual hours),usually per week,per week,True
FOODAPS_0327,FOODAPS_198,"How many hours do you normally work for pay, including paid sick time and paid leave time?",ACS_7,How many hours do you usually work per week at this rate?,"Hours/Week, Weeks/Year",near_duplicate,reference_period_mismatch,high,medium,"Both questions ask about typical weekly work hours in a habitual sense rather than a specific recent period. The core concept is identical: usual hours worked per week for pay. Question A includes the clarification that paid sick and leave time should be included, while Question B simply asks about usual hours 'at this rate'—a minor definitional difference that doesn't substantially change the measurement intent.","Question A asks how many hours the respondent 'normally' works but does not specify a time unit (e.g., per week), while Question B explicitly asks for hours 'per week'. In addition, A specifies inclusion of paid sick and leave time and is framed as hours worked for pay, whereas B refers to hours 'at this rate' (pay-rate context), so there are small content differences beyond the explicit time-frame mismatch.",partial,partial,normally (habitual/usual pattern),not specified,usually per week (habitual/usual pattern),per week,False
FOODAPS_0328,FOODAPS_198,"How many hours do you normally work for pay, including paid sick time and paid leave time?",ACS_10,How many hours do you usually work per week at this rate?,"Hours/Week, Weeks/Year",near_duplicate,near_duplicate,high,medium,"Both questions ask about typical or usual hours worked per week in a habitual sense rather than a specific reference period. Question A explicitly includes paid leave and sick time in the hours count, while Question B does not specify this inclusion, representing a minor but potentially meaningful difference in scope. The core concept—usual weekly work hours—is essentially identical despite this definitional variation.","Both ask for usual hours worked for pay (core concept: typical work hours), but Question A uses vague wording ""normally"" without an explicit time unit and explicitly includes paid sick/leave, while Question B explicitly asks ""per week"" and adds ""at this rate."" These are minor wording differences that could affect interpretation (time unit and inclusion of paid leave) but do not change the underlying concept of usual hours worked.",partial,partial,normally (habitual/typical pattern),not specified,usually per week (habitual/typical pattern),per week,True
FOODAPS_0329,FOODAPS_198,"How many hours do you normally work for pay, including paid sick time and paid leave time?",ACS_11,How many hours do you usually work per week at this rate?,"Hours/Week, Weeks/Year",near_duplicate,near_duplicate,high,medium,"Both questions ask about typical/usual weekly hours of work with nearly identical reference periods and response formats. Question A explicitly includes paid leave/sick time in the calculation, while Question B does not specify this inclusion, creating a minor definitional difference in what counts as 'hours worked.' Despite this distinction, they measure the same core concept—regular weekly work hours—using comparable temporal language ('normally' vs. 'usually').","Both questions ask about the usual number of hours worked for pay (core concept = usual hours/week). Question A uses the word ""normally"" and explicitly includes paid sick and paid leave time, but does not specify a time unit; Question B explicitly asks ""per week"" and refers to hours ""at this rate,"" without mentioning paid leave. These are minor wording differences that could affect responses (inclusion of paid leave and the implicit vs explicit weekly frame) but do not change the core concept.",partial,partial,normally (ongoing/typical pattern),not specified,usually (ongoing/typical pattern),per week,True
FOODAPS_0330,FOODAPS_198,"How many hours do you normally work for pay, including paid sick time and paid leave time?",ACS_12,What is your best estimate of the number of hours per week you usually work at this rate?,"Hours/Week, Weeks/Year",near_duplicate,reference_period_mismatch,high,high,"Both questions ask about typical or usual hours worked per week in paid employment, using nearly identical conceptual frameworks. The minor wording differences (""normally work"" vs ""usually work"") do not meaningfully change the intent or response interpretation. Both reference typical/habitual work patterns rather than a specific past period, making them substantively equivalent despite slightly different phrasing.","Both questions ask about usual paid work hours, but Question A does not specify a time unit (it asks how many hours you ""normally"" work) while Question B explicitly asks for hours per week. Question A also explicitly includes paid sick and paid leave time, whereas Question B does not mention inclusion of paid leave and adds context (""at this rate"") that could limit scope to a specific job/rate.",partial,partial,normal/usual (not specified as current week or past period),"not specified (asks about ""normally"" or ""usually"" without an explicit period)",usually work at this rate (not specified as current week or past period),"per week (asks ""number of hours per week you usually work"")",False
FOODAPS_0331,FOODAPS_198,"How many hours do you normally work for pay, including paid sick time and paid leave time?",ACS_115,"During the PAST 12 MONTHS (52 weeks), did this person work EVERY week? Count paid vacation, paid sick leave, and military service as work","Hours/Week, Weeks/Year",related_but_distinct,related_but_distinct,high,high,"Question A asks about usual/habitual hours per week worked, while Question B asks about work consistency over the past 12 months (whether work occurred every week). These address different dimensions of employment: Question A captures intensity/hours, while Question B captures frequency/continuity. Question B also explicitly includes paid leave as work time, whereas Question A mentions paid leave as part of hours worked but doesn't clarify the counting convention.",Question A asks for the respondent's usual number of hours worked for pay (including paid sick/leave) with no explicit time frame and expects a quantitative answer (hours). Question B asks a binary yes/no about whether the person worked every week in the past 12 months (counting paid leave and military service) and has an explicit 12-month reference period. They address the general topic of work time but measure different constructs (typical hours versus continuity of weeks worked) and therefore are distinct.,no,no,not specified (habitual/normal),not specified,past 12 months,past 12 months (52 weeks),True
FOODAPS_0332,FOODAPS_198,"How many hours do you normally work for pay, including paid sick time and paid leave time?",ACS_116,"During the PAST 12 MONTHS (52 weeks), how many WEEKS did this person work? Include paid time off and include weeks when the person only worked for a few hours.","Hours/Week, Weeks/Year",related_but_distinct,related_but_distinct,high,high,"While both questions address employment work time, they measure fundamentally different metrics: Question A asks for usual weekly hours worked, while Question B asks for total weeks worked in a year. These produce different units (hours/week vs. weeks/year) and cannot be directly converted without additional information. Question A captures intensity of work per week; Question B captures frequency/consistency of employment across the year. The reference periods also differ—one is typical/habitual, the other is a specific 12-month retrospective.","Question A asks for the respondent’s usual number of hours worked (implicitly hours per typical work period, e.g., hours/week) while Question B asks how many weeks the person worked during the past 12 months. They overlap conceptually (paid work/time off) but ask different specific measures (hours versus weeks) and B has an explicit 12‑month reference while A asks about a usual/typical amount. These differences mean they are related but not equivalent.",no,no,not specified (implies usual/typical),not specified (asks about 'normally'),past 12 months (52 weeks),past 12 months (52 weeks),True
FOODAPS_0333,FOODAPS_198,"How many hours do you normally work for pay, including paid sick time and paid leave time?",ACS_117,"During the PAST 12 MONTHS, in the WEEKS WORKED, how many hours did this person usually work each WEEK?","Hours/Week, Weeks/Year",reference_period_mismatch,reference_period_mismatch,high,high,"Both questions ask about usual hours worked per week, which is the core concept in common. However, Question A asks about 'normally' work hours without a specific time frame, while Question B explicitly anchors to actual weeks worked during the past 12 months, making it retrospective and potentially capturing variation in work patterns. This difference in reference period could yield different responses if work hours fluctuate seasonally or due to employment changes.","Question A asks about 'normal' hours with no explicit time frame and explicitly includes paid sick and paid leave; Question B asks about usual weekly hours specifically 'during the PAST 12 MONTHS' and 'in the WEEKS WORKED.' The core concept (usual hours per week) is similar, but the explicit 12-month reference in B and the inclusion of paid leave in A create systematic differences that could change responses.",partial,partial,not specified (implies current/usual practice),not specified (asks about 'normally' / usual hours),past 12 months (weeks worked during that period),past 12 months (during the weeks worked),True
FOODAPS_0334,FOODAPS_199,What shift or shifts do you work? Select all that apply,ACS_6,How many hours do you usually work per week at this rate?,"Hours/Week, Weeks/Year",related_but_distinct,related_but_distinct,high,high,"Question A asks about shift type/pattern (categorical: morning, evening, night, rotating, etc.), while Question B asks about hours per week (quantitative). These measure different dimensions of work schedules—shift structure versus weekly hours—and neither question could substitute for the other. Someone working a night shift might work 20 or 40 hours per week, making these distinct pieces of information.","Question A asks about the timing of work (which shift(s) someone works), while Question B asks about the number of hours usually worked per week. They both concern employment but measure different attributes (shift schedule vs hours quantity) and use different response formats, so they are related but not the same. There is no shared reference period in A and B focuses on a typical week.",no,no,not specified,not specified,usual/typical (ongoing),usual/typical week (per week),True
FOODAPS_0335,FOODAPS_199,What shift or shifts do you work? Select all that apply,ACS_7,How many hours do you usually work per week at this rate?,"Hours/Week, Weeks/Year",not_comparable,related_but_distinct,high,high,"Question A asks about shift patterns (work schedule type: day, night, rotating, etc.), while Question B asks about hours worked per week (quantity/duration). These are fundamentally different dimensions of employment—one concerns scheduling patterns and the other concerns workload volume. They address distinct aspects of work arrangements and cannot substitute for one another.","Question A asks about which shift(s) a respondent works (e.g., day/evening/night) and is a categorical, multi-select schedule question. Question B asks for a numeric quantity of hours usually worked per week. They address related topics (work schedule) but ask different specific constructs and use different response formats.",no,no,not specified,not specified,not specified,per week (usual),False
FOODAPS_0336,FOODAPS_199,What shift or shifts do you work? Select all that apply,ACS_10,How many hours do you usually work per week at this rate?,"Hours/Week, Weeks/Year",related_but_distinct,related_but_distinct,high,high,"Question A asks about shift patterns (morning/evening/night/rotating), which is a categorical descriptor of work schedule type. Question B asks about weekly hours worked, which is a quantitative measure of work intensity. While both relate to employment patterns, they capture fundamentally different dimensions of work—one is schedule structure and the other is work volume. Neither question could substitute for the other.","Question A asks a categorical, qualitative attribute (which shift(s) someone works: day/evening/night) while Question B asks for a numeric quantity (hours usually worked per week). They address the same broad topic of work time but ask different specific constructs and use different response formats; also A has no explicit reference period while B asks about the usual/typical week.",no,no,not specified,not specified,not specified,usually (typical week),True
FOODAPS_0337,FOODAPS_199,What shift or shifts do you work? Select all that apply,ACS_11,How many hours do you usually work per week at this rate?,"Hours/Week, Weeks/Year",related_but_distinct,related_but_distinct,high,high,"Question A asks about shift patterns (morning, evening, night, etc.) - a categorical classification of work schedule type. Question B asks about hours per week worked - a quantitative measure of work volume. While both relate to employment patterns, they capture fundamentally different dimensions: one identifies shift type and the other measures weekly hours. A person working full-time evening shift would answer both questions, but the responses address distinct employment characteristics.","Question A asks about shift timing (which shift(s) a respondent works) while Question B asks for the number of hours usually worked per week. They address different specific constructs (work schedule timing vs quantity of hours) and have different implied reference frames (A has no explicit time reference; B refers to a typical week). Because the substantive information collected is different, they are related in topic but distinct in content.",no,no,not specified,not specified,usual/typical (not specified),usual/typical week,True
FOODAPS_0338,FOODAPS_199,What shift or shifts do you work? Select all that apply,ACS_12,What is your best estimate of the number of hours per week you usually work at this rate?,"Hours/Week, Weeks/Year",not_comparable,related_but_distinct,high,high,"Question A asks about shift patterns worked (day/evening/night/rotating shifts), which is a categorical classification of work schedule type. Question B asks for a numerical estimate of usual weekly hours worked. These measure fundamentally different employment dimensions—work schedule structure versus work intensity—and cannot substitute for one another. A person could work any number of hours across any shift pattern.","Question A asks categorical information about which work shifts (e.g., day/evening/night) a respondent works, while Question B asks for a numeric estimate of hours worked per week at a given rate. They cover the same general topic (work time) but ask different specific constructs and use different response formats, so they are not interchangeable.",no,no,not specified,not specified,not specified,per week (usual),False
FOODAPS_0339,FOODAPS_199,What shift or shifts do you work? Select all that apply,ACS_115,"During the PAST 12 MONTHS (52 weeks), did this person work EVERY week? Count paid vacation, paid sick leave, and military service as work","Hours/Week, Weeks/Year",not_comparable,related_but_distinct,high,high,"Question A asks about work shift patterns (temporal distribution within working days), while Question B asks about work continuity across the year (weeks worked vs. weeks not worked). These measure fundamentally different employment dimensions—one captures schedule type, the other captures employment consistency. They cannot substitute for each other despite both relating to work patterns.","Question A asks about the type of work shift(s) a person works (e.g., day/evening/night) with no specified reference period and allows multiple selections. Question B asks a binary yes/no about whether the person worked every week during the past 12 months (counts paid leave and military service as work). They address different specific constructs (work schedule/shift versus weeks worked over a year) and use different response formats and time frames.",no,no,not specified,not specified,past 12 months,past 12 months (52 weeks),False
FOODAPS_0340,FOODAPS_199,What shift or shifts do you work? Select all that apply,ACS_116,"During the PAST 12 MONTHS (52 weeks), how many WEEKS did this person work? Include paid time off and include weeks when the person only worked for a few hours.","Hours/Week, Weeks/Year",related_but_distinct,related_but_distinct,high,high,"Question A asks about shift patterns (work schedule type), while Question B asks about total weeks worked in a year (volume of work). These measure different employment dimensions—one captures scheduling structure/arrangement, the other captures work intensity/consistency. They address different aspects of employment that cannot substitute for one another.","Question A asks about the timing of work within a day (which shift(s) someone works) with no explicit reference period and a select-all-that-apply response format. Question B asks for a count of weeks worked during the past 12 months, a wholly different temporal concept and quantitative response. They are both employment-related but measure different constructs (shift/timing vs weeks worked), so they are not interchangeable.",no,no,not specified,not specified,past 12 months (52 weeks),Past 12 months (52 weeks),True
FOODAPS_0341,FOODAPS_199,What shift or shifts do you work? Select all that apply,ACS_117,"During the PAST 12 MONTHS, in the WEEKS WORKED, how many hours did this person usually work each WEEK?","Hours/Week, Weeks/Year",not_comparable,related_but_distinct,high,high,"Question A asks about work shift patterns (timing/schedule of work), while Question B asks about hours worked per week during weeks worked. These measure fundamentally different employment dimensions—one captures work schedule type (day, evening, night, rotating shifts) and the other captures intensity of work effort (weekly hours). They cannot substitute for each other despite both relating to employment.","Question A asks categorical information about the timing/shift(s) worked (e.g., day, evening, night) with a select-all-that-apply format and includes no explicit reference period. Question B asks a quantitative usual hours-per-week during weeks worked over the past 12 months — a different construct (hours intensity and time frame) and response format. These differences mean they address related topics (work schedule) but ask distinct, non-redundant information.",no,no,not specified,not specified,past 12 months,past 12 months,False
FOODAPS_0342,FOODAPS_200,What shift or shifts do you work across all  jobs? Select all that apply.,ACS_6,How many hours do you usually work per week at this rate?,"Hours/Week, Weeks/Year",related_but_distinct,related_but_distinct,high,high,"Question A asks about shift patterns (timing of work: day, evening, night, etc.) across all jobs, while Question B asks about weekly hours worked. These are fundamentally different dimensions of work—one concerns when someone works, the other concerns how much. While both relate to employment schedules, they capture distinct information that cannot be derived from one another.","Question A asks about the timing of work (shift type across jobs), a categorical multi-select item with no explicit time reference. Question B asks for a numeric usual number of hours worked per week at a given rate (typical weekly amount). They address different constructs and use different response formats, so they are related by work scheduling/hours but ask distinct information.",no,no,not specified,not specified,usual/typical,usual (per week),True
FOODAPS_0343,FOODAPS_200,What shift or shifts do you work across all  jobs? Select all that apply.,ACS_7,How many hours do you usually work per week at this rate?,"Hours/Week, Weeks/Year",related_but_distinct,related_but_distinct,high,high,"Question A asks about shift patterns (categorical work schedule: day, night, rotating, etc.) while Question B asks about hours worked per week (continuous quantitative measure). Though both relate to work schedules, they measure fundamentally different dimensions—one captures the type of schedule structure and the other captures quantity of hours. These provide complementary but non-interchangeable information about employment patterns.","Question A asks about which work shift(s) a respondent works (e.g., day/evening/night) across jobs, while Question B asks for the number of hours usually worked per week at a given rate. They both concern work schedule broadly but measure different attributes (shift timing vs. hours quantity) and use different response formats. Because they capture distinct information, they are related but not interchangeable.",no,no,not specified,not specified,usual/typical pattern (not specified),usual (per week),True
FOODAPS_0344,FOODAPS_200,What shift or shifts do you work across all  jobs? Select all that apply.,ACS_10,How many hours do you usually work per week at this rate?,"Hours/Week, Weeks/Year",related_but_distinct,related_but_distinct,high,high,"Question A asks about shift patterns (timing of work: day/night/rotating/etc.) across all jobs, while Question B asks about hours worked per week at a current job. These address different dimensions of work schedules—one captures temporal pattern/timing and the other captures volume/duration. They measure distinct work characteristics and cannot be used interchangeably.","Question A asks about the timing/type of work shifts (e.g., day, evening, night, rotating) across jobs, while Question B asks for the usual number of hours worked per week at a given rate. They address related labor topics but ask different, non-overlapping attributes (shift timing vs hours worked), so they are distinct.",no,no,not specified,not specified,usual/typical pattern (not specified),per week (usual),True
FOODAPS_0345,FOODAPS_200,What shift or shifts do you work across all  jobs? Select all that apply.,ACS_11,How many hours do you usually work per week at this rate?,"Hours/Week, Weeks/Year",related_but_distinct,related_but_distinct,high,high,"Question A asks about shift patterns (timing of work: day/night/rotating shifts) across all jobs, while Question B asks about hours per week worked at a current job rate. These measure different dimensions of work schedules—the temporal pattern versus the quantity of hours. Question A provides categorical shift information; Question B provides numeric hours data. They address distinct aspects of employment and cannot substitute for one another.","Question A asks about the timing of work (shift types worked across jobs), while Question B asks for a numeric usual weekly hours value. They measure different constructs and use different response formats (select-multiple shift categories vs a numeric hours-per-week answer), so they are related by employment/time but are distinct measures.",no,no,not specified,not specified,usual/typical (not specified),usual per week,True
FOODAPS_0346,FOODAPS_200,What shift or shifts do you work across all  jobs? Select all that apply.,ACS_12,What is your best estimate of the number of hours per week you usually work at this rate?,"Hours/Week, Weeks/Year",related_but_distinct,related_but_distinct,high,high,"Question A asks about work shift patterns (timing of work within a day: day shift, night shift, etc.), while Question B asks about hours per week worked. These measure different dimensions of employment—one captures the temporal pattern/schedule type, the other captures quantity of hours. Question A could not be dropped even if person-linked, as it provides distinct information about work schedule structure that hours per week does not capture.","Question A asks about the time-of-day shift(s) a respondent works (e.g., day, evening, night) across jobs, while Question B asks for a quantitative estimate of hours worked per week. They capture different constructs (work schedule/timing vs. weekly duration) and use different response formats (select-all shifts vs. numeric hours), so they are related by topic but not interchangeable.",no,no,not specified,not specified,usual/typical (ongoing rate),usually (per week),True
FOODAPS_0347,FOODAPS_200,What shift or shifts do you work across all  jobs? Select all that apply.,ACS_115,"During the PAST 12 MONTHS (52 weeks), did this person work EVERY week? Count paid vacation, paid sick leave, and military service as work","Hours/Week, Weeks/Year",not_comparable,related_but_distinct,high,high,"Question A asks about work shift patterns (timing of work within a day), while Question B asks about work consistency/continuity (whether someone worked every week). These measure fundamentally different employment dimensions. Question A provides no time reference and focuses on the type of schedule worked, whereas Question B explicitly covers a 12-month period and measures employment regularity.","Question A asks about which shift(s) a respondent works (time-of-day schedule across jobs) with no specified reference period and allows multiple selections. Question B asks whether the person worked every week during the past 12 months (a yes/no count of weeks worked, counting paid leave), a different construct about weeks worked over a defined period. They are both about work timing broadly but ask substantially different, non-redundant facts.",no,no,not specified,not specified,past 12 months,past 12 months (52 weeks),False
FOODAPS_0348,FOODAPS_200,What shift or shifts do you work across all  jobs? Select all that apply.,ACS_116,"During the PAST 12 MONTHS (52 weeks), how many WEEKS did this person work? Include paid time off and include weeks when the person only worked for a few hours.","Hours/Week, Weeks/Year",related_but_distinct,related_but_distinct,high,high,"Question A asks about work shift patterns (timing of work within a day: day, evening, night, rotating shifts), while Question B asks about total weeks worked in a year. These address different dimensions of employment—work schedule type versus work volume/continuity—and are not measuring the same concept despite both relating to work time.","Question A asks about the timing/shift(s) someone works (e.g., day/evening/night) with no time frame given and uses a categorical multi-select format. Question B asks for a numeric count of weeks worked during the past 12 months (including paid time off) and specifies the reference period. They address different specific constructs (shift timing versus weeks worked), so they are related by employment topic but distinct.",no,no,not specified,not specified,past 12 months,Past 12 months (52 weeks),True
FOODAPS_0349,FOODAPS_200,What shift or shifts do you work across all  jobs? Select all that apply.,ACS_117,"During the PAST 12 MONTHS, in the WEEKS WORKED, how many hours did this person usually work each WEEK?","Hours/Week, Weeks/Year",related_but_distinct,related_but_distinct,high,high,"Question A asks about work shift patterns (timing/schedule of work across jobs), while Question B asks about hours worked per week during weeks worked. These are fundamentally different dimensions of employment: one concerns when someone works (shift type), the other concerns how much they work (hours per week). Question A lacks a specified reference period and focuses on current shift patterns, whereas Question B explicitly references the past 12 months. These cannot be consolidated as they measure distinct employment characteristics.","Question A asks about shift(s) worked (time of day across jobs), while Question B asks about usual hours worked per week during weeks worked over the past 12 months. They address the same broad domain (work schedule) but measure different specific constructs (shift timing vs hours-per-week) and have different reference periods, so they are not equivalent.",no,no,not specified,not specified,past 12 months,past 12 months,True
FOODAPS_0350,FOODAPS_278,"On average about how many hours does NAME normally work (and get paid) per week, including paid sick time and paid leave time?",ACS_6,How many hours do you usually work per week at this rate?,"Hours/Week, Weeks/Year",near_duplicate,related_but_distinct,high,high,"Both questions ask about typical weekly work hours at the current job/rate, using similar temporal language ('on average/normally' vs 'usually') that reference habitual patterns rather than specific time periods. The main difference is that Question A explicitly includes paid leave and sick time in its definition, while Question B does not specify this inclusion, which could produce slightly different responses if the respondent interprets 'hours worked' differently.","Both ask for weekly hours but they differ in scope: Question A explicitly asks for hours ""work (and get paid)"" including paid sick and paid leave, while Question B asks hours ""usually work per week at this rate,"" which ties the hours to a particular pay rate/job and likely refers to hours actually worked (not paid leave). Those differences can change responses, so they are related but ask distinct measures.",partial,partial,"on average, normally (ongoing/typical pattern)",typical/average per week (not specified),usually (ongoing/typical pattern),usual per week (not specified),False
FOODAPS_0351,FOODAPS_278,"On average about how many hours does NAME normally work (and get paid) per week, including paid sick time and paid leave time?",ACS_7,How many hours do you usually work per week at this rate?,"Hours/Week, Weeks/Year",near_duplicate,near_duplicate,high,high,"Both questions ask about typical weekly work hours on an ongoing basis rather than for a specific recent period. The core concept is identical (usual hours worked per week). Question A explicitly includes paid leave/sick time in the calculation, while Question B does not specify this inclusion, representing a minor but potentially meaningful operational difference in scope rather than a fundamental difference in what is being measured.","Both items ask for the usual/typical number of hours worked per week and use a numeric-hours response format, so their core concept is the same. Differences are minor: Question A explicitly includes paid sick and paid leave (and frames hours as hours ""and get paid""), while Question B asks ""at this rate,"" which may limit the scope to hours associated with a specific pay rate and does not explicitly mention paid leave—these are small scope/wording differences but do not change the main concept. ",partial,partial,normally (usual/average basis),average/normal per week,usually (usual/typical basis),usually per week,True
FOODAPS_0352,FOODAPS_278,"On average about how many hours does NAME normally work (and get paid) per week, including paid sick time and paid leave time?",ACS_10,How many hours do you usually work per week at this rate?,"Hours/Week, Weeks/Year",near_duplicate,near_duplicate,high,high,"Both questions ask about typical/usual weekly hours of work in a comparable manner. Question A explicitly includes paid leave/sick time in the calculation, while Question B does not specify this inclusion, representing a minor but potentially meaningful difference in scope. The reference periods are functionally equivalent (both asking about normal/usual patterns rather than a specific past period), and both expect numeric hour responses.","Both questions ask for the number of hours worked on a typical/weekly basis and use a numeric-per-week response, so the core concept is the same. Minor differences: Question A explicitly includes paid sick/leave and frames it as hours ""work (and get paid)"", while Question B is tied to ""this rate"" (job/wage-specific) and does not specify inclusion of paid leave, so scope differs slightly.",partial,partial,"normally (typical week, average)",usual/average per week,usually (typical week),usual per week,True
FOODAPS_0353,FOODAPS_278,"On average about how many hours does NAME normally work (and get paid) per week, including paid sick time and paid leave time?",ACS_11,How many hours do you usually work per week at this rate?,"Hours/Week, Weeks/Year",near_duplicate,near_duplicate,high,high,"Both questions ask about typical weekly hours worked in a paid capacity using similar temporal language ('normally' vs 'usually'). The main difference is that Question A explicitly includes paid leave and sick time in its scope, while Question B does not specify this detail. Both reference an ongoing or typical pattern rather than a specific recent period, making them highly comparable measures of usual work hours.","Both questions ask for usual/typical hours worked per week and use a numeric weekly reporting frame. Question A explicitly includes hours when the person is paid but not working (paid sick time and paid leave) and emphasizes ""get paid,"" while Question B asks hours ""at this rate"" and does not mention paid leave, so respondents might exclude paid leave or interpret it as hours actually worked for pay. These are minor wording differences that could affect totals but do not change the core concept of usual weekly hours.",partial,partial,"on average, normally (usual/typical pattern)",usual/average per week,usually (typical/habitual pattern),usual per week,True
FOODAPS_0354,FOODAPS_278,"On average about how many hours does NAME normally work (and get paid) per week, including paid sick time and paid leave time?",ACS_12,What is your best estimate of the number of hours per week you usually work at this rate?,"Hours/Week, Weeks/Year",near_duplicate,related_but_distinct,high,high,"Both questions ask for typical/usual hours worked per week in paid employment, with nearly identical reference periods (both asking about normal/usual work patterns rather than a specific past week). The main difference is that Question A explicitly includes 'paid sick time and paid leave time' while Question B does not mention this distinction, which could lead to slightly different responses if respondents interpret paid leave differently. Both use open-ended numeric response formats.","Both ask for weekly hours and use a usual/average-week frame, but they are not equivalent: Question A explicitly asks for hours the person is paid for, including paid sick and paid leave, while Question B asks hours the person ""usually work[s] at this rate,"" which implies hours actually worked at that pay rate and likely excludes paid leave. The difference about inclusion of paid leave and the tie to a specific pay rate can produce systematically different answers.",partial,no,"normally (on average, implied usual/typical pattern)",per week (on average / normally),usually (typical/usual pattern),per week (usually),False
FOODAPS_0355,FOODAPS_278,"On average about how many hours does NAME normally work (and get paid) per week, including paid sick time and paid leave time?",ACS_115,"During the PAST 12 MONTHS (52 weeks), did this person work EVERY week? Count paid vacation, paid sick leave, and military service as work","Hours/Week, Weeks/Year",related_but_distinct,related_but_distinct,high,high,"Question A asks about normal weekly hours worked (a rate/intensity measure), while Question B asks about work continuity over 52 weeks (a frequency measure). Although both relate to employment patterns, they capture fundamentally different dimensions: A measures hours-per-week intensity, while B measures whether work occurred every week. These are complementary but distinct metrics that cannot substitute for one another.","Question A asks for a numeric average of hours worked per week (including paid sick/leave) with no explicit reference period, while Question B is a yes/no about whether the person worked every week during the past 12 months and counts paid leave as work. They address related aspects of work time but measure different constructs (hours/week vs. weeks worked over a year) and use different response formats, so they are distinct.",no,no,current/normal (ongoing average),not specified,past 12 months,past 12 months (52 weeks),True
FOODAPS_0356,FOODAPS_278,"On average about how many hours does NAME normally work (and get paid) per week, including paid sick time and paid leave time?",ACS_116,"During the PAST 12 MONTHS (52 weeks), how many WEEKS did this person work? Include paid time off and include weeks when the person only worked for a few hours.","Hours/Week, Weeks/Year",reference_period_mismatch,related_but_distinct,high,high,"Both questions address work effort but measure fundamentally different time frames: Question A asks about typical weekly hours worked on average, while Question B asks about total weeks worked during the past year. Question A provides average hours per week, while Question B provides count of weeks worked—these are distinct metrics that cannot be derived from each other without additional information. A person could work many weeks at few hours each, or few weeks at many hours, producing different responses.","Question A asks for the respondent's typical paid hours per week (a measure of work intensity), whereas Question B asks how many weeks the person worked in the past 12 months (a measure of work duration). They also differ in time framing: A asks about 'normally' (no specified reference period) while B explicitly uses the past 12 months. Although both mention paid leave/time off, they capture different constructs and are not interchangeable.",no,no,typical/average week (ongoing),not specified,past 12 months (52 weeks),past 12 months (52 weeks),False
FOODAPS_0357,FOODAPS_278,"On average about how many hours does NAME normally work (and get paid) per week, including paid sick time and paid leave time?",ACS_117,"During the PAST 12 MONTHS, in the WEEKS WORKED, how many hours did this person usually work each WEEK?","Hours/Week, Weeks/Year",near_duplicate,reference_period_mismatch,high,high,"Both questions measure usual hours worked per week, which is the core concept for employment intensity. The primary difference is the reference period: Question A asks about normal/typical hours (habitual measure), while Question B anchors to actual weeks worked in the past 12 months (retrospective measure). Question B's approach of referencing only weeks actually worked is slightly more precise, but both ultimately capture the same variable—usual weekly hours—despite different temporal framings.","Both questions measure usual hours per week, but Question B explicitly anchors responses to the past 12 months and to 'weeks worked.' Question A asks how many hours the person 'normally' works with no explicit reference period and explicitly includes paid sick/leave hours (paid time not necessarily captured by B). These differences in reference period and inclusion of paid leave make them not directly equivalent.",partial,partial,"normally (typical/average, no specific period stated)",not specified,"past 12 months, in weeks worked",past 12 months,False
FOODAPS_0358,FOODAPS_279,What shift or shifts does NAME work? Please check all that apply.,ACS_6,How many hours do you usually work per week at this rate?,"Hours/Week, Weeks/Year",related_but_distinct,related_but_distinct,high,high,"Question A asks about shift patterns (when work occurs: day/night/rotating shifts), while Question B asks about hours per week (quantity of work). These are fundamentally different dimensions of employment—one concerns timing/scheduling and the other concerns volume. While both relate to work patterns, they address distinct aspects and cannot substitute for one another.","Question A asks about the timing of work (which shift or shifts—e.g., day/evening/night) using categorical checkboxes, while Question B asks for a numeric quantity (how many hours usually worked per week). They address related employment/time topics but different constructs (shift timing vs hours/week) and use different response formats, so they are not duplicates.",no,no,not specified,not specified,usual/typical,per week (usual),True
FOODAPS_0359,FOODAPS_279,What shift or shifts does NAME work? Please check all that apply.,ACS_7,How many hours do you usually work per week at this rate?,"Hours/Week, Weeks/Year",related_but_distinct,related_but_distinct,high,high,"Question A asks about shift patterns (timing of work: day/night/rotating shifts), while Question B asks about hours per week (quantity of work). These address different dimensions of employment schedules—one focuses on when someone works, the other on how much. Though both relate to work schedules, they capture distinct information that cannot substitute for each other.","Question A asks about work shift(s) (e.g., day/evening/night), a categorical attribute with no time frame specified, while Question B asks for the usual number of hours worked per week, a numeric measure of hours. They address different specific constructs (shift timing vs weekly hours) and use different response formats, so they are related by topic (work) but distinct in content.",no,no,not specified,not specified,usual/typical (ongoing),usual per week,True
FOODAPS_0360,FOODAPS_279,What shift or shifts does NAME work? Please check all that apply.,ACS_10,How many hours do you usually work per week at this rate?,"Hours/Week, Weeks/Year",related_but_distinct,related_but_distinct,high,high,"Question A asks about shift patterns (timing of work: day/night/rotating shifts), while Question B asks about hours worked per week (quantity of work). These address different dimensions of work schedules—one captures when someone works and the other captures how much. Although both relate to work hours, they measure fundamentally different concepts and cannot substitute for one another.","Question A asks about the timing of work shifts (e.g., day/evening/night) with no explicit time reference. Question B asks for the usual number of hours worked per week at a given rate. They address different specific measures (shift timing vs. hours/week) and use different units, so they are related by employment topic but ask distinct information.",no,no,not specified,not specified,usual/typical (not specified),usually (per week),True
FOODAPS_0361,FOODAPS_279,What shift or shifts does NAME work? Please check all that apply.,ACS_11,How many hours do you usually work per week at this rate?,"Hours/Week, Weeks/Year",related_but_distinct,related_but_distinct,high,high,"Question A asks about shift patterns (categorical response: morning/evening/night/rotating shifts), while Question B asks about weekly hours worked (numeric response). Although both relate to employment scheduling, they measure fundamentally different constructs—shift type versus hours volume. Question A cannot be derived from or substituted by Question B's response.","Question A asks about work shift(s) (e.g., day/evening/night), while Question B asks for the number of hours usually worked per week. They address related employment scheduling topics but collect different specific information and use different response constructs (categorical shifts vs. a numeric hours-per-week value).",no,no,not specified,not specified,usual/typical (current rate),"usually (typical hours, not a specific time frame)",True
FOODAPS_0362,FOODAPS_279,What shift or shifts does NAME work? Please check all that apply.,ACS_12,What is your best estimate of the number of hours per week you usually work at this rate?,"Hours/Week, Weeks/Year",related_but_distinct,related_but_distinct,high,high,"Question A asks about shift patterns (categorical: which shifts are worked), while Question B asks about hours per week in continuous numeric form. These address different dimensions of work scheduling—one captures shift type/pattern and the other captures weekly hours volume. They could be complementary but are fundamentally measuring different aspects of employment.","Question A asks about work shift(s) (timing: e.g., day/evening/night) as categorical choices, while Question B asks for a numeric estimate of hours per week (typical/usual). They address related topics (work scheduling/time) but measure different specific constructs and use different response formats, so they are not equivalent.",no,no,not specified,not specified,usual/ongoing,usually (typical week),True
FOODAPS_0363,FOODAPS_279,What shift or shifts does NAME work? Please check all that apply.,ACS_115,"During the PAST 12 MONTHS (52 weeks), did this person work EVERY week? Count paid vacation, paid sick leave, and military service as work","Hours/Week, Weeks/Year",not_comparable,related_but_distinct,high,high,"Question A asks about work shift patterns (timing within a day/week), while Question B asks about work continuity across the year (whether someone worked every week). These measure fundamentally different employment characteristics—one concerns schedule type and the other concerns employment regularity. The questions address different aspects of work patterns and would not substitute for one another.","Question A asks about the time-of-day shift(s) a person works (e.g., morning/evening/night) with no reference period specified, while Question B asks whether the person worked every week during the past 12 months (a yes/no count of weeks worked). They measure different constructs (shift timing vs. weeks worked/year) and use different response formats, so they are related by topic (work/time) but not interchangeable.",no,no,not specified,not specified,past 12 months,past 12 months (52 weeks),False
FOODAPS_0364,FOODAPS_279,What shift or shifts does NAME work? Please check all that apply.,ACS_116,"During the PAST 12 MONTHS (52 weeks), how many WEEKS did this person work? Include paid time off and include weeks when the person only worked for a few hours.","Hours/Week, Weeks/Year",related_but_distinct,related_but_distinct,high,high,"Question A asks about work shift patterns (timing/schedule of work), while Question B asks about total weeks worked in a year (duration/frequency of work). These measure different employment dimensions—one captures shift type/schedule and the other captures annual work volume. Although both relate to employment, they answer fundamentally different questions about work patterns.","Question A asks about the timing of work (which shift(s) the person works), while Question B asks about the number of weeks worked over the past 12 months. They address different specific constructs (shift/timing vs. duration/frequency across a year) and therefore are not interchangeable.",no,no,not specified,not specified,past 12 months (52 weeks),past 12 months (52 weeks),True
FOODAPS_0365,FOODAPS_279,What shift or shifts does NAME work? Please check all that apply.,ACS_117,"During the PAST 12 MONTHS, in the WEEKS WORKED, how many hours did this person usually work each WEEK?","Hours/Week, Weeks/Year",not_comparable,related_but_distinct,high,high,"Question A asks about work shift patterns (morning/afternoon/night shifts), which is a qualitative classification of when someone works. Question B asks about quantitative hours per week during weeks worked, which measures time intensity. These are fundamentally different concepts—one describes shift type and the other describes hours of work—despite both relating to employment.","Question A asks about work shift(s) (time of day) while Question B asks about usual hours worked per week during weeks worked over the past 12 months. They measure different constructs (shift timing vs quantity of hours/week) and use different response formats (check-all shift categories vs numeric usual hours), so they are related by topic (work schedules) but distinct in content.",no,no,not specified,not specified,past 12 months,PAST 12 MONTHS (in the weeks worked),False
FOODAPS_0366,FOODAPS_280,What shift or shifts does NAME work across all  jobs?,ACS_6,How many hours do you usually work per week at this rate?,"Hours/Week, Weeks/Year",related_but_distinct,related_but_distinct,high,high,"Question A asks about work shift patterns across all jobs (timing/scheduling of work), while Question B asks about hours worked per week (volume of work). These address different employment dimensions—one concerns when work occurs (shift structure), the other concerns how much work occurs (weekly hours). Though both relate to work scheduling, they capture distinct information.","Question A asks about the type of shift(s) worked (e.g., day/evening/night) across jobs, whereas Question B asks for the usual number of hours worked per week at a given rate. They address related employment scheduling topics but measure different constructs (shift timing vs hours quantity) and use different response formats. Because they capture distinct information, they are not duplicates.",no,no,not specified,not specified,usual/typical (not specified),per week (usual),True
FOODAPS_0367,FOODAPS_280,What shift or shifts does NAME work across all  jobs?,ACS_7,How many hours do you usually work per week at this rate?,"Hours/Week, Weeks/Year",related_but_distinct,related_but_distinct,high,high,"Question A asks about work shift patterns (timing of work across jobs), while Question B asks about hours worked per week (quantity of work). These are fundamentally different employment characteristics—one addresses when someone works, the other addresses how much they work. While both relate to employment schedule, they cannot substitute for one another and provide distinct information.","Question A asks about the type/timing of shifts worked (e.g., day/evening/night) across jobs, a categorical schedule attribute. Question B asks for the usual number of hours worked per week at a given rate, a quantitative measure of hours. They address different constructs (shift timing vs. hours/week) and are not interchangeable.",no,no,not specified,not specified,usual/typical (not specified),usually (per week),True
FOODAPS_0368,FOODAPS_280,What shift or shifts does NAME work across all  jobs?,ACS_10,How many hours do you usually work per week at this rate?,"Hours/Week, Weeks/Year",related_but_distinct,related_but_distinct,high,high,"Question A asks about shift patterns (temporal distribution of work across day/night periods), while Question B asks about hours per week (quantity of work). These address different dimensions of employment: one focuses on when work occurs (scheduling), the other on how much work occurs (volume). Although both relate to work time, they measure distinct employment characteristics that are not interchangeable.","Question A asks about the time-of-day shift(s) worked (e.g., morning/afternoon/night) across all jobs, while Question B asks for the number of hours usually worked per week at a given rate. These target different constructs (shift/timing versus hours/week) and use different response formats, so they are on the same general topic (work schedule) but ask distinct, non-substitutable information.",no,no,not specified,not specified,not specified,usually (typical/current),True
FOODAPS_0369,FOODAPS_280,What shift or shifts does NAME work across all  jobs?,ACS_11,How many hours do you usually work per week at this rate?,"Hours/Week, Weeks/Year",related_but_distinct,related_but_distinct,high,high,"Question A asks about work shift patterns (temporal scheduling across jobs), while Question B asks about weekly hours worked. These address different dimensions of employment: Question A captures when someone works (shift type/timing), while Question B captures how much they work (hours). A person could work multiple shifts and have varying weekly hours, or work consistent shifts with consistent hours—these are distinct employment characteristics.","Question A asks about the work shift(s) (time of day) across all jobs, while Question B asks for the usual number of hours worked per week at a given rate. They address different specific constructs (shift timing vs. hours/week) and use different response types, so they are related by employment/time use but not equivalent.",no,no,not specified,not specified,usual/typical (ongoing),not specified (usual),True
FOODAPS_0370,FOODAPS_280,What shift or shifts does NAME work across all  jobs?,ACS_12,What is your best estimate of the number of hours per week you usually work at this rate?,"Hours/Week, Weeks/Year",related_but_distinct,related_but_distinct,high,high,"Question A asks about work shift patterns (temporal distribution of hours across the day), while Question B asks about total weekly hours worked. These address different dimensions of work scheduling—one focuses on shift type/timing and the other on quantity of hours. Question A does not provide information about total hours per week, and Question B does not address shift patterns, making them complementary rather than equivalent measures.","Question A asks about the type of shift(s) worked (e.g., day/evening/night) across jobs, a categorical measure of work timing. Question B asks for a quantitative estimate of hours per week 'usually' worked at a given rate. They address related topics (work schedule) but measure different constructs and cannot substitute for one another.",no,no,not specified,not specified,usual/typical (ongoing),usual/typical workweek,True
FOODAPS_0371,FOODAPS_280,What shift or shifts does NAME work across all  jobs?,ACS_115,"During the PAST 12 MONTHS (52 weeks), did this person work EVERY week? Count paid vacation, paid sick leave, and military service as work","Hours/Week, Weeks/Year",related_but_distinct,related_but_distinct,high,high,"Question A asks about work shift patterns (day/night/rotating shifts) across jobs, which is a qualitative characteristic of employment. Question B asks about consistency of work weeks over a 12-month period (whether someone worked every week), which measures employment continuity. These are fundamentally different dimensions of work—one concerns scheduling patterns while the other concerns employment regularity—and cannot substitute for one another despite both relating to work schedules.","Question A asks about the timing of work (which shift(s) a person works across jobs), while Question B asks a binary count-of-weeks measure (whether the person worked every week in the past 12 months). They address different specific constructs (shift/timing versus weeks worked/time coverage) and have different reference periods (A provides no time frame; B explicitly uses the past 12 months), so they are related by general labor topic but distinct in content and purpose.",no,no,not specified,not specified,past 12 months (52 weeks),past 12 months (52 weeks),True
FOODAPS_0372,FOODAPS_280,What shift or shifts does NAME work across all  jobs?,ACS_116,"During the PAST 12 MONTHS (52 weeks), how many WEEKS did this person work? Include paid time off and include weeks when the person only worked for a few hours.","Hours/Week, Weeks/Year",related_but_distinct,related_but_distinct,high,high,"Question A asks about shift patterns (day/night/rotating shifts) across all jobs, which is qualitative information about work schedule type. Question B asks about total weeks worked in a year, which is quantitative information about work duration. These address different employment dimensions—one concerns shift structure while the other concerns annual work volume—and cannot substitute for one another despite both relating to work patterns.","Question A asks about the type of shift(s) worked (e.g., day/evening/night/rotating) across jobs, whereas Question B asks for a count of weeks worked during the past 12 months. They address different specific constructs (work timing/shift vs. weeks worked) and use different response formats (categorical shift vs. a numeric count/time period). Additionally, Question A has no explicit reference period while Question B explicitly references the past 12 months, so they are not interchangeable.",no,no,not specified,not specified,past 12 months (52 weeks),PAST 12 MONTHS (52 weeks),True
FOODAPS_0373,FOODAPS_280,What shift or shifts does NAME work across all  jobs?,ACS_117,"During the PAST 12 MONTHS, in the WEEKS WORKED, how many hours did this person usually work each WEEK?","Hours/Week, Weeks/Year",related_but_distinct,related_but_distinct,high,high,"Question A asks about work shifts across jobs (timing/scheduling of work), while Question B asks about hours per week worked during weeks employed (volume/duration of work). These are related employment concepts but measure fundamentally different dimensions—shift patterns vs. weekly hours. Question A provides no time reference, making direct comparison problematic.","Question A asks about the timing of work (shift or shifts across all jobs), a categorical construct (day/evening/night/rotating). Question B asks for a numeric usual hours-per-week during weeks worked over the past 12 months. They address different specific concepts (work schedule timing vs. hours worked and explicit 12-month reference), so they are related by topic (work) but distinct in content and response format.",no,no,not specified,not specified,past 12 months,past 12 months (in the weeks worked),True
FOODAPS_0374,FOODAPS_28,What is the highest level of school you completed or the highest degree you received?,ACS_75,What is the highest degree or level of school this person has COMPLETED?,Education,exact_duplicate,exact_duplicate,high,high,"Both questions ask for the highest level of education completed by an individual with virtually identical wording and intent. Question A uses 'completed or the highest degree you received' while Question B uses 'completed' with emphasis, but these formulations are functionally equivalent and would yield the same response categories (typically ranging from less than 9th grade through doctorate degree). Neither question specifies a time reference, as educational attainment is a static characteristic typically measured at a point in time.",Both questions ask for the respondent's highest level of schooling or highest degree completed with identical scope (completed/received). Differences are only pronoun perspective (“you” vs. “this person”) and word order; there is no difference in reference period or implied response format. Therefore they capture the same concept and are effectively interchangeable.,yes,yes,not specified,not specified,not specified,not specified,True
FOODAPS_0375,FOODAPS_60,What is the highest level of school NAME completed or the highest degree NAME received?,ACS_75,What is the highest degree or level of school this person has COMPLETED?,Education,near_duplicate,exact_duplicate,high,high,"Both questions ask about the highest level of educational attainment completed by a respondent with identical reference periods (lifetime/cumulative achievement, not time-bound). The core concept and response format are equivalent; minor wording differences ('school NAME completed or degree NAME received' vs. 'degree or level of school this person has COMPLETED') are stylistic variations that do not substantively change meaning or expected responses.","Both items ask for the respondent's highest level of school completed or highest degree received; the difference is only minor wording order and a placeholder NAME vs 'this person'. Neither question specifies a time frame and both imply completed education as the response metric, so meaning and response format align closely.",yes,yes,not specified,not specified,not specified,not specified,False
FOODAPS_0376,FOODAPS_31,"Last week, were you enrolled in school as a full-time or part-time student, or were you not enrolled in school?",ACS_13,"Are you enrolled in a high school, college, or university?",School Enrollment,reference_period_mismatch,response_format_mismatch,high,high,"Both questions assess school enrollment status, but FoodAPS asks about enrollment specifically in the past week, while ACS appears to ask about current/general enrollment status without a specified time frame. Additionally, FoodAPS asks about full-time or part-time distinction, while ACS only asks about enrollment in specific institution types (high school, college, university) without distinguishing enrollment intensity. The ACS question is also narrower, excluding other educational institutions.","Both ask about school enrollment but A explicitly asks about enrollment 'last week' and distinguishes full-time vs part-time vs not enrolled, while B asks (presently) whether the respondent is enrolled in a high school, college, or university without capturing enrollment intensity or an explicit reference period. B also restricts the types of schools named, so it cannot substitute for A's full/part-time and explicit reference frame.",partial,partial,last week,last week,not specified,not specified,False
FOODAPS_0377,FOODAPS_31,"Last week, were you enrolled in school as a full-time or part-time student, or were you not enrolled in school?",ACS_14,"Would that be high school, college, or university?",School Enrollment,related_but_distinct,related_but_distinct,high,high,"Question A asks whether someone is currently enrolled in school and at what intensity (full-time vs part-time), while Question B only asks about the type of school institution conditional on enrollment. Question B appears to be a follow-up question that assumes enrollment and clarifies which educational level, whereas Question A is the initial screening question that determines enrollment status itself. These capture different dimensions of school enrollment.","Question A asks about enrollment status and intensity (full-time/part-time/not enrolled) specifically ""last week."" Question B asks about the type/level of school (high school, college, university) with no time frame and does not capture enrollment status or intensity. They are on the same topic (school) but measure different attributes, so they are related but distinct.",no,no,last week,last week,not specified,not specified,True
FOODAPS_0378,FOODAPS_31,"Last week, were you enrolled in school as a full-time or part-time student, or were you not enrolled in school?",ACS_15,Are you enrolled in school as a full-time or part-time student?,School Enrollment,reference_period_mismatch,reference_period_mismatch,high,high,"Both questions ask about the same core concept—current school enrollment status with the same response categories (full-time, part-time, or not enrolled). However, Question A explicitly specifies 'last week' as the reference period, while Question B contains no time reference and appears to ask about present/current enrollment. This temporal difference could yield different responses if enrollment status changed between the reference periods.","Question A explicitly asks about enrollment status 'last week' and offers full-time, part-time, or not enrolled. Question B asks about enrollment in the present tense but provides no explicit reference period and does not explicitly include a 'not enrolled' phrasing. The core concept (school enrollment/full- vs part-time) is the same, but the explicit time frame in A makes them mismatched.",partial,partial,last week,last week,not specified,not specified,True
FOODAPS_0379,FOODAPS_31,"Last week, were you enrolled in school as a full-time or part-time student, or were you not enrolled in school?",ACS_73,"At any time IN THE LAST 3 MONTHS, has this person attended school or college?",School Enrollment,reference_period_mismatch,reference_period_mismatch,high,high,"Both questions measure school enrollment status, but they use different reference periods: FoodAPS asks about enrollment status in the past week (a point-in-time measure), while ACS asks about any attendance during the last 3 months (a broader behavioral measure). The ACS question also allows for part-time or sporadic attendance, whereas FoodAPS specifically distinguishes between full-time and part-time enrollment status. These differences could produce different responses for individuals with recent enrollment changes or inconsistent attendance patterns.","The two ask about the same general topic (school enrollment/attendance) but use different reference periods: Question A asks about enrollment status specifically 'last week' while Question B asks about any attendance 'in the last 3 months.' They also differ in response format (A distinguishes full-time/part-time/not enrolled; B is a yes/no attendance question), so both time frame and answer format differ, with the primary mismatch being the reference period.",partial,no,last week,last week,last 3 months,last 3 months,True
FOODAPS_0380,FOODAPS_31,"Last week, were you enrolled in school as a full-time or part-time student, or were you not enrolled in school?",ACS_74,What grade or level was this person attending?,School Enrollment,related_but_distinct,related_but_distinct,high,high,"Question A asks about enrollment status (whether someone is enrolled and if full-time or part-time), while Question B asks about the specific grade or level being attended. Question A is a yes/no/status question that precedes grade-level information, whereas Question B only applies to enrolled students and captures academic placement. These measure related but distinct concepts—one determines enrollment eligibility, the other captures educational level among those enrolled.","Question A directly asks enrollment status within a specific reference period and distinguishes full- vs part-time. Question B asks what grade or level the person was attending (no explicit reference period) and elicits a level/grade rather than an enrollment status or intensity. While both concern school, they ask different specific information and have different response formats.",partial,partial,last week,Last week,not specified,not specified,True
FOODAPS_0381,FOODAPS_32,"Last week, were you enrolled in school as a full-time or part-time student, or were you not enrolled in school?",ACS_13,"Are you enrolled in a high school, college, or university?",School Enrollment,reference_period_mismatch,reference_period_mismatch,high,high,"Both questions measure school enrollment status, but Question A uses a specific recent time frame ('last week') while Question B uses an unspecified present-tense frame ('Are you enrolled'). Additionally, Question A includes both full-time and part-time enrollment options with explicit response alternatives, while Question B specifies only certain school types (high school, college, university) without explicitly addressing part-time status or other educational institutions. The undefined reference period in Question B creates ambiguity about whether it captures current enrollment, habitual enrollment, or enrollment at any point in time.","Question A asks about enrollment specifically 'last week' and distinguishes full-time, part-time, or not enrolled. Question B does not specify a reference period (uses present tense) and asks only whether the respondent is enrolled in high school/college/university, without capturing full-/part-time status. The primary mismatch is the explicit reference period in A versus none in B, with a secondary difference in response granularity.",partial,partial,last week,last week,not specified,not specified,True
FOODAPS_0382,FOODAPS_32,"Last week, were you enrolled in school as a full-time or part-time student, or were you not enrolled in school?",ACS_14,"Would that be high school, college, or university?",School Enrollment,related_but_distinct,related_but_distinct,high,high,"Question A asks whether someone is currently enrolled in school and at what intensity level (full-time vs part-time), while Question B assumes school enrollment and asks only about the type of school institution. Question B appears to be a follow-up that only applies to enrolled students, making it fundamentally different in scope—one determines enrollment status, the other classifies the type of institution among those already identified as students.","Question A asks about enrollment status during a specific reference period (last week) and distinguishes full-time/part-time/not enrolled. Question B asks about the type/level of school (high school, college, university) with no stated time frame and does not ask whether the respondent is currently enrolled. These probe different attributes (enrollment status vs. school level) and are not interchangeable.",no,no,last week,last week,not specified,not specified,True
FOODAPS_0383,FOODAPS_32,"Last week, were you enrolled in school as a full-time or part-time student, or were you not enrolled in school?",ACS_15,Are you enrolled in school as a full-time or part-time student?,School Enrollment,reference_period_mismatch,reference_period_mismatch,high,high,"Both questions ask the identical core concept of current school enrollment status with the same response format (full-time/part-time/not enrolled). However, Question A explicitly specifies a one-week reference period (""last week""), while Question B has no specified time frame and appears to ask about current or ongoing enrollment status. This temporal difference could produce different responses, particularly for students with interrupted or variable enrollment patterns.","Both questions ask the same core construct (school enrollment and full‑time vs part‑time vs not enrolled), and use comparable response framing, but Question A explicitly anchors enrollment to ""last week"" while Question B includes no explicit time reference. That difference in reference period can change responses if enrollment status changed recently, so the pair is best classified as a reference period mismatch.",partial,partial,last week,last week,not specified,not specified,True
FOODAPS_0384,FOODAPS_32,"Last week, were you enrolled in school as a full-time or part-time student, or were you not enrolled in school?",ACS_73,"At any time IN THE LAST 3 MONTHS, has this person attended school or college?",School Enrollment,reference_period_mismatch,reference_period_mismatch,high,high,"Both questions assess school enrollment status, but they differ significantly in their reference periods: Question A asks about enrollment during a specific one-week period, while Question B asks about school attendance during a three-month window. Additionally, Question A asks about current enrollment status (full-time/part-time distinction), whereas Question B asks about attendance, which is a behavioral measure rather than enrollment status. These differences could yield different response patterns, particularly for students with irregular attendance or those who recently enrolled/withdrew.","Both items ask about participation in school, but Question A targets enrollment status in the specific reference period of 'last week' and distinguishes full‑ vs part‑time enrollment, while Question B asks a yes/no attendance question over a much longer 3‑month window. The difference in reference period (and the finer enrollment status response in A versus simple attendance in B) changes comparability.",partial,no,last week,last week,last 3 months,any time in the last 3 months,True
FOODAPS_0385,FOODAPS_32,"Last week, were you enrolled in school as a full-time or part-time student, or were you not enrolled in school?",ACS_74,What grade or level was this person attending?,School Enrollment,related_but_distinct,related_but_distinct,high,high,"Question A asks whether someone is enrolled in school and at what level (full-time/part-time status), while Question B asks what specific grade or level the person is attending. Question A measures enrollment status and intensity, while Question B assumes enrollment and captures only the educational level. These are complementary but distinct constructs—one determines if someone is in school, the other determines where in the educational hierarchy.","Question A explicitly asks about enrollment status and intensity (full- vs part-time) during a specific reference period (last week). Question B asks for the grade or level attended (no explicit reference period) and does not capture enrollment status or intensity. They address the same general topic (school) but ask different, non-equivalent specifics.",partial,partial,last week,last week,not specified,not specified,True
FOODAPS_0386,FOODAPS_33,"This week and next week are you attending classes for: (1)Middle/junior  high school (2) High School (3) Homeschool (4) Other school (college, technical school, etc.) (5) no, not attending classes",ACS_13,"Are you enrolled in a high school, college, or university?",School Enrollment,related_but_distinct,related_but_distinct,high,high,"While both questions address school enrollment, they differ in three important ways: (1) Question A asks about current attendance across a 2-week window with detailed school type options including middle school and homeschool, while Question B asks about enrollment status limited only to high school, college, or university; (2) Question A captures a shorter, more immediate timeframe versus Question B's unspecified reference period; (3) Question A's response options are mutually exclusive categories, while Question B uses a yes/no format that could theoretically capture multiple enrollment statuses simultaneously. Question A provides more granular school type information, while Question B focuses only on secondary/tertiary institutions.","Question A asks about attending classes specifically 'this week and next week' and provides categorical options for school level (middle/junior high, high school, homeschool, other/college/technical, or not attending). Question B is a general yes/no enrollment question about 'high school, college, or university' with no time frame and excludes middle/junior high and homeschool explicitly. The differences in time reference, scope of school types, and response format make them related in topic but asking different specific information.",partial,no,this week and next week,this week and next week,not specified,not specified,True
FOODAPS_0387,FOODAPS_33,"This week and next week are you attending classes for: (1)Middle/junior  high school (2) High School (3) Homeschool (4) Other school (college, technical school, etc.) (5) no, not attending classes",ACS_14,"Would that be high school, college, or university?",School Enrollment,response_format_mismatch,related_but_distinct,high,high,"Both questions address school enrollment, but Question A uses a multi-category format distinguishing between middle/junior high, high school, homeschool, other schools, and non-attendance, while Question B is a conditional follow-up asking only about type (high school, college, or university) assuming the respondent is already enrolled. Question A captures current enrollment status across all school types; Question B only identifies enrollment type among those already confirmed as students.","Question A explicitly asks about attending classes during a specific short reference period (this week and next week) and provides a broader list of categories (middle/junior high, high school, homeschool, other school, or not attending). Question B simply asks to classify the type of school (high school, college, or university) with no time frame and omits categories like middle school and homeschool, so the two ask different specific things despite the shared topic of school enrollment.",partial,partial,this week and next week,This week and next week,not specified,not specified,False
FOODAPS_0388,FOODAPS_33,"This week and next week are you attending classes for: (1)Middle/junior  high school (2) High School (3) Homeschool (4) Other school (college, technical school, etc.) (5) no, not attending classes",ACS_15,Are you enrolled in school as a full-time or part-time student?,School Enrollment,related_but_distinct,related_but_distinct,high,high,"Both questions address school enrollment but differ meaningfully in scope and specificity. Question A asks about current class attendance across specific school types with a 2-week reference period, while Question B asks about enrollment status (full-time or part-time) without a specified timeframe. Question A captures behavioral attendance data for a narrow window, whereas Question B captures enrollment status which is typically more stable. Additionally, Question A provides categorical detail about school type while Question B only distinguishes enrollment intensity.","Question A asks about attending classes during a specific two-week period and asks for the type/level of school (middle/high/homeschool/other) or not attending. Question B asks about current enrollment status with intensity (full-time vs part-time) but does not specify a reference period or school level. The two address the same broad topic (school enrollment/attendance) but ask different, non-interchangeable details.",partial,no,this week and next week,this week and next week,not specified,not specified,True
FOODAPS_0389,FOODAPS_33,"This week and next week are you attending classes for: (1)Middle/junior  high school (2) High School (3) Homeschool (4) Other school (college, technical school, etc.) (5) no, not attending classes",ACS_73,"At any time IN THE LAST 3 MONTHS, has this person attended school or college?",School Enrollment,reference_period_mismatch,reference_period_mismatch,high,high,"Both questions ask about current school enrollment status, but they differ significantly in their time frames. Question A asks about a 2-week prospective period (this week and next week), while Question B asks about a 3-month retrospective period (last 3 months). Additionally, Question A provides specific school type categories while Question B uses a simple yes/no format, creating both a reference period mismatch and a response format mismatch.","Question A asks about attendance during a specific immediate/future window (this week and next week) and elicits the type of school attended; Question B asks a yes/no about any attendance during the past 3 months. The differing reference periods are the primary incompatibility (and A also uses a categorical response format versus B's binary), so they are not equivalent.",partial,no,this week and next week,this week and next week,last 3 months,in the last 3 months,True
FOODAPS_0390,FOODAPS_33,"This week and next week are you attending classes for: (1)Middle/junior  high school (2) High School (3) Homeschool (4) Other school (college, technical school, etc.) (5) no, not attending classes",ACS_74,What grade or level was this person attending?,School Enrollment,response_format_mismatch,response_format_mismatch,high,medium,"Both questions address school enrollment but differ fundamentally in their response structures. Question A asks about current attendance (yes/no) across specific school types with a 2-week reference period, while Question B asks for the specific grade or level being attended without a defined time frame. Question A focuses on binary enrollment status categorized by institution type, whereas Question B assumes enrollment and seeks granular detail about educational level.",Question A asks whether the respondent is attending classes during a specific short reference window and provides a limited categorical attendance/level list (middle/high/homeschool/other/no). Question B asks for the grade or level attended with no stated reference period and expects a more granular grade/level response. Thus the core concept (school enrollment) overlaps but the response formats and temporal specificity differ.,partial,partial,this week and next week,this week and next week,not specified,not specified,True
FOODAPS_0391,FOODAPS_34,What is the reason you will not attend school this week and next week?,ACS_13,"Are you enrolled in a high school, college, or university?",School Enrollment,not_comparable,related_but_distinct,high,high,"Question A asks about reasons for school non-attendance (a behavioral/circumstantial question), while Question B asks about enrollment status (a yes/no enrollment question). These measure fundamentally different constructs: one addresses barriers to attending school among enrolled students, the other addresses whether someone is enrolled at all. Question A presupposes school enrollment, while Question B is the prerequisite question.","Question A asks for the reason the respondent will not attend school during a specific upcoming two-week period, while Question B simply asks current enrollment status in high school/college/university. The topics overlap (education), but A is about short-term non-attendance reasons (and presumes non-attendance) whereas B is a yes/no enrollment measure with no time frame or cause information. The response formats and informational content differ substantially.",no,no,this week and next week,this week and next week,not specified (current enrollment status),not specified,False
FOODAPS_0392,FOODAPS_34,What is the reason you will not attend school this week and next week?,ACS_14,"Would that be high school, college, or university?",School Enrollment,not_comparable,related_but_distinct,high,high,"Question A asks about reasons for school non-attendance (a behavioral/situational question focused on absence), while Question B asks about the type/level of school attended (a categorical classification question). These are fundamentally different concepts: one measures absence barriers, the other measures educational institution type. They address different aspects of school enrollment.","Question A asks for the reason the respondent will not attend school during a specific upcoming time frame (this week and next week), whereas Question B asks what level/type of school (high school, college, university) with no time reference. They address different specific constructs (attendance reason vs. enrollment level) and use different response content, so they are related by the school enrollment topic but are distinct.",no,no,this week and next week,this week and next week,not specified,not specified,False
FOODAPS_0393,FOODAPS_34,What is the reason you will not attend school this week and next week?,ACS_15,Are you enrolled in school as a full-time or part-time student?,School Enrollment,not_comparable,related_but_distinct,high,high,"Question A asks for reasons why someone will NOT attend school (a conditional question about non-attendance), while Question B asks whether someone IS enrolled and at what intensity. These are fundamentally different concepts: A targets barriers/reasons for absence among those who might otherwise attend, while B assesses current enrollment status. Question A also presupposes non-attendance, whereas Question B is a direct enrollment measure.","Question A asks for the reason the respondent will not attend school specifically during 'this week and next week' (a short, specified attendance period) and solicits an explanation. Question B asks current enrollment status (full-time vs part-time) with no explicit time frame and does not ask about attendance or reasons for absence. The core topics (attendance reasons for a specific two-week period vs enrollment status/course load) are related to schooling but are distinct information needs and have different response formats.",no,no,this week and next week,this week and next week,not specified (current enrollment status),not specified,False
FOODAPS_0394,FOODAPS_34,What is the reason you will not attend school this week and next week?,ACS_73,"At any time IN THE LAST 3 MONTHS, has this person attended school or college?",School Enrollment,not_comparable,related_but_distinct,high,high,"These questions measure fundamentally different constructs despite both relating to school. Question A asks about reasons for non-attendance (a conditional question assuming the respondent will not attend), while Question B asks whether attendance occurred at all during a period. Question A is about explaining absences, while Question B is about enrollment/attendance status—they are asking different specific things about school involvement.","The two items are about schooling but ask different things: A asks for the reason the respondent will not attend school over the upcoming week and the following week (a future, two-week window and elicits reasons), while B asks whether the person attended school at any time in the past 3 months (a past, three-month yes/no attendance measure). They differ in time frame, question focus (reasons vs occurrence), and response format.",no,no,this week and next week,this week and next week (upcoming two weeks),last 3 months,in the last 3 months (past 3 months),False
FOODAPS_0395,FOODAPS_34,What is the reason you will not attend school this week and next week?,ACS_74,What grade or level was this person attending?,School Enrollment,not_comparable,related_but_distinct,high,high,"Question A asks about reasons for school non-attendance (absence/absences), while Question B asks about current grade/level of school enrollment. These measure fundamentally different constructs: one is about absence behavior and its causes, the other is about educational status. They cannot be consolidated as they serve distinct purposes in understanding school participation.","Question A asks for the reason a respondent will not attend school during a specific two-week period (this week and next week), while Question B asks what grade or level the person was attending (a status/level question with no stated time frame). They address the same general topic (school enrollment/attendance) but ask different, non-overlapping information (cause of short-term non-attendance vs. grade/level).",no,no,this week and next week,this week and next week,not specified,not specified,False
FOODAPS_0396,FOODAPS_35,What is the level of school that you attended before summer break?,ACS_13,"Are you enrolled in a high school, college, or university?",School Enrollment,related_but_distinct,related_but_distinct,high,high,"Question A asks about the highest level of school attended in the past (retrospective, with a specific temporal anchor of 'before summer break'), while Question B asks about current enrollment status in specific institution types. Question A captures educational attainment/history while Question B captures present enrollment in particular school levels. These measure different constructs despite both relating to school involvement.","Question A asks for the level of school attended immediately before summer break (a specific time reference) and implies a categorical level (elementary, middle, high school, college, etc.). Question B asks about current enrollment status in specifically high school, college, or university (a yes/no enrollment question with no explicit time frame) and omits other school levels. These differences in intent, response format, scope, and reference period make them related (same topic) but not equivalent.",no,no,before summer break,before summer break,not specified (current enrollment),not specified,True
FOODAPS_0397,FOODAPS_35,What is the level of school that you attended before summer break?,ACS_14,"Would that be high school, college, or university?",School Enrollment,related_but_distinct,related_but_distinct,high,high,"Question A asks about school attendance specifically before a summer break (implying current/recent school enrollment), while Question B asks about educational attainment level (high school, college, or university completed). These are fundamentally different constructs: enrollment status vs. educational credential. Additionally, Question A has a specific time anchor (before summer break) while Question B lacks temporal context.","Question A asks for the level of school attended specifically 'before summer break,' implying a time-bound report of any schooling level (K–12 or postsecondary). Question B offers only three category choices (high school, college, university) and has no explicit time frame, excluding elementary/middle and other institution types and likely functioning as a different, narrower follow-up. These differences in time reference and response scope make them related but not equivalent.",no,no,before summer break,before summer break,not specified,not specified,True
FOODAPS_0398,FOODAPS_35,What is the level of school that you attended before summer break?,ACS_15,Are you enrolled in school as a full-time or part-time student?,School Enrollment,related_but_distinct,related_but_distinct,high,high,"Question A asks about the highest level of school attended (educational attainment), while Question B asks about current enrollment status and intensity. These measure different constructs: one is retrospective attainment while the other is present-tense enrollment participation. They cannot substitute for each other despite both relating to school.","Question A asks the level of school attended immediately before summer break (i.e., school level/grade), while Question B asks current enrollment status and intensity (full- vs part-time). They address different specific attributes of schooling (school level vs enrollment status) and A includes an explicit time reference that B does not, so they are related by topic but not equivalent.",no,no,before summer break,before summer break,not specified (current enrollment status),not specified,True
FOODAPS_0399,FOODAPS_35,What is the level of school that you attended before summer break?,ACS_73,"At any time IN THE LAST 3 MONTHS, has this person attended school or college?",School Enrollment,related_but_distinct,related_but_distinct,high,high,"Question A asks about the highest level of school attended (educational attainment/history), while Question B asks about current enrollment status during a specific recent period. These measure different constructs: one captures educational background, the other captures current school participation. The reference periods also differ—Question A references an unspecified past point (before summer), while Question B specifies a 3-month window.","Question A asks for the level/type of school attended (a categorical descriptor) specifically 'before summer break', while Question B asks a yes/no about attendance 'in the last 3 months'. They differ in the specific information collected (level vs attendance), the response format, and the reference period, so they are related but not equivalent.",no,no,"before summer break (implicit past reference, unspecified duration)",before summer break,last 3 months,last 3 months,True
FOODAPS_0400,FOODAPS_35,What is the level of school that you attended before summer break?,ACS_74,What grade or level was this person attending?,School Enrollment,reference_period_mismatch,reference_period_mismatch,high,high,"Both questions ask about school enrollment/grade level, but Question A specifically references a past time point ('before summer break'), implying a retrospective snapshot of enrollment status at that specific time. Question B asks about current or present enrollment without a specified timeframe, making it a point-in-time measure rather than a retrospective one. This temporal difference means the questions could yield different answers for the same respondent depending on when each survey was administered.","Both questions ask about the school grade/level attended, but Question A explicitly anchors the response to the time 'before summer break', while Question B contains no explicit time reference. That difference could change responses when enrollment or grade changes across the year, so they are not direct equivalents.",partial,partial,before summer break,before summer break,not specified,not specified,True
FOODAPS_0401,FOODAPS_36,What is the level of school that you attend when not on a school break?,ACS_13,"Are you enrolled in a high school, college, or university?",School Enrollment,related_but_distinct,response_format_mismatch,high,high,"Both questions address school enrollment but target different populations and ask different things. Question A asks about the level/type of school currently attended (with a specific temporal qualifier about school breaks), implying the respondent is already enrolled. Question B asks a yes/no enrollment status question and specifies only high school, college, or university, excluding other education levels. Question A would capture enrolled students at all levels (elementary, middle, high school, college, vocational, etc.) while Question B only identifies enrollment in three specific levels.","Both items address school enrollment/attendance, but Question A asks for the level of school attended (a categorical attribute) and specifies attendance when school is in session, while Question B is a yes/no question limited to enrollment in high school, college, or university. The difference in response format (level/category vs. binary enrollment) and the narrower scope of institutions in B prevent them from being equivalent.",partial,no,when not on a school break,when not on a school break (current attendance when school is in session),not specified,not specified,False
FOODAPS_0402,FOODAPS_36,What is the level of school that you attend when not on a school break?,ACS_14,"Would that be high school, college, or university?",School Enrollment,related_but_distinct,related_but_distinct,high,high,"Question A asks about the level of school attended during the school year (excluding breaks), while Question B asks to clarify/categorize the type of school as high school, college, or university. Question A is broader (captures what level someone attends), while Question B appears to be a follow-up probe to categorize school type. They address related but distinct aspects: one captures enrollment level during active school periods, the other categorizes school type. The reference periods also differ—Question A explicitly excludes breaks while Question B has no temporal qualifier.","Both questions ask about the respondent's level of school attendance, but they differ in scope and response options. Question A asks generally for the level of school attended (covering all levels and specifies attendance context ""when not on a school break""), while Question B restricts answers to three categories (high school, college, or university), excluding lower school levels and using a narrower response framing. These differences change the information captured and comparability.",partial,no,when not on a school break,when not on a school break (current attendance),not specified,not specified,True
FOODAPS_0403,FOODAPS_36,What is the level of school that you attend when not on a school break?,ACS_15,Are you enrolled in school as a full-time or part-time student?,School Enrollment,related_but_distinct,related_but_distinct,high,high,"Question A asks specifically about school level/type attended (requesting categorical information about the kind of institution), while Question B asks about enrollment status and intensity (full-time vs. part-time). These address different dimensions of school participation. Question A presupposes enrollment and seeks grade/level detail, whereas Question B determines whether someone is enrolled at all and at what intensity. They are complementary rather than redundant.","Question A asks for the level/grade of school attended (e.g., elementary, high school, college) and specifies attendance when not on a school break. Question B asks about enrollment status and intensity (full-time vs part-time) and does not ask which level/grade the respondent is in. These are related to the general topic of school enrollment but measure different specific attributes, so they are not interchangeable.",no,no,when not on a school break (current/ongoing),when not on a school break,not specified (current enrollment status),not specified,True
FOODAPS_0404,FOODAPS_36,What is the level of school that you attend when not on a school break?,ACS_73,"At any time IN THE LAST 3 MONTHS, has this person attended school or college?",School Enrollment,reference_period_mismatch,related_but_distinct,high,high,"Both questions address school enrollment but differ fundamentally in their reference periods and question structure. Question A asks about current enrollment level during active school periods, while Question B asks whether attendance occurred at any point during a 3-month window. Additionally, Question A assumes the respondent attends school and asks what level, whereas Question B uses a yes/no format to determine if attendance occurred at all.",Question A asks for the level/grade of school the respondent attends (a categorical/current-enrollment attribute) while Question B asks a yes/no about any attendance in the past 3 months (a recent participation indicator). They differ in item type (level vs binary attendance) and B has an explicit 3-month reference period while A only refers to usual attendance outside school breaks. These differences mean they are on the same topic but ask different specific information.,partial,no,current school enrollment status (when not on break),when not on a school break,last 3 months,in the last 3 months,False
FOODAPS_0405,FOODAPS_36,What is the level of school that you attend when not on a school break?,ACS_74,What grade or level was this person attending?,School Enrollment,near_duplicate,near_duplicate,high,high,"Both questions ask about current school enrollment level/grade, which is their core concept. Question A includes a qualifier about school breaks that is absent in Question B, though both appear to capture the same underlying information about educational attainment status. The reference period difference is minor since both are asking about present enrollment rather than historical enrollment.","Both questions solicit the respondent's grade/level of school attended (i.e., current enrollment level). Question A explicitly clarifies to report the level attended when not on a school break (to capture regular enrollment), while Question B does not include that qualifier and uses a different tense; these are minor wording differences that do not change the core concept.",partial,partial,when not on a school break,when not on a school break,not specified,not specified,True
FOODAPS_0406,FOODAPS_37,What are the first and last days of the school break or summer vacation?,ACS_13,"Are you enrolled in a high school, college, or university?",School Enrollment,not_comparable,related_but_distinct,high,high,"Question A asks about the timing/dates of school breaks, which is logistical information about the school calendar. Question B asks about current enrollment status in educational institutions. These are fundamentally different concepts—one concerns when school is not in session, the other concerns whether someone is actively enrolled. They cannot be substituted for one another.","Question A asks for the specific calendar dates of a school break or summer vacation (timing information), whereas Question B asks a yes/no enrollment status (whether the respondent is enrolled in high school/college/university). They target different constructs and use different response formats, so they are related to the same general topic (school) but ask distinct information.",no,no,school break or summer vacation (specific dates),not specified,current enrollment status (not specified),not specified,False
FOODAPS_0407,FOODAPS_37,What are the first and last days of the school break or summer vacation?,ACS_14,"Would that be high school, college, or university?",School Enrollment,not_comparable,related_but_distinct,high,high,"Question A asks for the specific dates of a school break/vacation period, while Question B asks about the level/type of school enrollment (high school vs. college vs. university). These are fundamentally different constructs: one concerns timing of breaks while the other concerns educational level. They do not address the same concept despite both relating broadly to school.","Question A requests specific calendar dates for a school break/summer vacation (timing), while Question B asks which level of schooling (high school, college, or university). They address different constructs (timing of a break vs. school type) and use different response formats, so they are related by topic but distinct.",no,no,school break or summer vacation (specific dates),dates of the school break or summer vacation (asked as first and last day),not specified,not specified,False
FOODAPS_0408,FOODAPS_37,What are the first and last days of the school break or summer vacation?,ACS_15,Are you enrolled in school as a full-time or part-time student?,School Enrollment,related_but_distinct,related_but_distinct,high,high,"Question A asks about the timing/dates of school breaks or summer vacation periods, while Question B asks about current enrollment status and intensity (full-time vs. part-time). These address different dimensions of school involvement: one captures when school is not in session, the other captures whether someone is currently enrolled and at what level. They are related only in that both touch on school participation but measure fundamentally different concepts.","Question A requests specific calendar dates for a school break or summer vacation (temporal start and end), whereas Question B asks a categorical current enrollment status (full-time vs part-time). They address the same general topic (school) but measure different attributes and use different response formats, so they are related but distinct.",no,no,school break or summer vacation (specific dates),school break / summer vacation period (start and end dates),current enrollment status (not specified),current enrollment status (present),True
FOODAPS_0409,FOODAPS_37,What are the first and last days of the school break or summer vacation?,ACS_73,"At any time IN THE LAST 3 MONTHS, has this person attended school or college?",School Enrollment,related_but_distinct,related_but_distinct,high,high,"While both questions relate to school enrollment, they measure fundamentally different constructs. Question A asks for specific calendar dates of a school break/vacation period, which is administrative scheduling information unrelated to enrollment status. Question B directly measures current or recent school attendance/enrollment. These serve different purposes: one captures when schooling pauses, the other captures whether someone is enrolled/attending.","Question A asks for the specific start and end dates of a school break or summer vacation (timing information) and does not specify a reference period. Question B is a yes/no about whether the person attended school or college at any time in the last 3 months. They address different facts (timing of a break versus recent attendance) and use different response formats, so they are related by topic (school enrollment/attendance) but distinct in content.",no,no,school break or summer vacation (specific dates requested),not specified,last 3 months,last 3 months,True
FOODAPS_0410,FOODAPS_37,What are the first and last days of the school break or summer vacation?,ACS_74,What grade or level was this person attending?,School Enrollment,not_comparable,related_but_distinct,high,high,"These questions address fundamentally different aspects of school enrollment. Question A asks about the timing/dates of school breaks (operational calendar information), while Question B asks about the grade level currently being attended (student status information). They serve different purposes: one captures institutional schedule data, the other captures individual educational attainment/status.","Question A asks for the specific start and end dates of a school break or summer vacation (timing/dates), while Question B asks for the grade or level the person was attending (educational level). They address different attributes (timing vs grade) and would use different response formats (dates vs grade categories), so they are related by topic but distinct in content.",no,no,school break or summer vacation (specific dates),not specified,not specified (current/present enrollment status),not specified,False
FOODAPS_0411,FOODAPS_63,"Last week, was NAME enrolled in school as a full-time or part-time student, or was NAME not enrolled in school?",ACS_13,"Are you enrolled in a high school, college, or university?",School Enrollment,reference_period_mismatch,reference_period_mismatch,high,high,"Both questions ask about school enrollment status, but Question A specifies a precise one-week reference period and captures enrollment intensity (full-time vs. part-time), while Question B uses an unspecified present-tense reference and only identifies enrollment type (high school, college, or university) without distinguishing intensity. The FoodAPS question also explicitly allows for ""not enrolled"" as a response category, whereas ACS's format (""Are you enrolled..."") is yes/no oriented.","Question A explicitly asks about enrollment status 'last week' and distinguishes full-time vs part-time, while Question B has no explicit reference period (present-tense 'Are you enrolled...') and does not ask about enrollment intensity or include a 'not enrolled' choice in the same format. The primary mismatch is the time frame, though response option differences (intensity and institution type) also make them not directly equivalent.",partial,partial,last week,Last week,not specified,not specified,True
FOODAPS_0412,FOODAPS_63,"Last week, was NAME enrolled in school as a full-time or part-time student, or was NAME not enrolled in school?",ACS_14,"Would that be high school, college, or university?",School Enrollment,not_comparable,related_but_distinct,high,high,"Question A asks whether a person is enrolled in school at all and at what intensity (full-time vs. part-time), while Question B presupposes enrollment and asks only about the TYPE of school institution. Question B cannot be answered by someone not enrolled in school, making these fundamentally different questions despite both relating to school enrollment.","Question A asks about current enrollment status and intensity (full-time/part-time) with an explicit reference period of 'last week.' Question B asks about the level/type of school (high school, college, university) and contains no time reference and does not ask whether the person is enrolled or their enrollment intensity. These ask different specific constructs (status/intensity vs. institution type) and are not interchangeable.",no,no,last week,last week,not specified,not specified,False
FOODAPS_0413,FOODAPS_63,"Last week, was NAME enrolled in school as a full-time or part-time student, or was NAME not enrolled in school?",ACS_15,Are you enrolled in school as a full-time or part-time student?,School Enrollment,reference_period_mismatch,reference_period_mismatch,high,high,"Both questions ask the same core concept—current school enrollment status with the same response categories (full-time, part-time, or not enrolled). However, Question A explicitly references 'last week' while Question B has no specified time frame, typically implying 'current' or 'at time of survey.' This temporal difference could yield different responses if enrollment status changed between the week being asked about and the survey date.","Both questions measure school enrollment status (full-time/part-time/not enrolled), but Question A explicitly refers to 'Last week' while Question B includes no time reference and is read as a current/present-tense question. The difference in reference period is substantive (could differ if enrollment changed), and the pronoun difference (NAME vs you) is a minor mode difference that does not affect core meaning.",partial,partial,last week,last week,not specified,not specified,True
FOODAPS_0414,FOODAPS_63,"Last week, was NAME enrolled in school as a full-time or part-time student, or was NAME not enrolled in school?",ACS_73,"At any time IN THE LAST 3 MONTHS, has this person attended school or college?",School Enrollment,reference_period_mismatch,reference_period_mismatch,high,high,"Both questions assess school enrollment status, but they use different reference periods: FoodAPS asks about enrollment status during the past week, while ACS asks about attendance at any point in the last 3 months. The ACS question also uses broader language (""attended"") rather than current enrollment status, and does not distinguish between full-time and part-time enrollment. These differences could produce substantially different results, particularly for students with intermittent attendance patterns.","Question A asks about enrollment status specifically during the previous week and distinguishes full-time vs part-time, while Question B asks a yes/no about any attendance at any time in the prior three months. The two differ in reference period length and in response format/construct (enrolled full/part-time vs any attendance), so they are not equivalent despite both relating to school participation.",partial,no,last week,last week,last 3 months,last 3 months,True
FOODAPS_0415,FOODAPS_63,"Last week, was NAME enrolled in school as a full-time or part-time student, or was NAME not enrolled in school?",ACS_74,What grade or level was this person attending?,School Enrollment,related_but_distinct,related_but_distinct,high,high,"Question A asks about enrollment status (whether someone is enrolled and at what intensity: full-time, part-time, or not enrolled), while Question B asks about the specific grade or level being attended. Question A establishes WHETHER someone is in school, while Question B presumes enrollment and asks WHAT level. These are related but distinct questions—one cannot determine enrollment status from knowing someone's grade level, and vice versa.","Question A explicitly asks enrollment status (full-time/part-time/not enrolled) with a defined reference period ('last week'). Question B asks grade or level attended, which indicates the educational level but does not directly capture enrollment status (or intensity) nor specify a time frame. The two address the same topical area (school) but ask different specific facts and use different response formats.",partial,partial,last week,last week,not specified,not specified,True
FOODAPS_0416,FOODAPS_64,"This week and next week is NAME attending classes for:  (1) Kindergarten (2) Elementary/grade school (4) Middle/junior high school (6) High school (7) Homeschool (7) Other school (college, technical school, etc.) (8) No, not attending classes",ACS_13,"Are you enrolled in a high school, college, or university?",School Enrollment,related_but_distinct,related_but_distinct,high,high,"Both questions address school enrollment but differ significantly in scope and specificity. Question A captures current enrollment across multiple educational levels (K-12, homeschool, college, technical school) with a specific two-week reference period, while Question B asks only about high school, college, or university enrollment without a specified time frame. Question A's broader categorical approach and narrower time window make it functionally distinct from Question B's more limited institutional focus.","Question A asks about attending classes specifically ""this week and next week"" and provides multiple categorical school levels (K, elementary, middle, high, homeschool, other/college). Question B is a simple yes/no about enrollment in high school, college, or university with no explicit time frame and fewer categories. The items therefore cover the same general topic (school enrollment/attendance) but ask different specific things and use different response detail and timing.",partial,no,this week and next week,this week and next week,not specified,not specified,True
FOODAPS_0417,FOODAPS_64,"This week and next week is NAME attending classes for:  (1) Kindergarten (2) Elementary/grade school (4) Middle/junior high school (6) High school (7) Homeschool (7) Other school (college, technical school, etc.) (8) No, not attending classes",ACS_14,"Would that be high school, college, or university?",School Enrollment,related_but_distinct,related_but_distinct,high,high,"Both questions address school enrollment but target fundamentally different populations and purposes. Question A screens for ANY current school attendance across all education levels (K-12 and beyond) with a specific 2-week reference period, while Question B is a follow-up conditional question asked only of those already identified as currently enrolled in college/university, asking them to specify their institution type. Question A is a broad enrollment screener; Question B is a detailed classifier for college students only.","Question A asks which level of school the named person is attending during a specific two-week period and provides a full range of categories (K, elementary, middle, high, homeschool, college/technical, none). Question B only distinguishes between ""high school"" and ""college or university"" with no stated reference period and omits K–8, homeschool, technical school, and 'not attending' options. The core topic (school enrollment/level) is shared but the scope and response formats differ materially.",partial,no,this week and next week,This week and next week,not specified,not specified,True
FOODAPS_0418,FOODAPS_64,"This week and next week is NAME attending classes for:  (1) Kindergarten (2) Elementary/grade school (4) Middle/junior high school (6) High school (7) Homeschool (7) Other school (college, technical school, etc.) (8) No, not attending classes",ACS_15,Are you enrolled in school as a full-time or part-time student?,School Enrollment,response_format_mismatch,related_but_distinct,high,high,"Both questions measure school enrollment status, but they differ significantly in response format and specificity. Question A asks about grade level/type of school attended (with 8 categorical options including a 'not attending' option), while Question B asks about enrollment intensity (full-time vs. part-time student). Question A also specifies a narrow 2-week reference period, whereas Question B has no explicit time reference. These format differences mean they capture different dimensions of school enrollment.","Question A asks whether the named person is attending classes during a specific two-week window and records the level/type of school (K–12, homeschool, college/technical, or not attending). Question B asks about current enrollment intensity (full-time vs part-time) with no explicit reference period or school level. The differences in time frame, the presence of school-level categories in A, and the full-/part-time distinction in B make them distinct though thematically related.",partial,no,this week and next week,this week and next week,not specified,not specified,False
FOODAPS_0419,FOODAPS_64,"This week and next week is NAME attending classes for:  (1) Kindergarten (2) Elementary/grade school (4) Middle/junior high school (6) High school (7) Homeschool (7) Other school (college, technical school, etc.) (8) No, not attending classes",ACS_73,"At any time IN THE LAST 3 MONTHS, has this person attended school or college?",School Enrollment,reference_period_mismatch,reference_period_mismatch,high,high,"Both questions assess school enrollment status, but they differ significantly in their reference periods. Question A asks about current/immediate enrollment (this week and next week), while Question B asks about enrollment at any point during the previous 3 months, which is broader and captures historical attendance. Additionally, Question A provides specific school type categories in its response options while Question B uses a simple yes/no format.","Both questions ask about whether a person is attending school, but they use different reference periods: Question A targets the immediate current/future two-week window while Question B asks about any attendance in the prior three months. They also differ in response detail (A elicits specific school level; B is a yes/no), so they are not directly interchangeable.",partial,partial,This week and next week,This week and next week,Last 3 months,In the last 3 months,True
FOODAPS_0420,FOODAPS_64,"This week and next week is NAME attending classes for:  (1) Kindergarten (2) Elementary/grade school (4) Middle/junior high school (6) High school (7) Homeschool (7) Other school (college, technical school, etc.) (8) No, not attending classes",ACS_74,What grade or level was this person attending?,School Enrollment,related_but_distinct,reference_period_mismatch,high,high,"Both questions address school enrollment but differ fundamentally in scope and intent. Question A asks whether a person is currently attending school (with a specific 2-week reference period) and captures broad enrollment categories including homeschool and non-enrollment status. Question B presupposes school attendance and asks only about the grade/level being attended, without addressing enrollment status or reference period. These are complementary questions serving different purposes rather than equivalent measures of the same concept.","Both questions elicit the grade/level a person is attending, but Question A explicitly anchors attendance to a two-week window (this week and next week) while Question B contains no explicit reference period. That temporal anchoring could change responses (e.g., summer break, temporary enrollment changes). The response options appear similar in scope, so the primary mismatch is the reference period rather than the underlying concept or format.",partial,partial,this week and next week,This week and next week,not specified,not specified,False
FOODAPS_0421,FOODAPS_65,What is the reason NAME will not attend school this week and next week?  (1) Summer vacation/summer break  (2) Other school break  (3) Home schooled (4) Disabled (5) Not old enough (6) Not enrolled (7) Graduated (8) Other,ACS_13,"Are you enrolled in a high school, college, or university?",School Enrollment,related_but_distinct,related_but_distinct,high,high,"Question A asks why a specific child will NOT attend school during a defined two-week period, focusing on reasons for absence or non-enrollment in that timeframe. Question B asks whether someone is currently enrolled in high school, college, or university, regardless of immediate attendance. These address different constructs: Question A captures short-term absence reasons while Question B captures enrollment status. Question A is also limited to school-age children and provides categorical reasons for non-attendance, whereas Question B is a simple yes/no enrollment question.","Question A asks for the specific reason a named person will not attend school during a defined two-week window and provides multiple categorical reasons (including 'Not enrolled'), while Question B simply asks a yes/no about current enrollment in high school/college/university with no reference period. B is narrower in schooling types and different in response format and intent, so they are related but ask distinct information.",no,partial,this week and next week,this week and next week,not specified (current/ongoing enrollment status),not specified,True
FOODAPS_0422,FOODAPS_65,What is the reason NAME will not attend school this week and next week?  (1) Summer vacation/summer break  (2) Other school break  (3) Home schooled (4) Disabled (5) Not old enough (6) Not enrolled (7) Graduated (8) Other,ACS_14,"Would that be high school, college, or university?",School Enrollment,not_comparable,related_but_distinct,high,high,"Question A asks WHY a child will not attend school (seeking reasons for absence), while Question B asks WHAT TYPE of school the person attends (categorical classification of institution). These are fundamentally different constructs: one measures school non-attendance with specific barriers/reasons, the other measures school type among those enrolled. Question A presupposes non-attendance; Question B presupposes enrollment.","Question A asks for the reason the named child will not attend school during a specific two-week period and provides response categories about enrollment/status (e.g., summer break, homeschooled, not enrolled, graduated). Question B asks which level of school (high school, college, or university) — a different attribute (school level) and with no time frame. The items therefore cover the same general topic (school/enrollment) but ask different specific information and cannot substitute for one another.",no,no,this week and next week,this week and next week,not specified,not specified,False
FOODAPS_0423,FOODAPS_65,What is the reason NAME will not attend school this week and next week?  (1) Summer vacation/summer break  (2) Other school break  (3) Home schooled (4) Disabled (5) Not old enough (6) Not enrolled (7) Graduated (8) Other,ACS_15,Are you enrolled in school as a full-time or part-time student?,School Enrollment,related_but_distinct,related_but_distinct,high,high,"Question A asks specifically why a child will NOT attend school in a defined two-week period, with responses focused on reasons for absence (vacation, disability, not enrolled, etc.). Question B asks about current enrollment status and intensity (full-time or part-time), which is a broader concept about educational participation. While both relate to school enrollment, they measure fundamentally different constructs: barriers to attendance versus enrollment status.","Question A asks why the named child will not attend school during a specific two-week window and provides categorical reasons (e.g., summer break, not enrolled, home schooled). Question B asks current enrollment status/full- or part-time enrollment and does not capture short-term non-attendance or the specific reasons for not attending. The two differ in intent, specificity of timing, and response detail, so they are related by topic (school enrollment/attendance) but ask distinct things.",partial,partial,this week and next week,this week and next week,not specified,not specified,True
FOODAPS_0424,FOODAPS_65,What is the reason NAME will not attend school this week and next week?  (1) Summer vacation/summer break  (2) Other school break  (3) Home schooled (4) Disabled (5) Not old enough (6) Not enrolled (7) Graduated (8) Other,ACS_73,"At any time IN THE LAST 3 MONTHS, has this person attended school or college?",School Enrollment,related_but_distinct,related_but_distinct,high,high,"While both questions address school enrollment, they ask fundamentally different things. Question A is a conditional question asked only when a child is not attending school that specific week, requesting reasons for non-attendance. Question B is a broader enrollment question asked of all persons asking if they attended school at any point in a 3-month window. Question A targets temporary absences while Question B captures overall enrollment status, making them distinct despite the shared topic.","Question A asks why the person will not attend school during a specific upcoming short window (this week and next week) and provides categorical reasons. Question B asks a yes/no about attendance during the prior three months. They address the same general topic (school attendance/enrollment) but differ in timing (future vs past) and in substantive content (reasons for non-attendance vs attendance occurrence), so they are not equivalent.",no,no,this week and next week,this week and next week,last 3 months,in the last 3 months,True
FOODAPS_0425,FOODAPS_65,What is the reason NAME will not attend school this week and next week?  (1) Summer vacation/summer break  (2) Other school break  (3) Home schooled (4) Disabled (5) Not old enough (6) Not enrolled (7) Graduated (8) Other,ACS_74,What grade or level was this person attending?,School Enrollment,related_but_distinct,related_but_distinct,high,high,"Question A asks about reasons for non-attendance in a specific two-week period, focusing on barriers and exceptions to school attendance. Question B asks about current grade/level enrollment, which is a static characteristic rather than attendance behavior. While both relate to school, they measure fundamentally different constructs: one captures reasons for temporary absence, the other captures educational progress/placement. Question B does not provide information about why a student might not attend.","Question A asks why the named person will not attend school during a specific short time window (this week and next week) with categorical reasons (e.g., summer break, not enrolled). Question B asks what grade or level the person was attending (a status/level measure) and does not specify a short reference period. The two address the general topic of schooling but capture different specific constructs (reason for non-attendance in a defined period vs. grade/level attended).",no,no,this week and next week,this week and next week,not specified,not specified,True
FOODAPS_0426,FOODAPS_66,"What is the level of school that NAME attended before summer break? (0) Did not attend school  (1) Primary or preschool (2) Kindergarten (3) Elementary/grade school (4) Middle/junior high school (5) High school (6) Other school (college, technical school, etc.)",ACS_13,"Are you enrolled in a high school, college, or university?",School Enrollment,related_but_distinct,related_but_distinct,high,high,"Question A asks about school attendance level *before* a specific event (summer break), capturing the highest grade/school type attended, while Question B asks about current enrollment status in specific institution types (high school, college, university). Question A provides comprehensive educational attainment information across all school types, whereas Question B only captures present enrollment in three specific categories. The reference periods differ (past vs. present), and Question A's scope is broader.","Question A asks which level of school the named person attended immediately before summer break with multiple categorical levels (including preschool through college/technical), while Question B asks a binary enrollment status for high school or higher. They differ in scope (A covers all levels and asks level attended; B only asks enrollment in high school/college/university) and in response format (multi-category vs yes/no), and A has an explicit past time frame whereas B has no explicit reference period (implicitly current).",partial,no,before summer break,before summer break,not specified,not specified,True
FOODAPS_0427,FOODAPS_66,"What is the level of school that NAME attended before summer break? (0) Did not attend school  (1) Primary or preschool (2) Kindergarten (3) Elementary/grade school (4) Middle/junior high school (5) High school (6) Other school (college, technical school, etc.)",ACS_14,"Would that be high school, college, or university?",School Enrollment,related_but_distinct,related_but_distinct,high,high,"Question A asks about school attendance level before summer break (capturing current/recent enrollment across all grade levels with detailed categories), while Question B asks a categorical question about highest level of education ('high school, college, or university') that appears designed for educational attainment rather than current enrollment status. Question A provides granular enrollment data for young children; Question B seems to focus on post-secondary categorization and lacks the specificity to capture elementary/middle school enrollment.","Question A asks the exact level of school attended with many categories (including preschool, kindergarten, elementary, middle, high school, college/technical, and 'did not attend') and specifies the time frame 'before summer break'. Question B only distinguishes between 'high school' and 'college or university' (no timeframe) and thus omits younger levels and other categories. The two ask about the same general topic (school enrollment/level) but ask different specific things and use different, non-equivalent response options.",no,partial,before summer break,before summer break,not specified,not specified,True
FOODAPS_0428,FOODAPS_66,"What is the level of school that NAME attended before summer break? (0) Did not attend school  (1) Primary or preschool (2) Kindergarten (3) Elementary/grade school (4) Middle/junior high school (5) High school (6) Other school (college, technical school, etc.)",ACS_15,Are you enrolled in school as a full-time or part-time student?,School Enrollment,related_but_distinct,related_but_distinct,high,high,"Question A asks about the specific school level/type that a child attended before summer break, capturing educational placement and grade progression. Question B asks only whether someone is currently enrolled and their enrollment status (full-time vs. part-time), without identifying the school level or type. These are fundamentally different constructs: one measures educational placement/attainment, the other measures current enrollment status and intensity.","Question A asks about the level/type of school attended at a specific time (before summer break) with categorical grade-level options. Question B asks whether the respondent is enrolled and whether that enrollment is full- or part-time (a current enrollment status question) and does not ask about grade/level. The two differ in measured construct, reference timing, and response format (multiple categorical levels vs. enrollment status with full/part-time), so they are related by topic but not equivalent.",no,no,before summer break,before summer break,not specified,not specified,True
FOODAPS_0429,FOODAPS_66,"What is the level of school that NAME attended before summer break? (0) Did not attend school  (1) Primary or preschool (2) Kindergarten (3) Elementary/grade school (4) Middle/junior high school (5) High school (6) Other school (college, technical school, etc.)",ACS_73,"At any time IN THE LAST 3 MONTHS, has this person attended school or college?",School Enrollment,related_but_distinct,reference_period_mismatch,high,high,"While both questions address school enrollment, they measure fundamentally different constructs. Question A asks about the highest level of school attended (educational attainment/history), with a vague reference to 'before summer break,' whereas Question B asks about current enrollment status during a specific 3-month period. Question A establishes a person's educational background regardless of current attendance, while Question B captures active enrollment. The reference periods also differ in specificity and temporal focus.","Question A asks for the level of school attended ""before summer break"" and provides categorical levels (including college), while Question B is a yes/no about any attendance ""in the last 3 months."" The two differ in reference period (seasonal vs explicit 3-month window) and in response format/detail (level categories versus a binary attendance indicator), so they are not equivalent primarily due to the time-frame mismatch.",no,no,before summer break,before summer break,last 3 months,in the last 3 months,False
FOODAPS_0430,FOODAPS_66,"What is the level of school that NAME attended before summer break? (0) Did not attend school  (1) Primary or preschool (2) Kindergarten (3) Elementary/grade school (4) Middle/junior high school (5) High school (6) Other school (college, technical school, etc.)",ACS_74,What grade or level was this person attending?,School Enrollment,reference_period_mismatch,reference_period_mismatch,high,high,"Both questions ask about school enrollment/attendance and grade level, but Question A specifically references 'before summer break' (past tense, specific timepoint), while Question B uses present tense 'was this person attending' without a specified time frame. Question A also includes a 'did not attend school' option and uses categorical grade levels, whereas Question B asks what grade/level 'was' being attended, implying current enrollment. The temporal specificity differs meaningfully.","Both questions measure the grade/level a person was attending, but Question A explicitly anchors the response to the time ""before summer break,"" while Question B has no explicit time reference (ACS typically asks current or usual enrollment). That difference in reference period can change responses for students whose enrollment status or grade changed around the summer, so they are not interchangeable without aligning the reference periods.",partial,partial,before summer break,before summer break,not specified,not specified,True
FOODAPS_0431,FOODAPS_67,"What is the level of school that NAME attend/s when not on a school break? (1) Primary or preschool (2) Kindergarten (3) Elementary/grade school (4) Middle/junior high school (5) High school (6) Other school (college, technical school, etc.)",ACS_13,"Are you enrolled in a high school, college, or university?",School Enrollment,related_but_distinct,related_but_distinct,high,high,"Both questions address school enrollment but differ substantially in scope and specificity. Question A collects detailed categorical information about the specific level of school attended (6 categories ranging from preschool to technical school), while Question B asks only a yes/no enrollment status for a narrower set of institutions (high school, college, or university), excluding primary/elementary/middle school and other school types. Question A's reference period qualifier 'when not on a school break' also introduces a temporal distinction absent in Question B.","Question A asks for the respondent's level of school attended (multiple categorical options covering preschool through college) and specifies attendance when not on a school break. Question B is a binary yes/no asking only whether the person is enrolled in a high school, college, or university. They share the general topic of school enrollment but differ in response format (categorical level vs. yes/no) and scope (A covers all levels; B is limited to high school and postsecondary).",no,yes,when not on a school break,when not on a school break (current/enrollment during term),not specified,not specified (present tense 'Are you enrolled' implies current enrollment),True
FOODAPS_0432,FOODAPS_67,"What is the level of school that NAME attend/s when not on a school break? (1) Primary or preschool (2) Kindergarten (3) Elementary/grade school (4) Middle/junior high school (5) High school (6) Other school (college, technical school, etc.)",ACS_14,"Would that be high school, college, or university?",School Enrollment,response_format_mismatch,response_format_mismatch,high,high,"Both questions ask about current school enrollment level, but Question A captures the full spectrum of educational levels (preschool through college) with 6 distinct response options, while Question B only asks for a binary/ternary distinction among high school, college, or university. Question A provides granular detail about elementary and middle school attendance that Question B completely omits. The reference periods also differ slightly—Question A explicitly specifies 'when not on a school break' while Question B has no time qualifier.","Both questions ask about the level/type of school attended, but Question A uses a granular set of categories (preschool, kindergarten, elementary, middle, high, other/college) and explicitly specifies attendance when not on a school break. Question B offers only three coarse choices (high school, college, university) and gives no reference period. The mismatch in response options and the explicit reference period in A prevent treating them as equivalent.",no,no,when not on a school break,when not on a school break,not specified,not specified,True
FOODAPS_0433,FOODAPS_67,"What is the level of school that NAME attend/s when not on a school break? (1) Primary or preschool (2) Kindergarten (3) Elementary/grade school (4) Middle/junior high school (5) High school (6) Other school (college, technical school, etc.)",ACS_15,Are you enrolled in school as a full-time or part-time student?,School Enrollment,related_but_distinct,related_but_distinct,high,high,"Question A asks what level/type of school a person attends (requesting categorical information about school level from preschool through college), while Question B asks whether someone is enrolled and in what capacity (full-time vs. part-time status). These are fundamentally different dimensions: one captures school level/type, the other captures enrollment intensity. Question A provides no information about part-time vs. full-time status, and Question B provides no information about school level.","Question A asks about the level/type of school attended (grade/level) during a typical term, while Question B asks whether the respondent is enrolled and whether enrollment is full- or part-time. They cover the same general topic (school enrollment/attendance) but ask different specific information and use different response formats, so they are related but not equivalent.",no,no,when not on a school break,when not on a school break (current/typical attendance),not specified,not specified (implied current enrollment),True
FOODAPS_0434,FOODAPS_67,"What is the level of school that NAME attend/s when not on a school break? (1) Primary or preschool (2) Kindergarten (3) Elementary/grade school (4) Middle/junior high school (5) High school (6) Other school (college, technical school, etc.)",ACS_73,"At any time IN THE LAST 3 MONTHS, has this person attended school or college?",School Enrollment,related_but_distinct,response_format_mismatch,high,high,"While both questions address school enrollment, they measure fundamentally different constructs. Question A asks about the specific level/type of school currently attended (with detailed categorical options), assuming enrollment is occurring. Question B asks whether any school attendance occurred at all during a 3-month period, making it a yes/no enrollment indicator. Question A requires current enrollment to answer; Question B captures any enrollment activity in the past 3 months, including those no longer enrolled. The reference periods also differ—A is implied present tense while B specifies a 3-month lookback.","Question A asks which level/type of school the person attends (categorical options) and refers to attendance when not on a school break (an implied current/enrolled state). Question B is a yes/no about whether the person attended school or college at any time in the past 3 months. They differ both in answer format (detailed level vs binary) and in explicit reference period, so they are not equivalent.",no,no,not specified (implies current/ongoing enrollment),when not on a school break,last 3 months,in the last 3 months,False
FOODAPS_0435,FOODAPS_67,"What is the level of school that NAME attend/s when not on a school break? (1) Primary or preschool (2) Kindergarten (3) Elementary/grade school (4) Middle/junior high school (5) High school (6) Other school (college, technical school, etc.)",ACS_74,What grade or level was this person attending?,School Enrollment,near_duplicate,near_duplicate,high,high,"Both questions ask about the school level/grade a person is currently attending, which is the core concept of school enrollment status. Question A provides more explicit categorical options (preschool through high school, plus other), while Question B uses open-ended 'grade or level' language. The main difference is that Question A explicitly references the 'when not on a school break' qualifier, while Question B does not specify this temporal constraint, though both appear designed to capture current enrollment.","Both questions ask the grade/level the person is attending and capture the same core concept of current school level. Question A explicitly anchors attendance to periods when school is in session and gives fixed categorical response options, while Question B is more general and does not specify a reference period or response format (it may solicit grade number or level). These are minor wording/format differences that do not change the underlying concept.",partial,partial,when not on a school break,when not on a school break,not specified,not specified,True
FOODAPS_0436,FOODAPS_68,What are the first and last days of the school break or summer vacation?,ACS_13,"Are you enrolled in a high school, college, or university?",School Enrollment,not_comparable,related_but_distinct,high,high,"Question A asks for specific calendar dates of a school break, while Question B asks whether someone is currently enrolled in school. These measure fundamentally different constructs: Question A captures timing of school closures (relevant to food access during breaks), while Question B captures enrollment status. They cannot be used interchangeably despite both relating to schools.","Question A asks for the specific calendar dates of a school break or summer vacation (timing), whereas Question B asks about current enrollment status (yes/no). They address the same broad topic (school) but measure different constructs and use different response formats (dates vs binary enrollment).",no,no,school break or summer vacation (specific dates),not specified,current enrollment status (not specified),current (at time of survey),False
FOODAPS_0437,FOODAPS_68,What are the first and last days of the school break or summer vacation?,ACS_14,"Would that be high school, college, or university?",School Enrollment,not_comparable,related_but_distinct,high,high,"These questions address fundamentally different aspects of education. Question A asks about the timing/dates of school closures (a logistical/calendar question), while Question B asks about the level of schooling being attended (a classification question). They do not measure the same construct and cannot be used interchangeably.","Question A asks for specific calendar dates (the first and last days) of a school break or summer vacation, while Question B asks which level of schooling (high school, college, university) applies. They measure different attributes (timing of a break versus type/level of institution) and use different response formats (dates versus categorical choice), so they are related by topic but distinct in content and use.",no,no,school break or summer vacation (unspecified year/timing),not specified,not specified,not specified,False
FOODAPS_0438,FOODAPS_68,What are the first and last days of the school break or summer vacation?,ACS_15,Are you enrolled in school as a full-time or part-time student?,School Enrollment,related_but_distinct,related_but_distinct,high,high,"While both questions relate to school, they measure fundamentally different concepts. Question A asks about the timing of school breaks/vacations (operational/administrative information), while Question B asks about enrollment status and intensity (student classification). Question A provides scheduling information useful for food assistance benefit timing, whereas Question B captures educational participation status. These are complementary but non-redundant.","Question A asks for the calendar dates (first and last days) of a school break or summer vacation, i.e., timing of a break. Question B asks about current enrollment status (full-time vs part-time). These are different constructs on the same general topic (school/schooling) and do not measure the same information or response format.",no,no,school break or summer vacation (specific event),not specified,current enrollment status (not specified),not specified,True
FOODAPS_0439,FOODAPS_68,What are the first and last days of the school break or summer vacation?,ACS_73,"At any time IN THE LAST 3 MONTHS, has this person attended school or college?",School Enrollment,related_but_distinct,related_but_distinct,high,high,"While both questions relate to school enrollment, they measure fundamentally different constructs. Question A asks for the timing of school breaks (a calendar/scheduling detail), whereas Question B asks whether someone currently attends school or college (enrollment status). Question A provides no information about actual enrollment, and Question B provides no information about break schedules. These serve different analytical purposes.","Question A asks for the specific calendar dates of a school break or summer vacation (timing of a break), whereas Question B is a yes/no about whether the person attended school or college at any time in the past 3 months (recent attendance). They address related topics (school participation/timing) but ask different specific constructs and use different response formats.",no,no,school break or summer vacation (specific dates requested),not specified,last 3 months,last 3 months,True
FOODAPS_0440,FOODAPS_68,What are the first and last days of the school break or summer vacation?,ACS_74,What grade or level was this person attending?,School Enrollment,not_comparable,related_but_distinct,high,high,"These questions address fundamentally different aspects of school enrollment. Question A asks about the timing/dates of school breaks (a calendar/scheduling question), while Question B asks about a person's current grade level (a demographic/status question). They do not measure the same construct and serve different analytical purposes despite both relating broadly to schools.","Question A asks for the specific calendar dates (first and last days) of a school break or summer vacation, i.e., timing information. Question B asks for the grade or level the person was attending, i.e., the educational level or year. They address different specific constructs (timing of break versus grade level) and use different answer formats (dates vs. categorical grade), so they are related by topic (school) but distinct in content.",no,no,school break or summer vacation (specific dates),not specified,current/present (grade or level attending),not specified,False
FOODAPS_0441,FOODAPS_1,What is your name?,ACS_19,How many people are living or staying at this address?,Population,not_comparable,related_but_distinct,high,high,"Question A requests a respondent's name (identifier/demographic characteristic), while Question B asks for a count of household members (household composition). These are fundamentally different data elements serving different purposes—one identifies individuals, the other enumerates household size. They cannot be reconciled as equivalent measures despite both relating broadly to population.","Question A requests an individual's name (an identifier), while Question B asks for a count of people living or staying at the address (household size). They have different intents and response formats (free-text/name vs numeric count) and therefore are distinct measures despite both relating broadly to population.",no,yes,not specified,not specified,not specified,not specified,False
FOODAPS_0442,FOODAPS_1,What is your name?,ACS_20,Please print today’s date.,Population,not_comparable,not_comparable,high,high,"These questions measure entirely different constructs and serve different survey purposes. Question A requests respondent identification (name), while Question B requests administrative/temporal information (survey date). They do not share a common concept, topic, or measurement intent, making them fundamentally incomparable despite both appearing in federal surveys.","Question A asks for a personal identifier (the respondent’s name) while Question B asks for the current date; they collect entirely different types of information (identity vs. timing). There is no overlap in meaning, reference period, or response format, so they are not comparable.",no,yes,not specified,not specified,not specified,today (date of interview),True
FOODAPS_0443,FOODAPS_18,What is your date of birth?,ACS_23,What is Person 1’s age and what is Person 1’s date of birth?,Age,near_duplicate,near_duplicate,high,high,"Both questions ask for date of birth information to establish age, which is the core concept. Question A directly requests date of birth, while Question B requests both age AND date of birth from the same person. The ACS question is slightly more comprehensive by requesting two related data points, but both ultimately capture the same fundamental demographic information without time-based reference periods.","Both questions elicit the respondent's date of birth; the ACS item additionally asks for age and refers to 'Person 1' rather than 'your', but this does not change the core concept of collecting DOB. There is a minor response-format/wording difference (ACS requests age as well), so they are not exact duplicates but are effectively equivalent in concept and timing.",yes,yes,not specified,not specified,not specified,not specified,True
FOODAPS_0444,FOODAPS_18,What is your date of birth?,ACS_28,What is Person 2’s age and what is Person 2’s date of birth?,Age,near_duplicate,response_format_mismatch,high,high,"Both questions ask for date of birth information to establish age, which is the same core concept. Question A requests date of birth directly, while Question B asks for both age AND date of birth for a specific household member (Person 2). The minor difference is that Question B is person-specific and asks for two related data points rather than one, but these capture equivalent information about the same demographic attribute.","Both questions ask for date of birth (same underlying attribute), but Question B also asks for age in the same prompt and refers to ""Person 2"" rather than the respondent, so the response format and reference person differ. Neither question specifies a time frame. These differences mean they are not identical despite covering the same core concept.",partial,partial,not specified,not specified,not specified,not specified,False
FOODAPS_0445,FOODAPS_18,What is your date of birth?,ACS_33,What is Person 3’s age and what is Person 3’s date of birth?,Age,near_duplicate,near_duplicate,high,high,"Both questions ask for date of birth information to establish age, which is the core concept under the Age subtopic. Question A directly requests date of birth, while Question B asks for both age and date of birth for a specific household member (Person 3). The minor difference is that Question B adds an age component and specifies a particular person in a household context, but the date of birth element is functionally equivalent and would yield the same information.","Both questions request a person’s date of birth, so the core concept and response content are the same. Question B additionally asks for age and refers to a labeled household member (“Person 3”) rather than using “your,” creating a minor difference in wording and structure but not in the DOB concept itself.",partial,partial,not specified,not specified,not specified,not specified,True
FOODAPS_0446,FOODAPS_19,Please verify or enter correct age.,ACS_23,What is Person 1’s age and what is Person 1’s date of birth?,Age,response_format_mismatch,response_format_mismatch,high,high,"Both questions ask for age information, but they differ fundamentally in response format and scope. Question A requests verification or entry of age only (a single number), while Question B requests both age AND date of birth (two related but distinct data points). The ACS question captures more information and provides redundancy for validation, whereas FoodAPS appears to request only the derived age value.","Both questions target the respondent's age, but Question B requests an additional datum (date of birth) while Question A asks only to verify or enter age. That difference changes the response format (numeric age vs numeric age plus a date) and enables different uses (DOB can be used to calculate/validate age).",partial,yes,not specified,not specified,not specified,not specified,True
FOODAPS_0447,FOODAPS_19,Please verify or enter correct age.,ACS_28,What is Person 2’s age and what is Person 2’s date of birth?,Age,response_format_mismatch,near_duplicate,high,high,"Both questions aim to collect age information, but they differ significantly in response format and scope. Question A requests age verification/correction in a single field format, while Question B requests both age AND date of birth as two separate data points. Question B captures more granular information (specific date of birth) compared to Question A's single age value, making them non-equivalent despite addressing the same underlying subtopic.","Both questions solicit a respondent's age (same core concept). Question B additionally requests date of birth, which provides more precise information but does not change the underlying concept being measured. The difference is about the level/detail of information collected, not a different time frame or unrelated concept.",partial,yes,not specified,not specified,not specified,not specified,False
FOODAPS_0448,FOODAPS_19,Please verify or enter correct age.,ACS_33,What is Person 3’s age and what is Person 3’s date of birth?,Age,response_format_mismatch,response_format_mismatch,high,high,"Both questions seek to collect age information as their core concept, but they differ significantly in response format and specificity. Question A requests only age verification/entry (a single number), while Question B requests both current age AND date of birth (two related but distinct data points). Question B provides more granular information that could be used to derive age, but the questions are asking for different levels of detail in their responses.","Both questions elicit a respondent’s age, but Question B additionally requests the person’s date of birth, which is a different/expanded response format (date plus age) compared with Question A’s simple verification or entry of age. That additional DOB item changes the data collected and how age could be validated or derived, so they are not exact/near duplicates.",partial,yes,not specified,not specified,not specified,not specified,True
FOODAPS_0449,FOODAPS_57,What is NAME’s date of birth?,ACS_23,What is Person 1’s age and what is Person 1’s date of birth?,Age,near_duplicate,near_duplicate,high,high,"Both questions seek to capture the same demographic information about an individual's date of birth to determine age. Question A directly asks for date of birth, while Question B asks for both age and date of birth, making it slightly broader in scope but fundamentally measuring the same underlying concept. The minor difference is that Question B requests two related data points whereas Question A requests only one, but they are asking about the same reference information (current/present date of birth).","Both questions ask for the respondent’s date of birth (same core concept). Question B additionally asks for age, which is an extra data item but does not change the meaning of the DOB question; this is a minor difference rather than a conceptual mismatch. No time reference is specified in either item.",yes,yes,not specified,not specified,not specified,not specified,True
FOODAPS_0450,FOODAPS_57,What is NAME’s date of birth?,ACS_28,What is Person 2’s age and what is Person 2’s date of birth?,Age,near_duplicate,related_but_distinct,high,high,"Both questions seek to establish a person's date of birth, which is the primary information needed to determine age. Question A directly asks for date of birth, while Question B asks for both age and date of birth. Since date of birth is a static demographic identifier with no time reference, the minor wording difference (using 'NAME' vs 'Person 2') and Question B's additional age request do not materially change the core equivalence of obtaining date of birth information.","Both questions ask for the person’s date of birth (same core datum), but Question B also explicitly asks for the person’s age. That makes B ask an additional, distinct item rather than being a near-verbatim duplicate. There is no time reference in either question.",yes,yes,not specified,not specified,not specified,not specified,False
FOODAPS_0451,FOODAPS_57,What is NAME’s date of birth?,ACS_33,What is Person 3’s age and what is Person 3’s date of birth?,Age,near_duplicate,near_duplicate,high,high,"Both questions ask for date of birth information to establish age, which is the core concept. Question A directly requests the date of birth, while Question B asks for both age and date of birth. The ACS approach is slightly redundant (age can be calculated from DOB) but fundamentally captures the same information. Minor wording differences (naming convention: NAME vs Person 3) do not change the underlying meaning or response requirements.","Both questions ask for a respondent's date of birth, so the core concept is the same. Question B additionally asks for age in the same item, which is an extra data element but does not change the meaning of the DOB question — a minor difference in scope/format rather than content. There is no time reference difference.",yes,yes,not specified,not specified,not specified,not specified,True
FOODAPS_0452,FOODAPS_210,"Did you receive any wages, salary, commissions, bonuses, or tips last month?",ACS_1,"For your [main] job, what is the easiest way for you to report your total earnings BEFORE taxes or other deductions: hourly, weekly, annually, or on some other basis?",Earnings,related_but_distinct,related_but_distinct,high,high,"Question A is a yes/no screener asking whether the respondent received any employment income in the past month, while Question B asks employed respondents how they prefer to report earnings amounts (hourly, weekly, annually, etc.). Question A identifies income receipt; Question B assumes employment and seeks a reporting preference format. These measure different constructs despite both relating to earnings.","Question A is a binary screening about whether the respondent received any wages/related pay in the last month (any job). Question B asks how the respondent would report total earnings BEFORE taxes for their main job (the reporting basis: hourly/weekly/annual/other) with no explicit reference period. They address the same broad topic (earnings) but ask different specific things (presence of pay last month vs. preferred reporting unit for main-job earnings), so they are related but not equivalent.",no,no,last month,last month,not specified,not specified,True
FOODAPS_0453,FOODAPS_210,"Did you receive any wages, salary, commissions, bonuses, or tips last month?",ACS_3,"EXCLUDING overtime pay, tips and commissions what is your hourly rate of pay on [this/your main] job?",Earnings,not_comparable,related_but_distinct,high,high,"Question A asks whether any wage income was received (yes/no binary), while Question B asks for the specific hourly pay rate (dollar amount). Question A is a receipt/participation question for a past period, whereas Question B is a rate inquiry assuming current employment. These measure fundamentally different concepts: income receipt versus income level.","Question A is a yes/no screening about whether any wages, salary, commissions, bonuses, or tips were received in the past month. Question B asks for a current hourly rate on the main job, explicitly excluding overtime, tips, and commissions, and uses a different response format (numeric vs. yes/no) and scope (main job, excludes certain pay types). These differences in content, scope, exclusions, and response format make them related by topic (earnings) but distinct measures.",no,no,last month,last month,not specified,not specified,False
FOODAPS_0454,FOODAPS_210,"Did you receive any wages, salary, commissions, bonuses, or tips last month?",ACS_4,What is your hourly rate of pay on [this/ your main] job?,Earnings,not_comparable,response_format_mismatch,high,high,"Question A asks whether the respondent received ANY wages/salary (yes/no determination of employment income), while Question B asks for the specific hourly rate of pay (a numeric dollar amount). These measure fundamentally different constructs: employment status/income receipt versus compensation rate. Question A could be answered by someone with no job; Question B only applies to employed individuals and requires a specific wage metric rather than confirmation of receipt.","Question A is a yes/no screening about whether any wages or similar payments were received in the prior month, while Question B asks for the current hourly rate on a job (a numeric pay rate) with no explicit time frame. The two ask different response formats (binary receipt vs. dollar/hour amount) and thus are not interchangeable even though both concern earnings.",no,no,last month,last month,not specified,not specified,False
FOODAPS_0455,FOODAPS_210,"Did you receive any wages, salary, commissions, bonuses, or tips last month?",ACS_5,What is your best estimate of your hourly rate of pay?,Earnings,related_but_distinct,related_but_distinct,high,high,"Question A is a binary indicator of whether any wage/salary income was received in a specific recent period (last month), while Question B requests a quantitative estimate of hourly pay rate with no specified time reference. Question A captures receipt of earnings while Question B captures the rate of compensation—these measure different dimensions of employment earnings and are not interchangeable despite both relating to the earnings subtopic.","Question A asks a yes/no about whether any pay (wages, salary, commissions, bonuses, tips) was received in a specific recent period (last month). Question B asks for an estimate of an hourly rate of pay (a rate amount), with no reference period and which may not apply to salaried/non-hourly pay; they address related topics (earnings) but ask different, non-interchangeable things.",no,no,last month,last month,not specified,not specified,True
FOODAPS_0456,FOODAPS_210,"Did you receive any wages, salary, commissions, bonuses, or tips last month?",ACS_8,"How much do you usually receive JUST in overtime pay, tips or commissions, before taxes or other deductions?",Earnings,related_but_distinct,related_but_distinct,high,high,"While both questions address wage earnings, Question A is a yes/no screener asking whether ANY wages were received in the past month, whereas Question B asks for a specific dollar amount limited to JUST overtime pay, tips, or commissions (excluding regular wages). Question A captures receipt of wages broadly; Question B captures only a subset of earnings components and requires a quantified response rather than binary confirmation. The reference periods also differ conceptually (recent/specified month vs. usual/typical).","Question A is a yes/no about whether the respondent received any wages/salary/commissions/bonuses/tips in the last month. Question B asks for a usual dollar amount JUST for overtime pay, tips or commissions (before taxes) with no explicit time frame. They differ in scope (A includes wages/salary/bonuses; B excludes wages/salary/bonuses and focuses on overtime/tips/commissions), response type (binary vs dollar amount), and reference period, so they ask related but distinct things.",no,partial,last month,last month,not specified (usual/typical amount),not specified,True
FOODAPS_0457,FOODAPS_210,"Did you receive any wages, salary, commissions, bonuses, or tips last month?",ACS_9,"What is your best estimate of how much you usually earn weekly, JUST in overtime pay, tips, or commissions, before taxes or other deductions?",Earnings,related_but_distinct,related_but_distinct,high,high,"Question A is a yes/no screener asking whether any wage/salary/commission income was received, while Question B asks for a specific dollar amount estimate of overtime/tips/commission earnings only. These differ fundamentally in: (1) response format (binary vs. continuous amount), (2) income components (Question A includes wages/salary broadly; Question B focuses only on overtime/tips/commissions), and (3) reference period (one month vs. usual weekly pattern). They address related but distinct aspects of earnings.","Question A is a yes/no about whether the respondent received any wages, salary, commissions, bonuses, or tips in the last month. Question B asks for a usual weekly dollar amount only for overtime pay, tips, or commissions (before taxes), so they differ in scope (A includes wages/salary/bonuses; B excludes wages/salary/bonuses and narrows to overtime/tips/commissions), reference period (last month vs usual weekly), and response format (binary vs dollar amount).",no,partial,last month,last month,usual weekly (ongoing pattern),usually (weekly),True
FOODAPS_0458,FOODAPS_211,"Did you receive any wages, salary, commissions, bonuses, or tips last month?",ACS_1,"For your [main] job, what is the easiest way for you to report your total earnings BEFORE taxes or other deductions: hourly, weekly, annually, or on some other basis?",Earnings,related_but_distinct,related_but_distinct,high,high,"Question A asks whether the respondent received any wages/salary in the past month (yes/no screening question), while Question B presupposes employment and asks only about the preferred format for reporting earnings amounts. Question A is a binary eligibility/receipt question, whereas Question B is about measurement methodology for those already identified as employed. They address different aspects of earnings data collection.","Both items concern earnings but ask fundamentally different things: Question A is a binary screen about receipt of wages/salary/commissions/bonuses/tips in the last month (any job), while Question B asks for the easiest way to report total earnings before taxes for the respondent's main job (the reporting unit, not whether earnings occurred and with no explicit time frame). Because they measure different attributes (occurrence vs. reporting unit/format) and have different scopes, they are related but not interchangeable.",partial,no,last month,last month,not specified,not specified,True
FOODAPS_0459,FOODAPS_211,"Did you receive any wages, salary, commissions, bonuses, or tips last month?",ACS_3,"EXCLUDING overtime pay, tips and commissions what is your hourly rate of pay on [this/your main] job?",Earnings,not_comparable,related_but_distinct,high,high,"Question A asks a binary yes/no question about receipt of wages in the past month, while Question B asks for a specific hourly rate of pay and explicitly excludes tips and commissions. These are fundamentally different measures: Question A captures whether any wage income was received (income receipt), while Question B measures the hourly wage rate among those employed (wage structure). They address different analytical purposes and cannot be used interchangeably.","Question A is a yes/no about whether the respondent received any wages/salary/commissions/bonuses/tips in the last month. Question B asks for the respondent's hourly rate on their main job (numeric), explicitly excluding overtime, tips, and commissions and does not specify a reference period. They differ in format (binary vs. dollar/hour), in scope (A includes commissions and tips; B excludes them), and in time framing, so they are related by topic (earnings) but ask different specific information.",no,no,last month,last month,not specified,not specified,False
FOODAPS_0460,FOODAPS_211,"Did you receive any wages, salary, commissions, bonuses, or tips last month?",ACS_4,What is your hourly rate of pay on [this/ your main] job?,Earnings,not_comparable,related_but_distinct,high,high,"These questions measure fundamentally different constructs. Question A is a binary screener asking whether any wage income was received (yes/no), while Question B asks for the specific hourly rate of pay conditional on having a job. Question A captures receipt of earnings; Question B assumes employment and requests rate data. They cannot be used interchangeably.","Question A asks a yes/no about whether the respondent received any pay (wages, salary, commissions, bonuses, or tips) during a specific reference period (last month). Question B asks for a numeric hourly rate for a (main) job with no explicit reference period and does not capture receipt of pay, pay types, or pay in the last month. The two therefore address related earnings concepts but ask different, non-equivalent things (incidence of recent pay vs current pay rate).",no,partial,last month,last month,not specified,not specified,False
FOODAPS_0461,FOODAPS_211,"Did you receive any wages, salary, commissions, bonuses, or tips last month?",ACS_5,What is your best estimate of your hourly rate of pay?,Earnings,not_comparable,response_format_mismatch,high,high,"Question A asks whether the respondent received any wages in the past month (a yes/no eligibility question), while Question B asks for an estimate of hourly pay rate (a wage level/rate question). These measure fundamentally different constructs: receipt of earnings vs. the monetary value of compensation. Question A would only be asked of those who worked, whereas Question B presupposes employment and seeks rate information. They cannot be used interchangeably.","Question A asks a binary (yes/no) about receiving any wages during a specific reference period (last month). Question B requests a numeric estimate of hourly pay with no explicit time frame, so it collects a different attribute (rate) and a different response format and does not indicate whether earnings were actually received in the last month.",no,no,last month,last month,not specified,not specified,False
FOODAPS_0462,FOODAPS_211,"Did you receive any wages, salary, commissions, bonuses, or tips last month?",ACS_8,"How much do you usually receive JUST in overtime pay, tips or commissions, before taxes or other deductions?",Earnings,related_but_distinct,related_but_distinct,high,high,"While both questions address earnings, they measure fundamentally different constructs. Question A is a yes/no screener asking whether any wage income was received in the past month, whereas Question B asks for a specific dollar amount of only overtime/tips/commissions in usual periodic pay. Question B excludes regular wages and focuses on supplemental earnings, and uses a typical/usual timeframe rather than a specific past period. These are not interchangeable measures.","The items and formats differ: Question A is a yes/no about any wages/salary/commissions/bonuses/tips in the last month, while Question B asks for the usual dollar amount received JUST for overtime pay, tips, or commissions (before taxes). They differ in scope (A includes wages/salary and bonuses; B excludes wages/salary and bonuses), reference frame (last month vs. usual/typical), and response format (binary vs. dollar amount), so they are related by topic but ask distinct things.",no,no,last month,last month,not specified (usual/typical amount),usually,True
FOODAPS_0463,FOODAPS_211,"Did you receive any wages, salary, commissions, bonuses, or tips last month?",ACS_9,"What is your best estimate of how much you usually earn weekly, JUST in overtime pay, tips, or commissions, before taxes or other deductions?",Earnings,related_but_distinct,related_but_distinct,high,high,"Question A is a yes/no screener asking whether any wage income was received in the past month, while Question B asks for a specific dollar amount estimate of usual weekly overtime/tips/commissions earnings. Question A measures receipt of wages broadly, whereas Question B targets only supplemental earnings (overtime, tips, commissions) and requests quantification rather than a simple receipt indicator. These serve different purposes: A screens for wage earners, B quantifies a specific earnings component.","The two items are on the same general topic (earnings) but ask different specific things: A is a yes/no about whether any listed pay types were received last month and covers wages/salary/bonuses/commissions/tips, while B asks for a usual weekly dollar amount only for overtime, tips, or commissions (before deductions). They also differ in reference period (last month vs usual weekly) and response format (binary receipt vs dollar amount), so they are not equivalent.",no,partial,last month,last month,"usually (typical weekly, unspecified time frame)",usually (weekly),True
FOODAPS_0464,FOODAPS_214,What is the easiest way for you to tell us about your earnings from work before taxes and other deductions?,ACS_1,"For your [main] job, what is the easiest way for you to report your total earnings BEFORE taxes or other deductions: hourly, weekly, annually, or on some other basis?",Earnings,near_duplicate,near_duplicate,high,medium,"Both questions ask respondents to identify their preferred method for reporting total earnings before taxes/deductions, making them functionally equivalent. The core difference is that Question B explicitly offers response options (hourly, weekly, annually, or other basis) while Question A asks about the easiest way more open-endedly. Question B also specifies ""[main] job"" whereas Question A refers to ""earnings from work"" generally, though this distinction is minor for employed respondents.","Both questions ask respondents for the easiest way to report earnings before taxes (i.e., preferred reporting unit/period), so the core concept is the same. Differences are that B explicitly restricts to the respondent's main job and offers example response categories (hourly/weekly/annually/other), while A is more general about earnings from work and does not provide or constrain response options. These are noteworthy wording/format differences but do not change the underlying intent.",yes,partial,not specified,not specified,not specified,not specified,True
FOODAPS_0465,FOODAPS_214,What is the easiest way for you to tell us about your earnings from work before taxes and other deductions?,ACS_3,"EXCLUDING overtime pay, tips and commissions what is your hourly rate of pay on [this/your main] job?",Earnings,related_but_distinct,related_but_distinct,high,high,"Question A asks about the respondent's preferred method for reporting earnings information (a procedural/methodological question), while Question B asks for a specific earnings metric (hourly rate excluding certain pay types). These are fundamentally different in purpose: A is about survey administration preferences, while B seeks actual wage data. They cannot be used interchangeably.","Question A asks which reporting unit or method the respondent prefers for reporting earnings (and mentions gross/pre-tax pay), whereas Question B asks for a specific current hourly wage amount and explicitly excludes overtime, tips, and commissions. They address the same general topic (earnings) but ask different specific information and use different response formats (preference/unit vs. numeric dollar amount).",no,no,not specified,not specified,not specified,not specified,True
FOODAPS_0466,FOODAPS_214,What is the easiest way for you to tell us about your earnings from work before taxes and other deductions?,ACS_4,What is your hourly rate of pay on [this/ your main] job?,Earnings,not_comparable,related_but_distinct,high,high,"These questions ask fundamentally different things despite both relating to earnings. Question A asks HOW the respondent prefers to report their earnings (seeking their preferred communication method), while Question B asks for a specific wage rate (hourly pay amount). Question A is a methodological/preference question, whereas Question B seeks substantive earnings data. They are distinct in purpose and response format.","Question A asks which reporting unit or method (the easiest way) a respondent would use to report their pre-tax earnings — it is about preferred response format. Question B asks for a specific numeric value: the respondent's hourly rate on a job. Both concern earnings but ask different, non-interchangeable information (preference/format vs. actual hourly amount).",no,no,not specified,not specified,not specified,not specified,False
FOODAPS_0467,FOODAPS_214,What is the easiest way for you to tell us about your earnings from work before taxes and other deductions?,ACS_5,What is your best estimate of your hourly rate of pay?,Earnings,related_but_distinct,response_format_mismatch,high,high,"While both questions address earnings from work, they ask fundamentally different things. Question A is a meta-question about the respondent's preferred method for reporting earnings information (asking how they would communicate the data), whereas Question B asks for a specific earnings metric—the hourly rate of pay. Question A does not actually solicit earnings data itself, making it a procedural/methodological question rather than a substantive earnings measurement question.","Question A asks how the respondent prefers to report their gross earnings (i.e., the easiest reporting unit or format), not a numeric amount; Question B requests a numeric estimate of the hourly rate of pay. Both concern earnings before/around compensation, but A is about reporting format/unit while B asks for a specific hourly value, so they differ in response type and intent.",no,partial,not specified,not specified,not specified,not specified,False
FOODAPS_0468,FOODAPS_214,What is the easiest way for you to tell us about your earnings from work before taxes and other deductions?,ACS_8,"How much do you usually receive JUST in overtime pay, tips or commissions, before taxes or other deductions?",Earnings,not_comparable,related_but_distinct,high,high,"Question A asks about the respondent's preferred method or mode for reporting earnings information (how to communicate), making it a methodological/process question. Question B asks about a specific earnings component (overtime, tips, commissions) and requests a dollar amount. These are fundamentally different questions—one addresses survey administration preferences while the other requests actual earnings data.","Question A asks about the respondent's preferred/easiest way to report their earnings from work (a question about reporting method or overall earnings), whereas Question B asks for the usual dollar amount received specifically in overtime, tips, or commissions. The scope and intent differ: A is about how to report earnings in general, B is about a specific component and amount of earnings before deductions.",no,no,not specified,not specified,not specified,usually (typical amount),False
FOODAPS_0469,FOODAPS_214,What is the easiest way for you to tell us about your earnings from work before taxes and other deductions?,ACS_9,"What is your best estimate of how much you usually earn weekly, JUST in overtime pay, tips, or commissions, before taxes or other deductions?",Earnings,related_but_distinct,related_but_distinct,high,high,"Question A asks about the method/mechanism for reporting earnings (how to communicate the information), while Question B asks for a specific estimate of a particular earnings component (overtime, tips, commissions). These are fundamentally different questions—one is about survey methodology/respondent preference, the other is about actual earnings data collection. Additionally, Question B focuses only on supplemental earnings while Question A appears to ask about total earnings.","Question A asks meta-information about the respondent's preferred/easiest way to report earnings from work (a mode or format), with no specified time frame or dollar amount. Question B asks for a dollar estimate of usual weekly earnings for specific components (overtime, tips, commissions) before taxes. They address the same broad topic (earnings) but ask different, non-overlapping things.",no,no,not specified,not specified,weekly,weekly,True
FOODAPS_0470,FOODAPS_215,What is the easiest way for you to tell us about your earnings from work before taxes and other deductions?,ACS_1,"For your [main] job, what is the easiest way for you to report your total earnings BEFORE taxes or other deductions: hourly, weekly, annually, or on some other basis?",Earnings,near_duplicate,near_duplicate,high,high,"Both questions ask about the same core concept: the respondent's preferred reporting method for pre-tax earnings from work. Question A uses more open-ended language ('easiest way for you to tell us'), while Question B provides explicit response options (hourly, weekly, annually, or other). The substantive meaning is nearly identical—both seek to determine how a respondent naturally thinks about their earnings to facilitate accurate reporting. The minor wording differences do not meaningfully change the intent or response pattern.","Both questions ask about the respondent's preferred reporting basis for earnings before taxes/deductions (e.g., hourly, weekly, annually). The ACS item explicitly limits scope to the respondent's main job and gives example response categories, whereas the FoodAPS item is broader/less specific about which job(s) or exact response options are meant. These are minor scope and wording differences that do not change the core concept.",partial,partial,not specified,not specified,not specified,not specified,True
FOODAPS_0471,FOODAPS_215,What is the easiest way for you to tell us about your earnings from work before taxes and other deductions?,ACS_3,"EXCLUDING overtime pay, tips and commissions what is your hourly rate of pay on [this/your main] job?",Earnings,not_comparable,related_but_distinct,high,high,"Question A asks about the respondent's preferred method or format for reporting earnings information (a process/methodology question), while Question B asks for a specific wage rate amount (a data collection question). Question A is a meta-question about survey administration preferences, whereas Question B seeks actual earnings data. These are fundamentally different types of questions despite both touching on the earnings topic.","Question A asks which reporting unit or method the respondent prefers for stating earnings (a meta-question about format) and does not solicit a numeric amount. Question B asks for a specific current hourly wage excluding overtime, tips and commissions. They address the same topical area (earnings) but ask fundamentally different information and response formats, so they are distinct.",no,no,not specified,not specified,not specified,not specified,False
FOODAPS_0472,FOODAPS_215,What is the easiest way for you to tell us about your earnings from work before taxes and other deductions?,ACS_4,What is your hourly rate of pay on [this/ your main] job?,Earnings,not_comparable,related_but_distinct,high,high,"Question A asks about the respondent's preferred method or format for reporting earnings information (a process/mode question), while Question B requests a specific wage metric (hourly rate). These are fundamentally different types of questions—one is methodological (how to collect data) and the other is substantive (what wage data to collect). They cannot be used interchangeably even though both relate to earnings.","Question A asks which reporting unit or method (the easiest way) the respondent would use to describe their earnings before taxes — it solicits a preferred format, not an amount. Question B asks for a specific numeric value (hourly rate) for the respondent's main job, a concrete earnings measure; thus they address the same topic (earnings) but different specific information.",no,partial,not specified,not specified,not specified,not specified,False
FOODAPS_0473,FOODAPS_215,What is the easiest way for you to tell us about your earnings from work before taxes and other deductions?,ACS_5,What is your best estimate of your hourly rate of pay?,Earnings,related_but_distinct,related_but_distinct,high,high,"Both questions address earnings from work, but they ask fundamentally different things. Question A asks about the preferred method or format for reporting earnings (seeking methodological preference), while Question B asks for a specific quantitative estimate of hourly pay rate (seeking the actual wage value). Question A is a meta-question about survey response mode, whereas Question B directly elicits earnings data.","Question A asks about the easiest way for the respondent to report their earnings (i.e., the reporting unit or format) and does not request a numeric amount; it also specifies gross earnings but no time frame. Question B asks for a numeric estimate of hourly pay (a specific measure). The two address related topics (earnings) but ask different specific information and use different response formats.",no,partial,not specified,not specified,not specified,not specified,True
FOODAPS_0474,FOODAPS_215,What is the easiest way for you to tell us about your earnings from work before taxes and other deductions?,ACS_8,"How much do you usually receive JUST in overtime pay, tips or commissions, before taxes or other deductions?",Earnings,not_comparable,related_but_distinct,high,high,"Question A asks about the METHOD or FORMAT for reporting earnings (how to tell the surveyor), while Question B asks about a SPECIFIC COMPONENT of earnings (overtime, tips, commissions). These are fundamentally different questions: one is procedural/methodological while the other seeks substantive income data. They cannot be used interchangeably.","Question A asks broadly about the respondent's total earnings from work and, importantly, asks which reporting method or unit is easiest for them to use (i.e., format or reference for reporting earnings). Question B asks for a specific dollar amount for particular components of pay (overtime, tips, commissions) that are a subset of earnings. Because they differ in scope (total vs specific components) and in intent (reporting format vs requesting a numeric amount), they are related but distinct.",no,no,not specified,not specified,not specified,not specified,False
FOODAPS_0475,FOODAPS_215,What is the easiest way for you to tell us about your earnings from work before taxes and other deductions?,ACS_9,"What is your best estimate of how much you usually earn weekly, JUST in overtime pay, tips, or commissions, before taxes or other deductions?",Earnings,related_but_distinct,related_but_distinct,high,high,"Question A asks about the respondent's preferred method or format for reporting earnings information, not about actual earnings amounts or timing. Question B asks for a specific earnings estimate (weekly overtime, tips, or commissions only). These are fundamentally different: one is about survey methodology/preference while the other seeks a substantive earnings data point with a defined reference period and income component limitation.","Question A asks broadly about the respondent's earnings from work (gross) and asks for the easiest way to report them — it does not specify an amount type or time frame. Question B asks for a specific component of pay (overtime, tips, commissions) and requests a usual weekly dollar amount before deductions. These target different scopes and elicitation aims, so they are related by topic (earnings) but distinct in content and purpose.",no,no,not specified,not specified,weekly,usually weekly,True
FOODAPS_0476,FOODAPS_216,"How much did you receive [Response from I1a] in wages, salary, commissions, bonuses, or tips from all jobs before taxes and other deductions?",ACS_1,"For your [main] job, what is the easiest way for you to report your total earnings BEFORE taxes or other deductions: hourly, weekly, annually, or on some other basis?",Earnings,response_format_mismatch,related_but_distinct,high,high,"Both questions address pre-tax earnings from employment, which is the core concept match. However, Question A requests a specific dollar amount (""How much did you receive""), while Question B asks for a preferred reporting basis/unit (hourly, weekly, annually, or other) without requesting the actual earnings figure. Question B is a methodological question about response format preference rather than a direct earnings measurement question.","Question A asks for a dollar amount of earnings from all jobs before deductions. Question B asks which reporting unit (hourly, weekly, yearly, etc.) is easiest for reporting earnings for the respondent's main job, not the dollar amount and not all jobs. The scope (all jobs vs main job) and the type of information requested (amount vs reporting basis) make them distinct.",no,no,not specified (appears to be from prior question I1a),not specified,not specified,not specified,False
FOODAPS_0477,FOODAPS_216,"How much did you receive [Response from I1a] in wages, salary, commissions, bonuses, or tips from all jobs before taxes and other deductions?",ACS_3,"EXCLUDING overtime pay, tips and commissions what is your hourly rate of pay on [this/your main] job?",Earnings,not_comparable,related_but_distinct,high,high,"These questions measure fundamentally different concepts: Question A asks for total wages received from all jobs (gross earnings, including tips and commissions), while Question B asks for hourly rate on main job and explicitly EXCLUDES tips and commissions. Question A captures total earnings across all employment while Question B captures a rate metric for primary job only. The inclusion/exclusion of tips and commissions, scope (all jobs vs. main job), and metric type (total amount vs. hourly rate) make these substantively different measures.","Question A asks for total monetary earnings (amount received) from all jobs and explicitly includes wages, salary, commissions, bonuses, and tips before deductions. Question B asks for an hourly rate on the main job and explicitly EXCLUDES overtime, tips, and commissions; it is a rate (not a total) and applies to one job. These differences in measurement unit (total amount vs hourly rate), job scope (all jobs vs main job), and inclusion/exclusion of pay components make them distinct.",no,no,not specified (appears to reference a prior response about time period),not specified,not specified (current/ongoing job),not specified,False
FOODAPS_0478,FOODAPS_216,"How much did you receive [Response from I1a] in wages, salary, commissions, bonuses, or tips from all jobs before taxes and other deductions?",ACS_4,What is your hourly rate of pay on [this/ your main] job?,Earnings,response_format_mismatch,related_but_distinct,high,high,"Both questions address earnings, but Question A asks for total wage/salary amounts (dollar value) from all jobs, while Question B asks for hourly rate of pay on a single job. These represent fundamentally different response formats: one captures absolute earnings amounts, the other captures a rate. Even if reference periods aligned, these metrics cannot be directly compared without additional information (hours worked for A to convert to hourly rate, or hourly rate and hours worked for B to convert to total earnings).","Question A asks for a total dollar amount of earnings (wages, salary, commissions, bonuses, or tips) from all jobs before deductions, while Question B asks for an hourly rate of pay for a single (main/this) job. They differ in unit of measurement (total dollars vs dollars per hour), job coverage (all jobs vs main job), and what additional information would be required to convert one to the other (hours worked, pay period), so they are distinct measures within the same topic of earnings.",no,no,"not specified (but implies total from all jobs, likely annual or for a specified prior period)",not specified,not specified (current/ongoing),not specified,False
FOODAPS_0479,FOODAPS_216,"How much did you receive [Response from I1a] in wages, salary, commissions, bonuses, or tips from all jobs before taxes and other deductions?",ACS_5,What is your best estimate of your hourly rate of pay?,Earnings,response_format_mismatch,related_but_distinct,high,high,"Both questions address earnings from employment, but they request fundamentally different response formats: Question A asks for total wages/salary received (dollar amount for all jobs combined), while Question B asks for hourly rate of pay (hourly wage). Question A captures gross earnings across jobs before deductions, whereas Question B captures an hourly rate metric that may not represent actual total earnings. These cannot be directly compared or converted without additional information about hours worked.","Question A asks for a dollar amount of total earnings (gross wages/salary/commissions/bonuses/tips) while Question B asks for an hourly rate of pay. These are different specific measures of earnings (a total amount vs a rate) and cannot be treated as equivalent without additional information (e.g., hours worked).",no,partial,not specified,not specified,not specified,not specified,False
FOODAPS_0480,FOODAPS_216,"How much did you receive [Response from I1a] in wages, salary, commissions, bonuses, or tips from all jobs before taxes and other deductions?",ACS_8,"How much do you usually receive JUST in overtime pay, tips or commissions, before taxes or other deductions?",Earnings,related_but_distinct,related_but_distinct,high,high,"While both questions address earnings before taxes, they measure fundamentally different income components. Question A asks about total wages, salary, commissions, bonuses, and tips from all jobs, whereas Question B explicitly asks ONLY about overtime pay, tips, or commissions as a subset. Question A captures comprehensive employment income while Question B targets only supplemental/variable compensation, making them distinct measures despite both being earnings-related.","Question A asks for total earnings from all jobs (wages, salary, commissions, bonuses, tips) before deductions, while Question B asks only about the usual amount JUST in overtime pay, tips, or commissions. They differ in scope (total earnings vs a subset) and in measure framing (A asks an amount received; B asks usual/typical amount), so they are related but ask different specific things.",no,no,not specified,not specified,not specified,usually (typical/regular amount),True
FOODAPS_0481,FOODAPS_216,"How much did you receive [Response from I1a] in wages, salary, commissions, bonuses, or tips from all jobs before taxes and other deductions?",ACS_9,"What is your best estimate of how much you usually earn weekly, JUST in overtime pay, tips, or commissions, before taxes or other deductions?",Earnings,related_but_distinct,related_but_distinct,high,high,"While both questions address earnings, they measure fundamentally different components of compensation. Question A captures total wages, salary, commissions, bonuses, and tips from ALL jobs before taxes, whereas Question B asks specifically and exclusively about overtime pay, tips, or commissions only—explicitly excluding regular wages and salary. Additionally, Question A's reference period is ambiguous while Question B specifies 'usually earn weekly,' creating a temporal mismatch. These are complementary but distinct measures that cannot substitute for one another.","Question A asks for total earnings from all jobs including wages, salary, commissions, bonuses, or tips (no explicit time frame in the text), while Question B asks only for the usual weekly amount for overtime pay, tips, or commissions. B is a narrower component-based, frequency-specific question; A is broader and (as written) aggregate-focused. Because B omits salary/wages/bonuses and specifies a weekly usual amount, the items are related but distinct.",no,no,not specified (implied current/recent employment),not specified,weekly (usual/typical),usually weekly,True
FOODAPS_0482,FOODAPS_217,"How much did you receive [Response from I1a] in wages, salary, commissions, bonuses, or tips from all jobs before taxes and other deductions?",ACS_1,"For your [main] job, what is the easiest way for you to report your total earnings BEFORE taxes or other deductions: hourly, weekly, annually, or on some other basis?",Earnings,response_format_mismatch,related_but_distinct,high,high,"Both questions address pre-tax earnings from employment, but differ fundamentally in what they ask respondents to provide. Question A requests a specific dollar amount of wages received, while Question B asks respondents to select their preferred reporting method (hourly, weekly, annual, or other basis) without requesting actual earnings data. Question A collects concrete earnings data; Question B collects metadata about how earnings are typically reported.","Question A requests a dollar amount of earnings from all jobs before deductions, while Question B asks which time/amount basis (hourly, weekly, annually, or other) is easiest for reporting earnings for the respondent's main job. They differ in scope (all jobs vs main job) and in what is being collected (numeric total vs preferred reporting unit), so they are on the same topic but ask distinct things.",no,no,not specified (implied current/recent employment),not specified,not specified (current job),not specified,False
FOODAPS_0483,FOODAPS_217,"How much did you receive [Response from I1a] in wages, salary, commissions, bonuses, or tips from all jobs before taxes and other deductions?",ACS_3,"EXCLUDING overtime pay, tips and commissions what is your hourly rate of pay on [this/your main] job?",Earnings,related_but_distinct,related_but_distinct,high,high,"These questions ask fundamentally different things despite both addressing earnings. Question A asks for total wages received (a cumulative dollar amount), while Question B asks for hourly rate of pay (a rate metric). Additionally, Question A explicitly includes commissions, bonuses, and tips before deductions, while Question B explicitly EXCLUDES these items. The metrics are incompatible without additional information (hours worked), and the inclusions/exclusions are opposite in direction.","Question A asks for total dollar earnings (wages, salary, commissions, bonuses, or tips) from all jobs before deductions, while Question B asks for an hourly rate on the main job and explicitly excludes overtime, tips, and commissions. They differ in unit (total amount vs hourly rate), scope (all jobs vs main job), and inclusion/exclusion of pay components, so they are about the same broad topic (earnings) but ask different specific measures.",no,no,not specified (appears to be cumulative/total from referenced time period in I1a),not specified,not specified (current/ongoing rate),not specified,True
FOODAPS_0484,FOODAPS_217,"How much did you receive [Response from I1a] in wages, salary, commissions, bonuses, or tips from all jobs before taxes and other deductions?",ACS_4,What is your hourly rate of pay on [this/ your main] job?,Earnings,response_format_mismatch,related_but_distinct,high,high,"Both questions address earnings, but Question A asks for total wages/salary from all jobs (dollar amount), while Question B asks for hourly rate of pay on a single job (rate per hour). These are fundamentally different response formats—one yields absolute earnings figures, the other yields a rate that requires hours worked to calculate actual earnings. Additionally, Question A explicitly covers all jobs while Question B focuses on a main job.","Question A asks for total dollar amount of earnings (wages, salary, commissions, bonuses, tips) from all jobs before deductions, while Question B asks for an hourly rate of pay on a single (main/this) job. They differ in metric (sum vs rate), coverage (all jobs vs main job), and what would be needed to convert one into the other (hours worked and a time frame), so they are related in topic (earnings) but ask different specific things.",no,partial,not specified (implies total/cumulative from jobs),not specified,not specified (current/ongoing),not specified,False
FOODAPS_0485,FOODAPS_217,"How much did you receive [Response from I1a] in wages, salary, commissions, bonuses, or tips from all jobs before taxes and other deductions?",ACS_5,What is your best estimate of your hourly rate of pay?,Earnings,related_but_distinct,response_format_mismatch,high,high,"Question A asks for total wage/salary amounts received from all jobs (a flow measure of income), while Question B asks for hourly rate of pay (a rate measure). These measure different dimensions of earnings—absolute income vs. hourly compensation—and would require different calculations to compare. Question A captures total earnings across multiple jobs and time periods, while Question B captures only the wage rate, not total hours worked or income.","Question A asks for a total dollar amount of earnings (aggregate pay from all jobs before deductions) for a referenced period, while Question B asks for an hourly rate of pay (dollars per hour). These are different response formats and measure different constructs (total earnings vs unit wage), and hourly rate alone does not specify total earnings without hours and a time frame.",no,partial,"not specified (implied: total across all jobs, period unspecified)",not specified,not specified (current/ongoing),not specified,False
FOODAPS_0486,FOODAPS_217,"How much did you receive [Response from I1a] in wages, salary, commissions, bonuses, or tips from all jobs before taxes and other deductions?",ACS_8,"How much do you usually receive JUST in overtime pay, tips or commissions, before taxes or other deductions?",Earnings,related_but_distinct,related_but_distinct,high,high,"While both questions address earnings before taxes, they ask fundamentally different things. Question A seeks total wages, salary, commissions, bonuses, and tips from ALL jobs combined, whereas Question B asks ONLY about overtime pay, tips, and commissions—explicitly excluding regular wages and salary. Question B's narrow focus on supplemental earnings makes it a subset concept rather than an equivalent measure of earnings.","Question A requests total earnings from all jobs across multiple pay components (wages, salary, commissions, bonuses, tips) whereas Question B asks only about the usual amount JUST in overtime pay, tips, or commissions. They differ in scope (A is aggregate and broader; B is narrowly focused on specific pay types) and in framing (A asks amount received, B asks usual/typical amount).",no,no,"not specified (implies total from all jobs, no specific time frame mentioned)",not specified,"usual/ongoing (present tense, no specific time frame)",usual (typical amount),True
FOODAPS_0487,FOODAPS_217,"How much did you receive [Response from I1a] in wages, salary, commissions, bonuses, or tips from all jobs before taxes and other deductions?",ACS_9,"What is your best estimate of how much you usually earn weekly, JUST in overtime pay, tips, or commissions, before taxes or other deductions?",Earnings,related_but_distinct,related_but_distinct,high,high,"While both questions address earnings before taxes, they differ substantially in scope and specificity. Question A asks about total wages, salary, commissions, and bonuses from ALL jobs without time restriction, whereas Question B specifically targets only overtime pay, tips, and commissions on a weekly basis. These capture different earnings components and time frames, making them non-interchangeable despite both relating to earnings.","Question A asks about total earnings from wages, salary, commissions, bonuses, or tips (no explicit time frame in the excerpt), while Question B asks for a usual weekly amount but only for overtime pay, tips, or commissions. B is a narrower subset of earnings and specifies a weekly usual amount; A is broader in components and (as presented) has no specified reference period. These differences change what is measured, so they are related but distinct.",no,no,not specified (appears to be total/cumulative from all jobs),not specified,"weekly, overtime/tips/commissions only",weekly,True
FOODAPS_0488,FOODAPS_218,"According to our calculations, you received [calculate TOTAL FROM I1b and I1a by month] altogether in earnings from work last month before taxes and other deductions. Is that correct?",ACS_1,"For your [main] job, what is the easiest way for you to report your total earnings BEFORE taxes or other deductions: hourly, weekly, annually, or on some other basis?",Earnings,related_but_distinct,related_but_distinct,high,high,"Question A asks respondents to verify a specific calculated earnings amount for a defined past period (last month), requesting a yes/no confirmation. Question B asks for the respondent's preferred reporting method (hourly, weekly, annual, or other) without requesting actual earnings data or specifying a reference period. These are fundamentally different tasks: one validates a specific number, the other identifies how a respondent prefers to express earnings.","Both questions concern earnings before taxes, but they ask different things: Question A asks the respondent to confirm a calculated total amount for earnings last month (likely across jobs) while Question B asks which reporting unit (hourly/weekly/annually/other) the respondent would use for reporting total earnings for their main job. They also differ in target (total/all jobs vs main job) and response format (verification/amount vs selection of reporting basis), and B has no explicit reference period.",no,no,last month,last month,not specified,not specified,True
FOODAPS_0489,FOODAPS_218,"According to our calculations, you received [calculate TOTAL FROM I1b and I1a by month] altogether in earnings from work last month before taxes and other deductions. Is that correct?",ACS_3,"EXCLUDING overtime pay, tips and commissions what is your hourly rate of pay on [this/your main] job?",Earnings,related_but_distinct,related_but_distinct,high,high,"Both questions address earnings from work, but they measure fundamentally different constructs. Question A asks about total gross earnings from all work sources over a specific monthly period (a flow measure of total income). Question B asks about hourly rate of pay on a single job, excluding certain pay types (a rate measure for one job). These require different calculations and serve different analytical purposes—one captures total monthly earnings while the other captures an hourly wage rate.","Question A asks the respondent to confirm a calculated total dollar amount of earnings received 'last month' (a monthly total, pre-tax) while Question B asks for an hourly rate of pay on the main job, explicitly excluding overtime, tips, and commissions. They differ in unit of measurement (monthly total vs hourly rate), in exclusions/coverage of pay components, in reference period clarity, and in response format (confirmation/yes-no versus a numeric rate).",no,no,last month,last month,not specified,not specified,True
FOODAPS_0490,FOODAPS_218,"According to our calculations, you received [calculate TOTAL FROM I1b and I1a by month] altogether in earnings from work last month before taxes and other deductions. Is that correct?",ACS_4,What is your hourly rate of pay on [this/ your main] job?,Earnings,related_but_distinct,related_but_distinct,high,high,"Question A asks for total earnings from work in a specific past month (verification of calculated amount), while Question B asks for hourly rate of pay on a current job. These measure different aspects of earnings: A captures total monthly income while B captures wage rate. Even with linked surveys, A provides actual earnings data while B provides only the rate, requiring multiplication by hours worked to derive comparable income figures.","Question A asks for total earnings from work for the specific reference period ""last month"" (and is presented as a confirmation of a calculated monthly dollar amount). Question B asks for an hourly rate on the respondent's job with no explicit time frame. They address the same broad topic (earnings) but ask different measures (monthly total vs hourly wage) and use different response formats, so they are distinct.",no,partial,last month,last month,not specified,not specified,True
FOODAPS_0491,FOODAPS_218,"According to our calculations, you received [calculate TOTAL FROM I1b and I1a by month] altogether in earnings from work last month before taxes and other deductions. Is that correct?",ACS_5,What is your best estimate of your hourly rate of pay?,Earnings,not_comparable,related_but_distinct,high,high,"Question A asks for verification of total monthly earnings from work (a gross earnings amount), while Question B asks for hourly rate of pay (a wage rate). These measure fundamentally different constructs: one is a total earnings figure for a specific period, the other is a rate of compensation per hour. Even with linked data, Question A cannot be derived from or replaced by Question B without additional information about hours worked.",Question A asks respondents to confirm a calculated dollar total of earnings from work for a specific period (last month) and is effectively a yes/no confirmation of monthly gross pay. Question B asks for an hourly rate of pay (no period specified) and solicits a wage rate rather than a period-specific earnings total. They address related topics (earnings) but measure different constructs (monthly earnings total vs hourly wage) and use different response formats.,no,partial,last month,last month,not specified,not specified,False
FOODAPS_0492,FOODAPS_218,"According to our calculations, you received [calculate TOTAL FROM I1b and I1a by month] altogether in earnings from work last month before taxes and other deductions. Is that correct?",ACS_8,"How much do you usually receive JUST in overtime pay, tips or commissions, before taxes or other deductions?",Earnings,related_but_distinct,related_but_distinct,high,high,"Both questions address earnings, but they measure fundamentally different constructs. Question A asks for total work earnings verification for a specific past month, while Question B specifically isolates only overtime pay, tips, and commissions as a component of earnings. Question A seeks comprehensive earnings confirmation; Question B targets only supplemental earnings types, making them distinct despite both being earnings-related.","Question A asks about total earnings from work for last month and appears to be a confirmation of a calculated monthly total. Question B asks about the usual amount received only in overtime, tips, or commissions (not total earnings) and does not specify a concrete reference period. The items differ in scope (total earnings vs specific pay components), reference period, and likely response format (confirmation of a calculated total vs providing a dollar amount for specific components).",no,no,last month,last month,usual/regular (not specified as to time frame),not specified (asks 'usually'),True
FOODAPS_0493,FOODAPS_218,"According to our calculations, you received [calculate TOTAL FROM I1b and I1a by month] altogether in earnings from work last month before taxes and other deductions. Is that correct?",ACS_9,"What is your best estimate of how much you usually earn weekly, JUST in overtime pay, tips, or commissions, before taxes or other deductions?",Earnings,related_but_distinct,related_but_distinct,high,high,"While both questions address earnings before taxes/deductions, they measure fundamentally different income components. Question A captures total monthly earnings from work, whereas Question B specifically isolates overtime pay, tips, or commissions only—a subset of potential earnings. Additionally, Question A uses a specific past reference period (last month) while Question B asks for usual/typical weekly amounts, creating both a conceptual and temporal mismatch.","Question A asks for total earnings from work for a specific past month (all earnings before taxes). Question B asks for a respondent's usual weekly amount but only for overtime pay, tips, or commissions (a subset of earnings) and refers to a typical week rather than a specific past month. The measures therefore cover different components and time frames and are not interchangeable.",no,no,last month,last month,usually weekly,usually weekly,True
FOODAPS_0494,FOODAPS_219,"According to our calculations, you received [calculate TOTAL FROM I1b and I1a by month] altogether in earnings from work last month before taxes and other deductions. Is that correct?",ACS_1,"For your [main] job, what is the easiest way for you to report your total earnings BEFORE taxes or other deductions: hourly, weekly, annually, or on some other basis?",Earnings,related_but_distinct,response_format_mismatch,high,high,"Question A asks respondents to verify a specific calculated total earnings amount for a defined period (last month), requesting confirmation via yes/no. Question B asks respondents to identify their preferred reporting basis (hourly, weekly, annually, or other) without requesting an actual earnings amount. While both concern pre-tax earnings, they serve different purposes: A validates a computed figure while B determines the most convenient response format for future earnings reporting. The reference period mismatch (monthly vs. unspecified) compounds this conceptual difference.","Both questions concern earnings before taxes, but they ask different things and use different response formats. Question A asks the respondent to confirm a calculated dollar total for 'last month' (likely yes/no or a corrected amount) and sums across reported jobs; Question B asks which reporting unit/frequency (hourly, weekly, annually, or other) is easiest for reporting earnings for the respondent's main job and does not specify a time frame. These differences in target (total across jobs vs main job), reference period, and response format prevent treating them as equivalent.",no,no,last month,last month,not specified,not specified,False
FOODAPS_0495,FOODAPS_219,"According to our calculations, you received [calculate TOTAL FROM I1b and I1a by month] altogether in earnings from work last month before taxes and other deductions. Is that correct?",ACS_3,"EXCLUDING overtime pay, tips and commissions what is your hourly rate of pay on [this/your main] job?",Earnings,related_but_distinct,related_but_distinct,high,high,"Question A asks for total monthly earnings from all work (before taxes), while Question B asks for hourly rate of pay on a main job (excluding certain pay types). These measure different constructs: A captures total monthly income flow, while B captures a rate metric for a specific job. Additionally, B explicitly excludes overtime, tips, and commissions—categories that A would include.","Question A asks respondents to confirm a calculated total of earnings from work for last month (a monetary total, pre-tax) and is a yes/no confirmation. Question B asks for the respondent's hourly rate on their main job excluding overtime, tips, and commissions (a wage rate with no explicit time frame). They differ in unit (monthly total vs hourly rate), inclusions/exclusions, and response format, so they address related but different measures of earnings.",no,no,last month,last month,not specified,not specified,True
FOODAPS_0496,FOODAPS_219,"According to our calculations, you received [calculate TOTAL FROM I1b and I1a by month] altogether in earnings from work last month before taxes and other deductions. Is that correct?",ACS_4,What is your hourly rate of pay on [this/ your main] job?,Earnings,related_but_distinct,related_but_distinct,high,high,"Both questions address earnings, but they measure fundamentally different constructs. Question A asks about total gross monthly earnings from work (a flow measure for a specific period), while Question B asks for hourly rate of pay (a rate measure independent of hours worked). Question A provides actual earnings data; Question B would require multiplication by hours worked to estimate earnings. Additionally, Question B doesn't specify a time reference for the rate itself.","Question A asks for the total earnings received last month (pre-tax) and functions as a confirmation of a computed dollar amount, whereas Question B asks for the hourly rate on the respondent's main job. They capture different metrics (monthly total vs dollars per hour), use different response formats (confirmation/total vs reporting an hourly wage), and Q A has an explicit reference period while Q B does not.",no,partial,last month,last month,not specified,not specified,True
FOODAPS_0497,FOODAPS_219,"According to our calculations, you received [calculate TOTAL FROM I1b and I1a by month] altogether in earnings from work last month before taxes and other deductions. Is that correct?",ACS_5,What is your best estimate of your hourly rate of pay?,Earnings,related_but_distinct,related_but_distinct,high,high,"Question A asks about total earnings from work for a specific month (past month, verified against prior calculations), while Question B asks for hourly rate of pay without a time reference. These measure fundamentally different constructs: Question A captures total earnings (a flow measure for a defined period), while Question B captures compensation rate (a rate measure). Question A also verifies previously calculated data, whereas Question B requests an estimate. They could not substitute for each other.","Question A asks for total earnings from work for a specific reference period (last month) before deductions and is presented as a confirmation of a calculated monthly dollar amount. Question B asks for an hourly rate of pay with no explicit time reference. These measure different constructs (monthly total income vs hourly wage) and have different response needs, and one cannot reliably be derived from the other without additional data (hours worked, overtime, variable pay).",no,no,last month,last month,not specified,not specified,True
FOODAPS_0498,FOODAPS_219,"According to our calculations, you received [calculate TOTAL FROM I1b and I1a by month] altogether in earnings from work last month before taxes and other deductions. Is that correct?",ACS_8,"How much do you usually receive JUST in overtime pay, tips or commissions, before taxes or other deductions?",Earnings,related_but_distinct,related_but_distinct,high,high,"Both questions address earnings, but they measure fundamentally different components. Question A asks about total earnings from work (all sources combined) for a specific month, while Question B asks specifically about overtime pay, tips, or commissions only. Additionally, Question A references a specific past month while Question B asks about usual/typical amounts, creating both a scope difference and a temporal/conceptual difference.","Question A asks for the total earnings from work for a specific reference period (last month) and is a confirmation of a calculated monthly total. Question B asks for the usual amount received just in overtime, tips, or commissions (a specific components-only measure) with no explicit time frame. The scope and intent differ (total monthly earnings vs usual component amount), so they are related by topic but ask distinct information.",no,no,last month,last month,usually (habitual/typical),not specified (usually),True
FOODAPS_0499,FOODAPS_219,"According to our calculations, you received [calculate TOTAL FROM I1b and I1a by month] altogether in earnings from work last month before taxes and other deductions. Is that correct?",ACS_9,"What is your best estimate of how much you usually earn weekly, JUST in overtime pay, tips, or commissions, before taxes or other deductions?",Earnings,related_but_distinct,related_but_distinct,high,high,"Both questions address earnings before taxes/deductions, but they differ fundamentally in scope and concept. Question A captures total earnings from all work in the past month, while Question B asks only about overtime pay, tips, or commissions on a usual weekly basis. Question A uses a specific past reference period (last month) while Question B uses a habitual/usual weekly estimate. These measure different earnings components and time frames.","Question A asks respondents to confirm a calculated total of all earnings from work for the prior month (a monthly total, confirmation format). Question B asks for the respondent’s usual weekly amount from only overtime, tips, or commissions (a subset of earnings, numeric weekly estimate). The items differ in reference period, the earnings components requested, and the response intent/format, so they are about the same general topic but ask different specific things.",no,no,last month,last month,usually earn weekly,usually (weekly),True
FOODAPS_0500,FOODAPS_220,What is your best estimate of the correct total amount that you received in income from earnings from work before taxes and other deductions last month?,ACS_1,"For your [main] job, what is the easiest way for you to report your total earnings BEFORE taxes or other deductions: hourly, weekly, annually, or on some other basis?",Earnings,response_format_mismatch,related_but_distinct,high,high,"Both questions address pre-tax earnings from work, but they differ fundamentally in their response approach. Question A requests a specific dollar amount for a defined monthly period, while Question B asks respondents to select their preferred reporting basis (hourly, weekly, annually, or other) without requesting the actual earnings figure. Question A seeks concrete earnings data; Question B is a methodological question about how to obtain that data.","Question A requests a specific dollar amount of earnings received before taxes last month (across earnings from work). Question B asks only which time basis (hourly, weekly, annually, or other) the respondent would use to report total earnings for their main job and does not request an amount or a specific reference period. The questions therefore address related topics (earnings) but ask different, non-equivalent information and cover different job scopes (all earnings vs main job).",no,no,last month,last month,not specified,not specified,False
FOODAPS_0501,FOODAPS_220,What is your best estimate of the correct total amount that you received in income from earnings from work before taxes and other deductions last month?,ACS_3,"EXCLUDING overtime pay, tips and commissions what is your hourly rate of pay on [this/your main] job?",Earnings,related_but_distinct,related_but_distinct,high,high,"While both questions address earnings, they measure fundamentally different constructs. Question A asks for total earned income (gross earnings before deductions) for a specific monthly period, whereas Question B asks for a wage rate (hourly pay excluding certain forms of compensation) without specifying a time period. Question A captures total earnings including all sources of work income; Question B isolates base hourly wage excluding overtime, tips, and commissions. These cannot be directly converted or compared without additional information about hours worked.","Question A asks for total earnings received last month (a monthly dollar total, before taxes), while Question B asks for the current hourly rate of pay on the main job (excluding overtime, tips, and commissions). They measure different constructs (monthly income vs hourly wage), use different response formats, and B explicitly excludes certain pay components that A would include if received.",no,no,last month,last month,not specified,not specified,True
FOODAPS_0502,FOODAPS_220,What is your best estimate of the correct total amount that you received in income from earnings from work before taxes and other deductions last month?,ACS_4,What is your hourly rate of pay on [this/ your main] job?,Earnings,related_but_distinct,related_but_distinct,high,high,"Question A asks for total earned income for a specific monthly period (gross earnings before deductions), while Question B asks for an hourly rate of pay on a specific job. These measure different constructs: one captures total earnings (a flow over time) while the other captures a wage rate (a unit of compensation). Question B would need to be combined with hours worked data to estimate what Question A measures. Additionally, Question B's reference period is unspecified, making direct temporal comparison impossible.","Question A requests the total dollar amount of earnings received (pre-tax) for the specific reference period of last month. Question B requests an hourly rate of pay for a job (no explicit reference period) — a wage rate rather than a summed income amount, and it does not capture hours worked, multiple jobs, or monthly fluctuations. Because they measure different constructs (total monthly earnings vs hourly wage), they are related but distinct and not directly interchangeable.",no,no,last month,last month,not specified,not specified,True
FOODAPS_0503,FOODAPS_220,What is your best estimate of the correct total amount that you received in income from earnings from work before taxes and other deductions last month?,ACS_5,What is your best estimate of your hourly rate of pay?,Earnings,related_but_distinct,related_but_distinct,high,high,"Question A asks for total monthly earnings from work (a stock measure of income), while Question B asks for hourly rate of pay (a rate metric). These represent fundamentally different units of measurement—Question A captures actual received income for a specific period, while Question B captures the wage rate itself without reference to hours worked or a time period. One cannot be reliably derived from the other without additional information about hours worked.","Question A asks for the total dollar amount of earnings received last month (a period-specific sum before taxes). Question B asks for an hourly rate of pay (a wage rate with no time frame), a different construct and unit. An hourly rate does not provide the monthly total unless combined with hours worked, so the items are related but distinct.",no,no,last month,last month,not specified,not specified,True
FOODAPS_0504,FOODAPS_220,What is your best estimate of the correct total amount that you received in income from earnings from work before taxes and other deductions last month?,ACS_8,"How much do you usually receive JUST in overtime pay, tips or commissions, before taxes or other deductions?",Earnings,related_but_distinct,related_but_distinct,high,high,"Question A asks for total work earnings (comprehensive measure) while Question B asks only for overtime pay, tips, or commissions (a subset of earnings). Though both concern pre-tax earnings from work, they measure different components—Question A captures all earnings whereas Question B isolates supplemental compensation only. The reference periods also differ, with A specifying 'last month' and B using 'usually receive' without clear temporal bounds.","Question A asks for the total amount of earnings from work in a specific reference period (last month) and is broad (all earnings). Question B asks for the usual amount received only in overtime, tips, or commissions (a subset of earnings) and uses a general/typical reference ('usually') rather than a specific month. Although both solicit dollar amounts before taxes, they measure different constructs (total recent earnings vs usual ancillary pay components).",no,no,last month,last month,not specified,usually,True
FOODAPS_0505,FOODAPS_220,What is your best estimate of the correct total amount that you received in income from earnings from work before taxes and other deductions last month?,ACS_9,"What is your best estimate of how much you usually earn weekly, JUST in overtime pay, tips, or commissions, before taxes or other deductions?",Earnings,related_but_distinct,related_but_distinct,high,high,"Both questions ask about earnings before taxes, but they differ in critical ways: Question A captures total work earnings for an entire month, while Question B asks only about overtime pay, tips, or commissions on a weekly basis. Question A is comprehensive earnings; Question B measures only supplemental compensation types. These capture fundamentally different income components despite both relating to the earnings subtopic.","Question A asks for total earnings from work in the prior month (a monthly aggregate across all earnings). Question B asks for the usual weekly amount only for overtime pay, tips, or commissions (a subset of pay and a different reference period/frequency). The two differ in scope (all earnings vs specific pay components) and timing (last month vs usual weekly), so they are related but ask distinct things.",no,no,last month,last month,weekly (usual),usually weekly,True
FOODAPS_0506,FOODAPS_221,What is your best estimate of the correct total amount that you received in income from earnings from work before taxes and other deductions last month?,ACS_1,"For your [main] job, what is the easiest way for you to report your total earnings BEFORE taxes or other deductions: hourly, weekly, annually, or on some other basis?",Earnings,response_format_mismatch,related_but_distinct,high,high,"Both questions address earnings before taxes/deductions, but they differ fundamentally in what they ask respondents to do. Question A requests a direct dollar amount estimate for a specific monthly period, while Question B asks respondents to identify their preferred reporting basis (hourly, weekly, annual, or other) without requesting an actual earnings figure. Question B is a methodological question about response format preference, not a direct earnings measurement.","Question A asks for a dollar amount of total earnings from work in the last month (likely all earnings), while Question B asks which time basis (hourly/weekly/annual/other) is easiest for reporting earnings for the respondent's main job and does not request an amount or specify a time frame. They therefore address related topical content (earnings) but ask different specific information, use different scopes (all earnings vs main job) and different response types.",no,no,last month,last month,not specified,not specified,False
FOODAPS_0507,FOODAPS_221,What is your best estimate of the correct total amount that you received in income from earnings from work before taxes and other deductions last month?,ACS_3,"EXCLUDING overtime pay, tips and commissions what is your hourly rate of pay on [this/your main] job?",Earnings,related_but_distinct,related_but_distinct,high,high,"Question A asks for total gross earnings from work in the past month (including all sources and forms of compensation), while Question B asks specifically for hourly pay rate on a main job, explicitly excluding overtime, tips, and commissions. These measure fundamentally different constructs: A captures actual total income received, while B captures base hourly wage rate. Question B also lacks a specified reference period, making direct comparison impossible even if time frames aligned.","Question A asks for total gross earnings received in the specific reference period of ""last month"" (a dollar amount), while Question B asks for a current hourly rate on the main job and explicitly excludes overtime, tips, and commissions. The two ask different constructs (monthly total income vs. hourly pay rate), have different response formats, and B omits timing and excludes pay components that A may include, so they are distinct.",no,no,last month,last month,not specified,not specified,True
FOODAPS_0508,FOODAPS_221,What is your best estimate of the correct total amount that you received in income from earnings from work before taxes and other deductions last month?,ACS_4,What is your hourly rate of pay on [this/ your main] job?,Earnings,related_but_distinct,related_but_distinct,high,high,"Question A asks for total earned income over a specific monthly period (gross earnings before deductions), while Question B asks for an hourly wage rate—a rate of pay rather than total earnings. These measure fundamentally different constructs: Question A captures total earnings (which could vary by hours worked), while Question B captures only the rate at which someone is paid per hour. Question B would need to be combined with hours worked data to derive what Question A measures.","Question A asks for total gross earnings received in the prior month (a dollar amount over a defined recall period). Question B asks for the hourly rate of pay on a job (a wage rate per hour) with no explicit recall period. These are different constructs and units — hourly rate cannot reliably substitute for monthly earnings without additional information on hours worked, pay frequency, overtime, or multiple jobs.",no,no,last month,last month,not specified,not specified,True
FOODAPS_0509,FOODAPS_221,What is your best estimate of the correct total amount that you received in income from earnings from work before taxes and other deductions last month?,ACS_5,What is your best estimate of your hourly rate of pay?,Earnings,related_but_distinct,related_but_distinct,high,high,"While both questions address earnings, they measure fundamentally different constructs. Question A asks for total monthly earnings (a stock measure of actual income received), whereas Question B asks for hourly rate of pay (a rate measure). Question A captures total compensation including all sources of work income; Question B captures only the wage rate and requires calculation to derive actual earnings. These cannot be directly converted without additional information about hours worked.","Question A asks for total gross earnings received in a specific period (last month), while Question B asks for an hourly rate of pay (a wage rate) with no time frame. They address the same topical area (earnings) but measure different constructs (amount earned vs pay rate) and use different units, so they are not equivalent.",no,no,last month,last month,not specified,not specified,True
FOODAPS_0510,FOODAPS_221,What is your best estimate of the correct total amount that you received in income from earnings from work before taxes and other deductions last month?,ACS_8,"How much do you usually receive JUST in overtime pay, tips or commissions, before taxes or other deductions?",Earnings,related_but_distinct,related_but_distinct,high,high,"Question A asks for total earnings from work before taxes, covering all income sources for a specific month. Question B asks specifically for only overtime pay, tips, or commissions—a subset of total earnings—with no explicit reference period stated. While both measure earnings before taxes, they capture fundamentally different income components: one is comprehensive total earnings, the other is a specific subset of supplemental compensation.","Question A asks for total gross earnings from work in the specific reference period of last month. Question B asks for the usual amount received only in overtime, tips, or commissions (a subset of earnings) and does not specify a concrete reference period beyond 'usually.' They differ both in content scope (total earnings vs specific components) and in time framing, so they are related by topic but ask different things.",no,no,last month,last month,not specified,usually,True
FOODAPS_0511,FOODAPS_221,What is your best estimate of the correct total amount that you received in income from earnings from work before taxes and other deductions last month?,ACS_9,"What is your best estimate of how much you usually earn weekly, JUST in overtime pay, tips, or commissions, before taxes or other deductions?",Earnings,related_but_distinct,related_but_distinct,high,high,"Both questions ask about earnings before taxes, but they capture fundamentally different income components. Question A requests total work earnings for a full month, while Question B specifically isolates only overtime pay, tips, and commissions on a weekly basis. Question B explicitly excludes regular wages/salary, making it measure a subset of earnings rather than total earnings. The reference periods also differ (monthly vs. weekly).","Question A requests the total gross earnings from work for the specific reference period of last month. Question B asks for the usual weekly amount but only for specific components (overtime, tips, or commissions) and not total earnings. They therefore differ in scope (total vs components), time frame (last month vs usual weekly), and implied aggregation, making them related but distinct.",no,no,last month,last month,weekly (usual),usually weekly,True
FOODAPS_0512,FOODAPS_285,"Did NAME receive any wages, salary, commissions, bonuses, or tips last month?",ACS_1,"For your [main] job, what is the easiest way for you to report your total earnings BEFORE taxes or other deductions: hourly, weekly, annually, or on some other basis?",Earnings,related_but_distinct,related_but_distinct,high,high,"Question A asks a yes/no screening question about whether any wage income was received in the past month, while Question B assumes wage income exists and asks only about the preferred format for reporting earnings amounts. Question A determines receipt of earnings; Question B determines measurement preference. These serve different purposes in their respective surveys and cannot substitute for one another.","Question A is a binary occurrence question about whether the person received wages/salary/commissions/bonuses/tips in the last month. Question B asks which time/unit basis (hourly, weekly, annually, or other) the respondent would use to report total earnings for their main job (a reporting format/preference for earnings), with no explicit reference period. They address the same general topic (earnings) but ask different specific attributes (receipt in a recent month vs. preferred reporting unit for main-job earnings).",no,no,last month,last month,not specified,not specified,True
FOODAPS_0513,FOODAPS_285,"Did NAME receive any wages, salary, commissions, bonuses, or tips last month?",ACS_3,"EXCLUDING overtime pay, tips and commissions what is your hourly rate of pay on [this/your main] job?",Earnings,not_comparable,related_but_distinct,high,high,"Question A is a binary yes/no question about receipt of any wages in the past month, while Question B asks for a specific hourly rate of pay and explicitly excludes tips and commissions. These measure fundamentally different constructs: A assesses whether employment income was received, while B quantifies the hourly wage rate. They cannot be used interchangeably.","Question A asks a yes/no about whether the person received any wages, salary, commissions, bonuses, or tips during a specified reference period (last month). Question B asks for the current hourly rate on the main job and explicitly excludes overtime, tips, and commissions, and uses a different response format (numeric rate) with no explicit time frame. These differences make them related by topic (earnings) but distinct in intent, coverage, and response format.",no,no,last month,last month,not specified,not specified,False
FOODAPS_0514,FOODAPS_285,"Did NAME receive any wages, salary, commissions, bonuses, or tips last month?",ACS_4,What is your hourly rate of pay on [this/ your main] job?,Earnings,related_but_distinct,response_format_mismatch,high,high,"Question A is a yes/no screener asking whether someone received any employment income in the past month, while Question B asks for a specific hourly wage rate on a current job. These measure different constructs: Question A captures employment status and income receipt, while Question B captures wage level conditional on employment. Question A could include people with irregular or non-hourly compensation that Question B would not capture.","Question A asks a yes/no about whether the person received any wages/bonuses/tips in the last month (occurrence over a defined period). Question B asks for the hourly rate on the main job (a numeric magnitude, with no explicit reference period). They address related earnings concepts but differ in measurement type (binary vs dollar-per-hour) and do not share a clear time frame.",no,no,last month,last month,not specified,not specified,False
FOODAPS_0515,FOODAPS_285,"Did NAME receive any wages, salary, commissions, bonuses, or tips last month?",ACS_5,What is your best estimate of your hourly rate of pay?,Earnings,related_but_distinct,related_but_distinct,high,high,"Question A is a binary yes/no screener asking whether someone received any earnings in the past month, while Question B asks for a specific hourly rate estimate with no stated time reference. These measure different constructs: receipt of earnings (yes/no) versus the rate of compensation (dollar amount per hour). Question A could apply to any worker regardless of hourly status, while Question B assumes hourly pay structure. They are complementary rather than equivalent.",Question A asks a binary occurrence about whether the person received any pay during a specific time frame (last month). Question B asks for a dollar amount (hourly rate) with no explicit reference period and captures pay level rather than whether pay was actually received. These are on the same topic (earnings) but measure different constructs and use different response formats.,no,no,last month,last month,not specified,not specified,True
FOODAPS_0516,FOODAPS_285,"Did NAME receive any wages, salary, commissions, bonuses, or tips last month?",ACS_8,"How much do you usually receive JUST in overtime pay, tips or commissions, before taxes or other deductions?",Earnings,related_but_distinct,related_but_distinct,high,high,"Question A asks whether any wage/salary income was received (yes/no binary), while Question B asks the specific dollar amount of only overtime, tips, or commissions. These differ fundamentally in scope (all wages vs. specific components only), response format (binary vs. numeric dollar amount), and reference period (specific month vs. usual/typical). Question A captures receipt of regular wages; Question B targets only supplemental compensation categories.","Both ask about earnings but they target different measures: A is a yes/no about any wages, salary, commissions, bonuses, or tips in the last month, while B asks for the usual dollar amount of only overtime pay, tips, or commissions (before taxes). They also differ in response format (binary vs dollar amount) and concrete reference period (A specifies ""last month"", B uses a vague ""usually"").",no,no,last month,last month,not specified (usual/typical amounts),usually,True
FOODAPS_0517,FOODAPS_285,"Did NAME receive any wages, salary, commissions, bonuses, or tips last month?",ACS_9,"What is your best estimate of how much you usually earn weekly, JUST in overtime pay, tips, or commissions, before taxes or other deductions?",Earnings,related_but_distinct,related_but_distinct,high,high,"Both questions address earnings but ask fundamentally different things. Question A is a binary screener asking whether any wage/salary income was received (yes/no), while Question B asks for a quantitative estimate of typical weekly overtime/tips/commissions earnings in dollars. Question A captures receipt of regular wages; Question B focuses only on supplemental earnings (overtime, tips, commissions) and requires a dollar amount. The reference periods also differ (monthly vs. weekly usual earnings), and the income sources partially overlap but are not identical.","The two questions both address earnings but ask different specific things: A is a yes/no about receiving any wages, salary, commissions, bonuses, or tips in the last month, while B asks for a usual weekly dollar amount only for overtime pay, tips, or commissions before taxes. They also differ in response format (binary vs monetary amount) and reference period (last month vs usual weekly), so they are related but not equivalent.",no,partial,last month,last month,usually earn weekly,usually (weekly),True
FOODAPS_0518,FOODAPS_287,What is the easiest way for you to tell us about NAME’s earnings from work before taxes and other deductions?,ACS_1,"For your [main] job, what is the easiest way for you to report your total earnings BEFORE taxes or other deductions: hourly, weekly, annually, or on some other basis?",Earnings,near_duplicate,near_duplicate,high,high,"Both questions ask about the preferred method for reporting earnings before taxes/deductions, targeting the same core concept of measurement preference rather than actual earnings amount. The key difference is that Question A asks about earnings 'from work' generically for a named person, while Question B specifies '[main] job' and explicitly provides response options (hourly, weekly, annually, or other). Despite the response format difference, they are functionally measuring the same underlying concept—how respondents prefer to express earnings.","Both questions ask for the respondent's preferred/easiest way to report earnings before taxes (i.e., the reporting basis such as hourly, weekly, annually). The ACS question explicitly restricts to the respondent's main job and enumerates example bases, while the FoodAPS item does not specify a job referent or list response options, so the core concept is the same but there are minor scope and wording differences.",partial,partial,not specified,not specified,not specified,not specified,True
FOODAPS_0519,FOODAPS_287,What is the easiest way for you to tell us about NAME’s earnings from work before taxes and other deductions?,ACS_3,"EXCLUDING overtime pay, tips and commissions what is your hourly rate of pay on [this/your main] job?",Earnings,not_comparable,related_but_distinct,high,high,"Question A asks about the respondent's preferred method or format for reporting earnings information (a methodological/administrative question), while Question B asks for the actual hourly rate of pay excluding certain compensation types (a data collection question). These are fundamentally different in purpose: one concerns survey administration/logistics, the other concerns substantive earnings data. They cannot be consolidated as they serve distinct functions.","Question A asks about the respondent’s preferred/easiest way to report NAME’s earnings (a question about reporting format/method) and specifies gross earnings before taxes/deductions. Question B asks for a specific current hourly rate on the job excluding overtime, tips, and commissions (a numeric amount). They address different information: reporting method versus a concrete earnings value, and B also imposes exclusions not mentioned in A.",no,no,not specified,not specified,not specified,not specified,False
FOODAPS_0520,FOODAPS_287,What is the easiest way for you to tell us about NAME’s earnings from work before taxes and other deductions?,ACS_4,What is your hourly rate of pay on [this/ your main] job?,Earnings,not_comparable,related_but_distinct,high,high,"Question A asks about the METHOD or MODE of reporting earnings information (what is the 'easiest way' to tell about earnings), not actual earnings data. Question B asks for the ACTUAL WAGE RATE (hourly pay). These are fundamentally different concepts—one is a meta-question about survey methodology/respondent preference, while the other seeks specific economic data. Question A would be used to route respondents to the appropriate data collection method, not to collect earnings information itself.","Question A asks how the respondent would prefer to report NAME’s earnings (a question about reporting format/units and about NAME’s pre‑tax earnings generally), whereas Question B asks for a specific numeric value: the respondent’s hourly rate on their current/main job. They therefore address related subject matter (earnings) but ask different things (reporting method/meta‑information vs a concrete hourly amount) and reference different respondents (NAME vs you).",no,partial,not specified,not specified,not specified,current job,False
FOODAPS_0521,FOODAPS_287,What is the easiest way for you to tell us about NAME’s earnings from work before taxes and other deductions?,ACS_5,What is your best estimate of your hourly rate of pay?,Earnings,related_but_distinct,related_but_distinct,high,high,"Question A asks about the preferred method or format for reporting earnings information (seeking to optimize data collection), while Question B requests the actual hourly wage rate itself. These are fundamentally different questions—one is about survey methodology/mode, the other about substantive earnings data. Question A does not attempt to measure earnings; it asks about the easiest way to communicate about earnings.","Question A asks how the respondent would prefer to report NAME’s earnings (a question about reporting mode/format and pertains to NAME), while Question B asks for a numeric estimate of the respondent’s hourly rate of pay. They differ in target (NAME vs you), in intent (preferred reporting method vs actual amount), and in response content (mode/format choice vs dollar amount).",no,no,not specified,not specified,not specified,not specified,True
FOODAPS_0522,FOODAPS_287,What is the easiest way for you to tell us about NAME’s earnings from work before taxes and other deductions?,ACS_8,"How much do you usually receive JUST in overtime pay, tips or commissions, before taxes or other deductions?",Earnings,related_but_distinct,related_but_distinct,high,high,"Question A asks META-COGNITIVELY about the easiest way to report earnings information (a process/mode question), while Question B asks for the ACTUAL DOLLAR AMOUNT of overtime/tips/commissions specifically. Question A is about data collection methodology, whereas Question B seeks substantive earnings data. These are fundamentally different types of questions despite both involving earnings.","Question A asks broadly about NAME’s earnings from work (and appears to solicit the respondent’s preferred way or unit to report total earnings before taxes/deductions). Question B asks specifically for the usual amount received ONLY in overtime pay, tips, or commissions before taxes/deductions. Thus B captures a narrow component of earnings while A targets overall earnings/reporting format, so they are related but distinct.",no,no,not specified,not specified,usually (habitual/regular pay),not specified,True
FOODAPS_0523,FOODAPS_287,What is the easiest way for you to tell us about NAME’s earnings from work before taxes and other deductions?,ACS_9,"What is your best estimate of how much you usually earn weekly, JUST in overtime pay, tips, or commissions, before taxes or other deductions?",Earnings,related_but_distinct,related_but_distinct,high,medium,"Question A asks about the METHOD or EASIEST WAY to report earnings information, making it a procedural/logistics question rather than a substantive earnings question. Question B asks for a specific dollar amount estimate of overtime/tips/commissions earned weekly. These are fundamentally different: A is about survey administration preferences while B is about quantifying a specific earnings component.","Question A asks broadly about the easiest way to report NAME's earnings before taxes (it appears to be about reporting format or overall earnings and does not specify an amount or timeframe). Question B asks for a specific dollar estimate of usual weekly earnings from only overtime, tips, or commissions before taxes. They differ in scope (all earnings vs specific pay components), subject reference (NAME vs you), and A lacks a clear reference period while B specifies usual weekly amounts.",no,no,not specified,not specified,weekly,usually (weekly),True
FOODAPS_0524,FOODAPS_288,"How much did NAME receive [Response from I1a] in wages, salary, commissions, bonuses, or tips from all jobs before taxes and other deductions?",ACS_1,"For your [main] job, what is the easiest way for you to report your total earnings BEFORE taxes or other deductions: hourly, weekly, annually, or on some other basis?",Earnings,response_format_mismatch,response_format_mismatch,high,high,"Both questions ask about earnings before taxes from employment, but they differ fundamentally in what they request from respondents. Question A asks for a specific dollar amount from all jobs, while Question B asks the respondent to select their preferred reporting basis (hourly, weekly, annual, or other) without requesting an actual earnings figure. Question A seeks a numerical response; Question B seeks a format preference.","Question A requests a dollar amount of earnings (wages, salary, commissions, bonuses, or tips) from all jobs before deductions, while Question B asks only which time-unit (hourly, weekly, annually, or other) the respondent prefers to use to report total earnings for their main job. Thus they differ in response format (amount vs reporting basis) and scope (all jobs vs main job), so they are not equivalent.",no,no,not specified (implied: recent/current employment period),not specified,not specified (implied: current/main job),not specified,True
FOODAPS_0525,FOODAPS_288,"How much did NAME receive [Response from I1a] in wages, salary, commissions, bonuses, or tips from all jobs before taxes and other deductions?",ACS_3,"EXCLUDING overtime pay, tips and commissions what is your hourly rate of pay on [this/your main] job?",Earnings,related_but_distinct,related_but_distinct,high,high,"Question A asks for total wages from all jobs before taxes/deductions over an unspecified period, while Question B asks for hourly rate of pay on a main job and explicitly excludes overtime, tips, and commissions. These differ in: (1) scope (all jobs vs. main job only), (2) inclusions/exclusions (tips and commissions included in A, excluded in B), and (3) metric type (total amount vs. hourly rate). The questions measure fundamentally different earnings concepts that cannot be directly reconciled.","Question A asks for total dollar earnings (wages, salary, commissions, bonuses, tips) from all jobs before deductions over the period specified in I1a. Question B asks for an hourly rate on the main job and explicitly excludes overtime, tips, and commissions; it is a rate (not total earnings) and is limited to the main job. These differences in unit (total amount vs hourly rate), scope (all jobs vs main job), and exclusions make them distinct.",no,partial,not specified (appears to be current/recent period based on context),not specified (refers to I1a),not specified (current job),not specified,True
FOODAPS_0526,FOODAPS_288,"How much did NAME receive [Response from I1a] in wages, salary, commissions, bonuses, or tips from all jobs before taxes and other deductions?",ACS_4,What is your hourly rate of pay on [this/ your main] job?,Earnings,response_format_mismatch,related_but_distinct,high,high,"Both questions address earnings, but Question A asks for total wage/salary income from all jobs (a stock measure of total compensation), while Question B asks for hourly rate of pay (a rate metric). Question A seeks absolute dollar amounts while Question B seeks a rate per hour. These fundamentally different response formats cannot be directly compared or substituted without conversion calculations.","Question A asks for total gross earnings (amount received) from all jobs, while Question B asks for the hourly rate of pay on the main job. They differ in unit (total amount vs rate), scope (all jobs vs main job), and response format (dollar sum vs hourly wage), so they are distinct though on the same topic of earnings.",no,no,not specified (implies total/lifetime from all jobs),not specified,not specified (current rate),not specified,False
FOODAPS_0527,FOODAPS_288,"How much did NAME receive [Response from I1a] in wages, salary, commissions, bonuses, or tips from all jobs before taxes and other deductions?",ACS_5,What is your best estimate of your hourly rate of pay?,Earnings,related_but_distinct,related_but_distinct,high,high,"Question A asks for total wage/salary earnings from all jobs (asking for a cumulative amount), while Question B asks for hourly rate of pay (a rate metric). These are fundamentally different units of measurement—one captures total earnings over a period, the other captures a rate per hour. While both relate to earnings, they cannot be directly compared or substituted without additional information (hours worked). Question A requires a dollar amount response; Question B requests an hourly rate.","Question A asks for a total dollar amount of earnings (wages, salary, commissions, bonuses, tips) received before deductions, while Question B asks for an hourly rate of pay. These measure related aspects of earnings but are distinct constructs (total earnings vs pay rate) and are not directly interchangeable without additional information about hours worked and the reference period.",no,no,not specified (but implies total from prior period based on I1a response),not specified,not specified,not specified,True
FOODAPS_0528,FOODAPS_288,"How much did NAME receive [Response from I1a] in wages, salary, commissions, bonuses, or tips from all jobs before taxes and other deductions?",ACS_8,"How much do you usually receive JUST in overtime pay, tips or commissions, before taxes or other deductions?",Earnings,related_but_distinct,related_but_distinct,high,high,"Question A asks for total wages, salary, commissions, bonuses, and tips from ALL jobs before taxes, while Question B asks ONLY for overtime pay, tips, and commissions—explicitly excluding regular wages and salary. Question A captures comprehensive earnings while Question B isolates a specific subset of earnings components. These measure different scopes of compensation despite both relating to earnings.","Question A asks for the total amount received in wages, salary, commissions, bonuses, or tips from all jobs (an aggregate of many pay types). Question B asks only about the usual amount JUST in overtime pay, tips, or commissions (a specific subset) and frames it as a usual amount rather than an aggregate total over a defined period. The scope and focus differ substantially, so they are related by topic (earnings) but ask different specific things.",no,no,not specified (implied: most recent job/period from I1a response),not specified,"usual/typical (ongoing, not a specific period)",not specified,True
FOODAPS_0529,FOODAPS_288,"How much did NAME receive [Response from I1a] in wages, salary, commissions, bonuses, or tips from all jobs before taxes and other deductions?",ACS_9,"What is your best estimate of how much you usually earn weekly, JUST in overtime pay, tips, or commissions, before taxes or other deductions?",Earnings,related_but_distinct,related_but_distinct,high,high,"While both questions address earnings before taxes, they measure fundamentally different income components. Question A captures total wages, salary, commissions, and bonuses from all jobs, whereas Question B specifically isolates only overtime pay, tips, and commissions on a weekly basis. Question A appears to ask for a total amount received (potentially lump sum or cumulative), while Question B asks for a usual weekly rate. These are distinct income streams and time frames that cannot be directly substituted.","Question A asks for total earnings (wages, salary, commissions, bonuses, or tips) from all jobs (no explicit time frame given here), whereas Question B asks for the usual weekly amount JUST in overtime pay, tips, or commissions. B is limited to specific pay components and a weekly 'usual' period; A is broader in components and has no explicit period in the text shown, so they ask different, non-equivalent measures.",no,no,"not specified (implied: total from all jobs, no time frame specified)",not specified,"weekly, usual/regular amount",usually/weekly,True
FOODAPS_0530,FOODAPS_289,"According to our calculations, NAME received [calculate TOTAL FROM I1b and I1a by month] altogether in earnings from work last month before taxes and other deductions. Is that correct?",ACS_1,"For your [main] job, what is the easiest way for you to report your total earnings BEFORE taxes or other deductions: hourly, weekly, annually, or on some other basis?",Earnings,related_but_distinct,related_but_distinct,high,high,"Question A seeks to verify a calculated total earnings amount for a specific past month, expecting a yes/no confirmation response. Question B asks respondents to select their preferred reporting basis (hourly, weekly, annually, or other) for earnings without specifying a time period or requesting a dollar amount. While both address earnings before deductions, they serve fundamentally different purposes: verification of a specific calculated figure versus determining the most convenient reporting format for respondents.","Question A asks respondents to confirm a calculated dollar total for all earnings from work last month (a specific reference period and amount confirmation). Question B asks which time unit (hourly, weekly, annually, other) is the easiest way to report total earnings for the respondent's main job and does not ask for an amount or specify a reference period. They cover the same general topic (pre-tax earnings) but ask different specific things (amount confirmation vs reporting unit, all jobs vs main job, explicit last-month frame vs unspecified).",no,no,last month,last month,not specified,not specified,True
FOODAPS_0531,FOODAPS_289,"According to our calculations, NAME received [calculate TOTAL FROM I1b and I1a by month] altogether in earnings from work last month before taxes and other deductions. Is that correct?",ACS_3,"EXCLUDING overtime pay, tips and commissions what is your hourly rate of pay on [this/your main] job?",Earnings,related_but_distinct,related_but_distinct,high,high,"Question A asks about total monthly earnings from work (verified against calculations), while Question B asks about hourly rate of pay excluding certain compensation types. These measure different constructs: A captures actual total earnings for a specific month, while B captures wage rate which could apply to any time period. Even with a reference period for B, they address fundamentally different metrics (total earnings vs. hourly rate).","Question A asks for a total dollar amount of earnings from work in the previous month (a monthly gross amount, confirmed). Question B asks for the current hourly rate on the main job excluding overtime, tips, and commissions (a wage rate, with explicit exclusions). They differ in unit (total monthly earnings vs hourly rate), exclusions, likely response format, and concept, so they are related by topic but measure different constructs.",no,no,last month,last month,not specified,not specified,True
FOODAPS_0532,FOODAPS_289,"According to our calculations, NAME received [calculate TOTAL FROM I1b and I1a by month] altogether in earnings from work last month before taxes and other deductions. Is that correct?",ACS_4,What is your hourly rate of pay on [this/ your main] job?,Earnings,not_comparable,related_but_distinct,high,high,"These questions measure fundamentally different earnings concepts. Question A asks about total gross monthly earnings from all work (a stock measure for a specific month), while Question B asks for hourly wage rate (a rate of pay, not total earnings). Question A could be used to calculate hourly rate, but they are asking for different units of analysis—total earnings versus compensation rate. Additionally, Question B does not specify a time reference period.","Question A asks respondents to confirm a calculated total amount of earnings from work for last month (pre‑tax), while Question B asks for the hourly rate of pay on the respondent's current/main job. They measure different constructs (monthly total earnings vs. wage rate), use different response formats (confirmation of a dollar total vs. a numeric hourly rate), and have different reference frames.",no,partial,last month,last month,not specified,current (at time of survey),False
FOODAPS_0533,FOODAPS_289,"According to our calculations, NAME received [calculate TOTAL FROM I1b and I1a by month] altogether in earnings from work last month before taxes and other deductions. Is that correct?",ACS_5,What is your best estimate of your hourly rate of pay?,Earnings,related_but_distinct,related_but_distinct,high,high,"Question A asks for total earnings from work in the past month (a specific dollar amount), while Question B asks for hourly rate of pay (a rate-based measure). These represent fundamentally different earning metrics: total monthly earnings versus hourly wage. Even if reference periods aligned, the response formats and underlying concepts (total compensation vs. wage rate) are distinct and would not be interchangeable.","Question A asks respondents to confirm a calculated total amount of earnings from work for 'last month' (a monthly pre-tax dollar total) and elicits a confirmation (yes/no) about that figure. Question B asks for an estimate of an hourly rate of pay (a current unit rate) with no explicit reference period and requires a numeric dollar-per-hour response. The two ask about different metrics (monthly total vs hourly rate), use different response formats, and B lacks a clear reference period, so they are related by topic (earnings) but are distinct.",no,partial,last month,last month,not specified,not specified,True
FOODAPS_0534,FOODAPS_289,"According to our calculations, NAME received [calculate TOTAL FROM I1b and I1a by month] altogether in earnings from work last month before taxes and other deductions. Is that correct?",ACS_8,"How much do you usually receive JUST in overtime pay, tips or commissions, before taxes or other deductions?",Earnings,related_but_distinct,related_but_distinct,high,high,"Question A asks for total earnings from work (all sources) in a specific recent period (last month), while Question B asks specifically about overtime pay, tips, and commissions only (a subset of earnings) on a typical/usual basis. These differ in both scope (total vs. specific components) and reference period (specific month vs. habitual pattern).","Question A asks respondents to confirm a calculated total of all earnings from work for last month (a monthly reference and a total amount verification). Question B asks for the usual amount received ONLY in overtime pay, tips, or commissions (a subset of earnings) and does not specify an explicit time frame beyond 'usually' and solicits an amount rather than a confirmation of a computed total. These target different constructs (total monthly earnings vs. typical supplemental earnings components) and differ in scope and implied response format.",no,no,last month,last month,usually (ongoing/typical),usually (no specific time period specified),True
FOODAPS_0535,FOODAPS_289,"According to our calculations, NAME received [calculate TOTAL FROM I1b and I1a by month] altogether in earnings from work last month before taxes and other deductions. Is that correct?",ACS_9,"What is your best estimate of how much you usually earn weekly, JUST in overtime pay, tips, or commissions, before taxes or other deductions?",Earnings,related_but_distinct,related_but_distinct,high,high,"Both questions address earnings before taxes/deductions, but they differ fundamentally in scope and specificity. Question A captures total earnings from work in the prior month, while Question B asks only about overtime pay, tips, or commissions on a weekly basis. Question B explicitly excludes regular wages and uses a different time frame (usual weekly vs. actual last month), making them measure different earnings components.","The questions address earnings but ask about different constructs: A asks about total earnings from work for the prior month (and is phrased as a yes/no confirmation of a calculated monthly total), whereas B asks for a usual weekly dollar amount only for overtime, tips, or commissions. They also differ in reference period (last month vs usual weekly) and response format (confirmation of a calculated total vs open numeric estimate), so they are related but not interchangeable.",no,no,last month,last month,usually earn weekly,usually weekly,True
FOODAPS_0536,FOODAPS_290,What is your best estimate of the correct total amount that NAME received in income from earnings from work before taxes and other deductions last month?,ACS_1,"For your [main] job, what is the easiest way for you to report your total earnings BEFORE taxes or other deductions: hourly, weekly, annually, or on some other basis?",Earnings,response_format_mismatch,related_but_distinct,high,high,"Both questions address earnings before taxes from work, but they differ fundamentally in what they ask respondents to provide. Question A requests a specific dollar amount for a defined monthly period, while Question B asks respondents to identify their preferred reporting method (hourly, weekly, annual, or other) without requesting actual earnings data. Question B is a routing/preference question that precedes earnings data collection, whereas Question A directly collects the earnings amount.","Question A requests a numeric total dollar amount of earnings before taxes for the respondent (or named person) for a specific reference period (last month). Question B asks how the respondent would prefer to report earnings for their main job (unit/basis: hourly, weekly, annually) rather than asking for an amount or specifying a time frame, and it also restricts scope to the main job. These differences in intent (amount vs reporting unit), scope (all earnings vs main job), and explicit time reference make the items related in topic but distinct in measurement.",no,no,last month,last month,not specified,not specified,False
FOODAPS_0537,FOODAPS_290,What is your best estimate of the correct total amount that NAME received in income from earnings from work before taxes and other deductions last month?,ACS_3,"EXCLUDING overtime pay, tips and commissions what is your hourly rate of pay on [this/your main] job?",Earnings,related_but_distinct,related_but_distinct,high,high,"While both questions address earnings, they measure fundamentally different constructs. Question A asks for total gross earned income for a specific monthly period, while Question B asks for hourly wage rate on a current job, explicitly excluding variable pay components. Question A captures actual income received (stock measure over time), whereas Question B captures a rate metric (wage structure) that could apply to multiple time periods.","Question A asks for total gross earnings received last month (a monthly dollar amount before taxes), while Question B asks for the current hourly rate on the main job and explicitly excludes overtime, tips, and commissions. They differ in unit (monthly total vs hourly rate), scope of pay included, and B has no explicit reference period, so they measure related but different concepts.",no,no,last month,last month,not specified,not specified,True
FOODAPS_0538,FOODAPS_290,What is your best estimate of the correct total amount that NAME received in income from earnings from work before taxes and other deductions last month?,ACS_4,What is your hourly rate of pay on [this/ your main] job?,Earnings,related_but_distinct,related_but_distinct,high,high,"Question A asks for total earnings from work before taxes for a specific month, while Question B asks for hourly rate of pay, which are fundamentally different metrics. Question A captures gross monthly earnings (a flow measure), whereas Question B captures the wage rate (a rate measure). Even if Question B's reference period were specified, the questions measure different constructs—one is total earnings and the other is compensation rate.","Question A asks for a total dollar amount of earnings received last month (pre-tax), while Question B asks for an hourly rate of pay on a job with no explicit reference period. They measure different constructs (monthly total vs hourly rate), use different response formats, and B cannot be converted into A without additional information on hours worked, number of jobs, and pay timing.",no,no,last month,last month,not specified,not specified,True
FOODAPS_0539,FOODAPS_290,What is your best estimate of the correct total amount that NAME received in income from earnings from work before taxes and other deductions last month?,ACS_5,What is your best estimate of your hourly rate of pay?,Earnings,related_but_distinct,related_but_distinct,high,high,"While both questions address earnings, they measure fundamentally different constructs. Question A asks for total monthly earnings (a flow measure over a specific period), whereas Question B asks for hourly rate of pay (a rate measure with no time reference). To derive one from the other would require additional information about hours worked, making them distinct measures despite both relating to employment income.","Question A asks for a total dollar amount of earnings received last month (pre-tax), while Question B asks for an hourly rate of pay and does not specify a time frame. They measure related aspects of earnings but are different units and purposes (total monthly income vs wage rate) and cannot be directly equated without additional information on hours worked and weeks worked.",no,partial,last month,last month,not specified,not specified,True
FOODAPS_0540,FOODAPS_290,What is your best estimate of the correct total amount that NAME received in income from earnings from work before taxes and other deductions last month?,ACS_8,"How much do you usually receive JUST in overtime pay, tips or commissions, before taxes or other deductions?",Earnings,related_but_distinct,related_but_distinct,high,high,"While both questions address earnings before taxes, they measure fundamentally different income components. Question A seeks total work earnings for a specific monthly period, whereas Question B specifically targets only overtime pay, tips, and commissions—a subset of earnings. Additionally, Question B uses 'usually receive' (regular/typical amount) rather than a specific time period, making the reference periods incompatible.","Question A asks for the respondent's total earnings from work in the specific reference period of last month (gross). Question B asks for the usual amount received only in overtime, tips, or commissions (a subset of earnings) and uses a general 'usually' time reference rather than a specific past month. The scope (total vs. specific components) and reference period differ, so they are related by topic but ask distinct things.",no,no,last month,last month,usually (ongoing/regular),usually,True
FOODAPS_0541,FOODAPS_290,What is your best estimate of the correct total amount that NAME received in income from earnings from work before taxes and other deductions last month?,ACS_9,"What is your best estimate of how much you usually earn weekly, JUST in overtime pay, tips, or commissions, before taxes or other deductions?",Earnings,related_but_distinct,related_but_distinct,high,high,"Both questions measure work earnings, but Question A captures total earnings from all work sources before deductions for a monthly period, while Question B specifically isolates only overtime pay, tips, and commissions on a weekly basis. Question B explicitly excludes regular wages/salary and uses a different time frame (weekly vs. monthly), making them distinct measures despite both addressing the earnings subtopic.","Question A asks for total earnings from work for the respondent last month (a monthly retrospective total), while Question B asks for the usual weekly amount from only overtime pay, tips, or commissions. They differ in scope (total earnings vs only specific pay components) and in reference period/measurement (last month vs usual weekly), so they are not equivalent.",no,no,last month,last month,weekly (usual),usually (weekly),True
FOODAPS_0542,FOODAPS_20,Are you male or female?,ACS_22,What is Person 1’s sex?,Sex,exact_duplicate,exact_duplicate,high,high,"Both questions ask for the same demographic characteristic (sex/gender) with no time reference, using nearly identical wording and implicit response formats (male/female or similar binary options). The minor phrasing difference ('Are you' vs 'What is Person 1's') reflects survey context rather than conceptual difference and does not affect the meaning or comparability of the questions.","Both items elicit the respondent's/Person 1's sex using the same binary framing (male/female) with only minor perspective wording differences (first-person 'Are you...' vs third-person 'What is Person 1’s...'). There is no difference in reference period or response format, so they are equivalent in meaning and measurement.",yes,yes,not specified,not specified,not specified,not specified,True
FOODAPS_0543,FOODAPS_20,Are you male or female?,ACS_27,What is Person 2’s sex?,Sex,exact_duplicate,exact_duplicate,high,high,"Both questions ask for the same demographic attribute (biological sex) with no meaningful differences in wording, scope, or intent. Question A uses the more direct phrasing 'Are you male or female?' while Question B uses 'What is Person 2's sex?' but both are asking for identical information with the same expected response categories (male/female). The reference to a specific person in Question B is a survey administration detail rather than a conceptual difference.","Both items ask the respondent’s sex using the same binary framing (male/female) and would employ the same response format; the only difference is grammatical perspective (first-person vs. third-person/roster). There is no difference in intent, timing, or measurement, so they are effectively identical in meaning and use.",yes,yes,not specified,not specified,not specified,not specified,True
FOODAPS_0544,FOODAPS_20,Are you male or female?,ACS_32,What is Person 3’s sex?,Sex,exact_duplicate,exact_duplicate,high,high,"Both questions ask for the same demographic characteristic (sex/gender) with identical intent and meaning. Question A uses direct phrasing ('Are you male or female?') while Question B uses indirect reference ('Person 3's sex'), but this is a formatting difference due to survey structure, not a conceptual difference. Both have no specified reference period and expect the same categorical response options.",Both questions elicit the respondent’s sex using the same dichotomous framing (male/female) and contain no time reference; the only surface difference is wording and respondent reference (first-person self vs. third-person named household member). These differences do not change the concept or response format. There is no difference in reference period or measurement intent.,yes,yes,not specified,not specified,not specified,not specified,True
FOODAPS_0545,FOODAPS_21,Are you male or female?,ACS_22,What is Person 1’s sex?,Sex,exact_duplicate,exact_duplicate,high,high,"Both questions ask for the same demographic information about biological sex with no time reference. Question A uses informal phrasing ('Are you male or female?') while Question B uses more neutral administrative language ('What is Person 1's sex?'), but these are stylistic differences that do not affect the underlying concept being measured or the expected response categories.","Both questions ask the respondent’s sex using equivalent wording and expected response options (male/female) with no time frame. The only difference is phrasing/person-labeling ('Are you' vs 'What is Person 1’s'), which does not change meaning or response format.",yes,yes,not specified,not specified,not specified,not specified,True
FOODAPS_0546,FOODAPS_21,Are you male or female?,ACS_27,What is Person 2’s sex?,Sex,exact_duplicate,exact_duplicate,high,high,"Both questions ask for the same core demographic information about an individual's sex/gender with no meaningful differences in wording, reference period, or response format. Question A uses the simpler phrasing 'Are you male or female?' while Question B uses 'What is Person 2's sex?' but both are asking for identical categorical information with the same binary response options. The minor wording difference (direct question vs. third-person reference) reflects survey administration context rather than conceptual difference.","Both items elicit the same attribute — the respondent’s/household member’s sex — using the same binary framing (male/female); the only difference is the referent ('you' vs 'Person 2'), which does not alter the concept measured. Neither question specifies a time frame or a different response format, so they are effectively equivalent in meaning and measurement.",yes,yes,not specified,not specified,not specified,not specified,True
FOODAPS_0547,FOODAPS_21,Are you male or female?,ACS_32,What is Person 3’s sex?,Sex,exact_duplicate,exact_duplicate,high,high,"Both questions ask for the same demographic characteristic (sex/gender) with no reference periods specified. Question A uses informal phrasing ('Are you male or female?') while Question B uses more formal administrative language ('What is Person 3's sex?'), but these minor wording differences do not affect the core concept being measured. Both expect the same categorical response about biological sex.","Both questions ask for the respondent's sex using the same binary categories (male/female); the only difference is person reference ('you' versus 'Person 3'), which does not change meaning or response format. Neither question includes any time frame.",yes,yes,not specified,not specified,not specified,not specified,True
FOODAPS_0548,FOODAPS_22,Are you male or female?,ACS_22,What is Person 1’s sex?,Sex,exact_duplicate,exact_duplicate,high,high,"Both questions ask for the same demographic characteristic (sex/gender) with identical reference frames (present tense, no time qualification). The wording differs only stylistically—'Are you male or female?' vs. 'What is Person 1's sex?'—but both elicit the same binary categorical response about an individual's sex. The minor phrasing variation does not affect meaning or comparability.","Both questions ask the respondent's biological/legal sex using equivalent binary wording and would yield the same data (male/female). Wording differences (direct 'Are you...' vs. 'What is Person 1’s sex?') do not change the concept, reference period, or likely response format.",yes,yes,not specified,not specified,not specified,not specified,True
FOODAPS_0549,FOODAPS_22,Are you male or female?,ACS_27,What is Person 2’s sex?,Sex,exact_duplicate,exact_duplicate,high,high,"Both questions ask for the same biological sex/gender characteristic with identical response options (male/female). The only difference is that Question B specifies 'Person 2' to identify which household member is being asked about, while Question A asks the respondent directly. This is a standard survey administration difference, not a conceptual difference. Both measure the same attribute in the same way.","Both questions ask for a person's sex using the same binary categories (male/female) and have no time reference; the only difference is grammatical perspective (self vs. third-person reference to ""Person 2""). This wording difference does not change the concept measured or the response format.",yes,partial,not specified,not specified,not specified,not specified,True
FOODAPS_0550,FOODAPS_22,Are you male or female?,ACS_32,What is Person 3’s sex?,Sex,exact_duplicate,exact_duplicate,high,high,"Both questions ask for the same demographic attribute (sex/gender) with identical response options and no specified time reference, making them functionally equivalent for data collection purposes. The only trivial difference is Question A uses 'male or female' while Question B uses 'sex,' but these are standard synonymous phrasings in federal surveys with identical meaning and response categories.","Both questions ask the respondent's sex using the same binary framing (male/female) and have no specified reference period. The only difference is phrasing (direct first-person versus third-person identification of a household member), which does not change the concept or expected response format.",yes,yes,not specified,not specified,not specified,not specified,True
FOODAPS_0551,FOODAPS_23,Are you male or female?,ACS_22,What is Person 1’s sex?,Sex,exact_duplicate,exact_duplicate,high,high,"Both questions ask for the same demographic characteristic (sex/gender) with no meaningful differences in wording, reference period, or response format. Question A uses the more direct phrasing 'Are you male or female?' while Question B uses 'What is Person 1's sex?' but both are asking the identical underlying information with standard binary response options. The minor wording variation (direct address vs. third-person reference) does not affect the substance of what is being measured.",Both items ask for the respondent's sex using equivalent response categories (male/female) and differ only in grammatical framing (first‑person vs. roster label). There is no difference in reference period or answer format that would change the meaning or use of the data.,yes,yes,not specified,not specified,not specified,not specified,True
FOODAPS_0552,FOODAPS_23,Are you male or female?,ACS_27,What is Person 2’s sex?,Sex,near_duplicate,exact_duplicate,high,high,Both questions ask for the same demographic information (sex/gender) with identical response options and no specified time reference. The only difference is minor wording: Question A uses informal phrasing ('Are you male or female?') while Question B uses formal survey language ('What is Person 2's sex?'). The latter's reference to 'Person 2' is a roster-specific framing rather than a conceptual difference.,"Both questions ask the respondent to report a person's sex (male or female) and use the same categorical response concept; the only substantive wording difference is the reference (self vs Person 2), which does not change meaning or response format. There is no time frame difference or differing answer types.",yes,yes,not specified,not specified,not specified,not specified,False
FOODAPS_0553,FOODAPS_23,Are you male or female?,ACS_32,What is Person 3’s sex?,Sex,exact_duplicate,exact_duplicate,high,high,"Both questions ask for the same demographic characteristic (sex/gender) with no meaningful differences in concept, reference period, or response format. Question A uses direct address ('you') while Question B uses third-person reference ('Person 3'), but this is a survey administration difference rather than a conceptual one. Both would yield identical binary or categorical sex responses.","Both questions ask the respondent’s/household member’s sex using the same categorical concept (male or female) with no time reference and equivalent response intent. The only superficial difference is the grammatical target (self vs. named household member), which does not change meaning or response format.",yes,yes,not specified,not specified,not specified,not specified,True
FOODAPS_0554,FOODAPS_24,Are you male or female?,ACS_22,What is Person 1’s sex?,Sex,exact_duplicate,exact_duplicate,high,high,"Both questions ask for the same demographic characteristic (sex/gender) with no time reference, using nearly identical phrasing. Question A uses the more colloquial 'male or female' while Question B uses the more formal 'sex,' but these refer to the same underlying concept with the same response options. The minor wording variation does not meaningfully change the question's intent or response format.","Both questions ask the respondent's sex using the same binary framing (male/female) with no time reference; the only difference is pronoun/person (direct vs. third-person label 'Person 1'), which does not change meaning or response format. There is no difference in reference period or measurement intent.",yes,yes,not specified,not specified,not specified,not specified,True
FOODAPS_0555,FOODAPS_24,Are you male or female?,ACS_27,What is Person 2’s sex?,Sex,exact_duplicate,exact_duplicate,high,high,"Both questions ask for the same demographic characteristic (sex/gender) with identical response options (male/female). The only difference is that Question B specifies a particular household member ('Person 2') while Question A does not, but this is a contextual difference in survey administration, not a substantive difference in what is being measured. The core concept, reference period, and response format are all equivalent.","Both questions ask for the respondent's/household member's sex (male or female) with no time frame and imply the same response options; the only difference is perspective (first person vs third person). This wording change does not alter meaning, reference period, or response format, so they are effectively identical.",yes,yes,not specified,not specified,not specified,not specified,True
FOODAPS_0556,FOODAPS_24,Are you male or female?,ACS_32,What is Person 3’s sex?,Sex,exact_duplicate,exact_duplicate,high,high,"Both questions ask for the same demographic characteristic (sex/gender) with identical reference points (current/present status) and the same response format (male/female binary categories). The only difference is that Question B specifies a particular person in the survey (Person 3), while Question A uses direct address, but this is a standard survey administration variation rather than a substantive difference in what is being measured.","Both items ask the respondent’s sex (male or female) and imply the same response categories; the only wording difference is first-person versus third-person (self vs household member). There is no time reference and the response format is effectively identical, so the core concept and measurement are the same.",yes,partial,not specified,not specified,not specified,not specified,True
FOODAPS_0557,FOODAPS_25,Are you male or female?,ACS_22,What is Person 1’s sex?,Sex,exact_duplicate,exact_duplicate,high,high,"Both questions ask for the same demographic characteristic (biological sex) with identical reference frames (present tense, no time qualifier) and equivalent response formats (binary male/female categories). The only difference is minor wording variation ('Are you' vs 'What is Person 1's'), which reflects survey design conventions but does not affect the substantive meaning or comparability of responses.",Both questions ask for the respondent's sex using the same binary framing (male/female) and contain no time reference; the slight wording difference ('Are you...' vs 'What is Person 1’s sex?') does not change the concept or response format. Any differences (first‑person vs roster reference) are wording/administrative only and do not alter the substantive measure.,yes,yes,not specified,not specified,not specified,not specified,True
FOODAPS_0558,FOODAPS_25,Are you male or female?,ACS_27,What is Person 2’s sex?,Sex,exact_duplicate,exact_duplicate,high,high,"Both questions ask for the same demographic characteristic (sex/gender) with identical response expectations. Question A uses direct second-person address ('Are you') while Question B uses third-person reference ('Person 2's sex'), but these are functionally equivalent formats for collecting the same binary sex data. Neither specifies a time reference because sex is a static characteristic.","Both questions ask the respondent’s/household member’s sex using the same dichotomous framing (male/female). There is no time reference or difference in response format implied; the only difference is person reference (self vs Person 2), which does not change the concept measured. Therefore they are effectively identical in meaning and format.",yes,yes,not specified,not specified,not specified,not specified,True
FOODAPS_0559,FOODAPS_25,Are you male or female?,ACS_32,What is Person 3’s sex?,Sex,exact_duplicate,exact_duplicate,high,high,"Both questions ask for the same demographic information about an individual's sex/gender with no meaningful difference in wording or intent. Question A uses 'male or female' while Question B uses 'sex,' but these are equivalent phrasings of the same binary sex classification. Neither question specifies a reference period because sex is a static characteristic not dependent on time.","Both questions ask the respondent's biological sex using the same binary response set (male/female) and differ only in grammatical perspective (first‑person vs third‑person reference). There is no difference in meaning, timing, or expected response format, so they are effectively identical in content.",yes,yes,not specified,not specified,not specified,not specified,True
FOODAPS_0560,FOODAPS_26,Are you male or female?,ACS_22,What is Person 1’s sex?,Sex,exact_duplicate,exact_duplicate,high,high,"Both questions ask for the same demographic variable (sex/gender) with identical reference points (current/present status) and response formats (binary male/female categories). The only difference is minor wording variation (""Are you"" vs ""What is Person 1's""), which reflects survey context rather than substantive differences in the construct being measured.","Both items ask for the respondent’s sex using equivalent binary framing (male/female) with no time reference; the only difference is perspective/phrasing ('Are you...' vs 'What is Person 1’s sex?'), which does not change meaning or response format. Thus they are functionally the same for data collection purposes.",yes,yes,not specified,not specified,not specified,not specified,True
FOODAPS_0561,FOODAPS_26,Are you male or female?,ACS_27,What is Person 2’s sex?,Sex,exact_duplicate,exact_duplicate,high,high,"Both questions ask for the same demographic characteristic (sex/gender) with no meaningful differences in concept, reference period, or response format. Question A uses the phrasing 'male or female' while Question B uses 'sex,' but these refer to the same biological sex designation. The minor wording variation ('Are you' vs 'What is Person 2's') reflects survey context rather than substantive differences in what is being measured.",Both questions ask for the respondent's/Person 2's sex (male or female) and have the same meaning and implied response format; the only difference is phrasing (first-person vs. third-person). There is no difference in reference period or substantive content that would change measurement.,yes,yes,not specified,not specified,not specified,not specified,True
FOODAPS_0562,FOODAPS_26,Are you male or female?,ACS_32,What is Person 3’s sex?,Sex,exact_duplicate,exact_duplicate,high,high,"Both questions ask for the same core demographic variable—biological sex—using nearly identical wording and response formats. Question A uses the direct phrasing 'Are you male or female?' while Question B uses 'What is Person 3's sex?' but both reference the same concept with standard binary response options. The minor wording variation (direct address vs. third-person reference) reflects only the survey administration context, not a substantive difference in what is being measured.","Both items ask for the respondent’s/household member’s sex using equivalent binary wording (male/female) and have no time reference; the only difference is grammatical perspective (first-person vs. third-person), which does not change the concept or response format. There is no substantive difference in meaning, reference period, or answer choices.",yes,yes,not specified,not specified,not specified,not specified,True
FOODAPS_0563,FOODAPS_58,Is NAME male or female?,ACS_22,What is Person 1’s sex?,Sex,exact_duplicate,exact_duplicate,high,high,"Both questions ask for the same demographic characteristic (sex/gender) with identical reference points (the named individual at the time of survey). The minor wording differences ('Is NAME male or female?' vs 'What is Person 1's sex?') are stylistic variations that do not affect meaning, response options, or data collection methodology. Both use binary male/female response categories standard for federal surveys.",Both items ask for the respondent’s sex using the same categorical distinction (male/female) and contain no time reference. The wording differs only in label style (NAME vs. Person 1) but does not change meaning or response format. Thus they are functionally identical.,yes,yes,not specified,not specified,not specified,not specified,True
FOODAPS_0564,FOODAPS_58,Is NAME male or female?,ACS_27,What is Person 2’s sex?,Sex,exact_duplicate,exact_duplicate,high,high,"Both questions ask for the same demographic information about an individual's sex/gender with no time dimension. While Question A uses 'male or female' and Question B uses 'sex,' these are functionally equivalent phrasings that collect identical information with the same response categories. The minor wording difference ('Is NAME male or female?' vs 'What is Person 2's sex?') does not meaningfully alter the question's intent or response options.","Both questions ask for the respondent's sex using the same conceptual categories (male/female) and differ only in surface wording (direct naming vs. person-numbering). There is no time reference or change in response format or scope, so their meaning and use are effectively identical.",yes,yes,not specified,not specified,not specified,not specified,True
FOODAPS_0565,FOODAPS_58,Is NAME male or female?,ACS_32,What is Person 3’s sex?,Sex,exact_duplicate,exact_duplicate,high,high,"Both questions ask for the same demographic characteristic (sex/gender) about a named individual with no reference period specified. The only difference is minor wording variation: Question A uses ""male or female"" while Question B uses ""sex,"" but these are functionally equivalent ways of eliciting the same binary sex response. Both expect the same response format and measure the identical concept.",Both items ask the respondent to report an individual's sex using the same dichotomous framing (male/female) with no temporal reference; wording differs only in personalization/positioning (NAME vs Person 3). There is no difference in concept or expected response format that would change comparability.,yes,yes,not specified,not specified,not specified,not specified,True
FOODAPS_0566,FOODAPS_111,List FEMALE HOUSEHOLD MEMBERS BETWEEN ages 14 AND <53,ACS_22,What is Person 1’s sex?,Sex,not_comparable,related_but_distinct,high,high,"These questions address fundamentally different concepts despite both being under a 'sex' subtopic. Question A asks for roster identification of female household members within a specific age range (14-52), which is a membership/demographic filtering question. Question B asks for the sex/gender of an already-identified person (Person 1), which is an attribute question about an individual. Question A targets a subset by gender and age; Question B identifies gender for any person regardless of age or role.","Question A asks for a list of household members who are female and within a specific age range (14 to under 53), effectively combining sex and age screening for multiple people. Question B asks only for the sex of a single person, with no age restriction or household listing. They address the same general topic (sex) but ask different specific things and cannot be treated as equivalent without additional age or roster information.",no,partial,not specified,not specified,not specified,not specified,False
FOODAPS_0567,FOODAPS_111,List FEMALE HOUSEHOLD MEMBERS BETWEEN ages 14 AND <53,ACS_27,What is Person 2’s sex?,Sex,not_comparable,related_but_distinct,high,high,"Question A asks for identification and listing of female household members within a specific age range (14-53), making it a roster/filtering question that combines demographic characteristics with household membership. Question B asks only about one specific person's sex, making it a simple demographic attribute question. These serve fundamentally different purposes: A screens and lists household members by multiple criteria, while B collects a single attribute for an already-identified person.","Question A is a roster/filter instruction to list household members who are female and in a specific age range (14 to <53). Question B asks for the sex of a specific person (Person 2) with no age restriction or roster function. The core topic (sex) overlaps but the unit, selection logic, and format differ.",no,yes,not specified,not specified,not specified,not specified,False
FOODAPS_0568,FOODAPS_111,List FEMALE HOUSEHOLD MEMBERS BETWEEN ages 14 AND <53,ACS_32,What is Person 3’s sex?,Sex,not_comparable,related_but_distinct,high,high,"Question A asks for identification and listing of female household members within a specific age range (14-53), which is a roster/filtering question about household composition. Question B asks about a specific person's sex characteristic in a simple demographic format. These are fundamentally different question types: one identifies and filters a subpopulation, while the other records a demographic attribute for an already-identified individual. They cannot be directly compared or substituted.","Question A asks for listing household members who are female and in a specific age range (14 to <53), combining sex and age and operating at the household/listing level. Question B only asks the sex of a single identified person (Person 3) with no age filter; thus they address related concepts (sex) but are not the same question or format.",no,yes,not specified,not specified,not specified,not specified,False
FOODAPS_0569,FOODAPS_171,Is your rent/your household’s rent covered fully by a local public housing authority or other public agency?,ACS_57,"What is the monthly rent for this house, apartment, or mobile home?",Rental,related_but_distinct,related_but_distinct,high,high,"Both questions address rental housing but ask fundamentally different things. Question A is a yes/no question about whether rent is subsidized by a public housing authority, while Question B requests the actual monthly rental amount. Question A identifies a specific housing assistance program status, whereas Question B collects cost data—these are complementary rather than overlapping measures.","Question A asks a binary fact about who fully covers the household's rent (source of payment/public subsidy). Question B asks for the monetary amount of monthly rent. They address the same broad topic (rental) but measure different constructs and use different response types, so they are not equivalent.",no,no,not specified,not specified,not specified,not specified,True
FOODAPS_0570,FOODAPS_171,Is your rent/your household’s rent covered fully by a local public housing authority or other public agency?,ACS_58,Does the monthly rent include any meals?,Rental,not_comparable,related_but_distinct,high,high,"Question A asks about whether rent is subsidized or paid by a public housing authority, addressing housing assistance status and rental payment responsibility. Question B asks whether meals are included in the monthly rent payment, addressing what is bundled with the rental cost. These are fundamentally different concepts: one concerns payment source/subsidy status, the other concerns what services/goods are included in the rent amount.","Question A asks whether rent is fully paid/covered by a public housing authority or other public agency (source of payment/subsidy). Question B asks whether the monthly rent amount includes meals (composition of what rent covers). Although both concern rent, they measure different attributes (payment source vs included services), so they are related but distinct.",no,no,not specified,not specified,not specified,not specified,False
FOODAPS_0571,FOODAPS_187,Did you retire early because of a disability?,ACS_84,Is this person deaf or does he/she have serious difficulty hearing?,Disability,related_but_distinct,related_but_distinct,high,high,"Both questions address disability but measure fundamentally different constructs. Question A asks about a specific past employment decision (early retirement) based on disability as a reason, while Question B asks about a specific functional limitation (hearing difficulty) as a disability characteristic. Question A conflates disability status with employment behavior and retirement decisions, whereas Question B measures a particular disability domain. They cannot be used interchangeably.","Question A asks about an employment outcome (early retirement) and whether that retirement was caused by a disability; it captures timing and causal attribution. Question B asks about a current functional limitation limited to hearing (deafness or serious difficulty hearing). The content, scope (employment vs specific impairment), and intent differ, so they are related to disability but distinct measures.",no,no,not specified (implies lifetime/past decision),not specified,not specified (implies current status),not specified,True
FOODAPS_0572,FOODAPS_187,Did you retire early because of a disability?,ACS_85,Is this person blind or does he/she have serious difficulty seeing even when wearing glasses?,Disability,related_but_distinct,related_but_distinct,high,high,"While both questions address disability, they measure fundamentally different constructs. Question A asks about a specific retirement decision motivated by disability (behavioral/employment outcome), whereas Question B asks about a specific sensory impairment (functional limitation). Question A is retrospective about employment decisions; Question B is about current functional status. A person could have vision difficulties without retiring early due to disability, or vice versa.","Question A asks whether the respondent retired early specifically because of a (any) disability — it addresses timing and cause of retirement. Question B asks about current vision impairment (blindness or serious difficulty seeing) and does not address retirement or causation, so they cover different specific constructs despite both relating to disability.",no,no,not specified (implies lifetime/career history),not specified,not specified (implies current status),current,True
FOODAPS_0573,FOODAPS_187,Did you retire early because of a disability?,ACS_86,"Because of a physical, mental, or emotional condition, does this person have serious difficulty concentrating, remembering, or making decisions",Disability,related_but_distinct,related_but_distinct,high,high,"Question A asks about a specific past employment decision (early retirement) related to disability, while Question B asks about current functional limitations in cognitive domains. Question A measures disability-related labor force exit behavior, whereas Question B measures disability severity through cognitive functioning. These represent different constructs—one behavioral/historical, one functional/clinical—despite both relating to disability.",Question A asks whether the respondent retired early and attributes that action to a disability (a life-event/reason for retirement). Question B asks about current serious difficulty with cognitive functions due to a condition (a functional limitation). These are different constructs—retirement causation versus present cognitive impairment—so they are related by the disability topic but not equivalent.,no,no,not specified (implies lifetime/career decision),not specified,not specified (implies ongoing/current condition),not specified,True
FOODAPS_0574,FOODAPS_187,Did you retire early because of a disability?,ACS_87,Does this person have serious difficulty walking or climbing stairs?,Disability,related_but_distinct,related_but_distinct,high,high,"Question A asks about a specific past decision (retiring early due to disability), while Question B asks about current functional capacity (difficulty with a specific activity). These measure different constructs: one is about employment/retirement behavior triggered by disability, the other is about mobility impairment status. A person could have mobility difficulty without having retired early, or could have retired early for disability reasons unrelated to walking/climbing stairs.",Question A asks about a past employment outcome — whether the respondent retired early for reasons of disability — while Question B asks about a current functional limitation (serious difficulty walking or climbing stairs). They address different constructs (cause and timing of retirement vs a specific present mobility impairment) and are not interchangeable.,no,no,not specified,not specified,not specified,not specified,True
FOODAPS_0575,FOODAPS_187,Did you retire early because of a disability?,ACS_88,Does this person have difficulty dressing or bathing?,Disability,related_but_distinct,related_but_distinct,high,high,"While both questions relate to disability, they measure fundamentally different aspects. Question A focuses on a specific life decision (early retirement) motivated by disability, which is an economic/employment outcome. Question B assesses functional limitations in activities of daily living (ADLs), which is a clinical/functional measure of disability. A person could have ADL limitations without early retirement, or retire early due to a disability that doesn't manifest as ADL difficulties.","Question A asks whether the respondent retired early and attributes the cause to a disability (a labor/retirement history reason), while Question B asks about current functional difficulty with dressing or bathing (an activity-of-daily-living limitation). Although both relate to disability, they measure different constructs (cause of retirement vs current ADL impairment) and different target information/populations, so they are not equivalent.",no,no,not specified,not specified,not specified,not specified,True
FOODAPS_0576,FOODAPS_187,Did you retire early because of a disability?,ACS_89,"Because of a physical, mental, or emotional condition, does this person have difficulty doing errands alone such as visiting a doctor’s office or shopping?",Disability,related_but_distinct,related_but_distinct,high,high,"While both questions relate to disability, they measure fundamentally different constructs. Question A asks about a specific past employment decision (early retirement due to disability), whereas Question B assesses current functional limitations in activities of daily living (errands, shopping, doctor visits). Question A is retrospective and behavioral; Question B is about present-day capability. These capture different aspects of disability experience and cannot be used interchangeably.","Question A asks about a specific employment outcome (retiring early) and whether disability was the reason; Question B asks about current difficulty doing errands alone due to a physical, mental, or emotional condition (a functional limitation). They address different constructs (cause of early retirement vs. independent-living functional limitation) and cannot be treated as equivalent.",no,no,not specified (implies lifetime/career decision),not specified,not specified (implies current/ongoing condition),not specified,True
FOODAPS_0577,FOODAPS_188,Did you retire early because of a disability?,ACS_84,Is this person deaf or does he/she have serious difficulty hearing?,Disability,related_but_distinct,related_but_distinct,high,high,"While both questions address disability within the survey's subtopic, they measure fundamentally different constructs. Question A asks about a specific life decision (early retirement) motivated by disability, capturing employment/retirement behavior. Question B asks about a specific functional limitation (hearing difficulty), assessing a particular disability type. Question A requires both disability AND retirement action; Question B identifies disability presence only. They cannot substitute for each other.","Question A asks whether the respondent retired early specifically because of a disability (an employment outcome and causal reason). Question B asks about current hearing impairment (deafness or serious difficulty hearing), a single functional disability status. Q B does not address retirement, timing, or causation and only covers one disability type, so the items measure different constructs.",no,no,not specified (implies lifetime/career history),not specified,not specified (current/ongoing status),not specified,True
FOODAPS_0578,FOODAPS_188,Did you retire early because of a disability?,ACS_85,Is this person blind or does he/she have serious difficulty seeing even when wearing glasses?,Disability,related_but_distinct,related_but_distinct,high,high,"While both questions relate to disability, they measure fundamentally different constructs. Question A asks about a specific life decision (early retirement caused by disability), which is an outcome or behavioral response. Question B asks about a specific sensory impairment (vision difficulty), which is a functional limitation. A person could have a serious vision disability without retiring early, or retire early due to a different disability entirely. These questions address different aspects of the disability experience.","Question A asks whether the respondent retired early for the specific reason of a disability (a causal/occupational outcome), while Question B asks about current vision impairment (a specific functional disability: blindness or serious difficulty seeing). They address different constructs—one is retirement cause/status, the other is the presence of a particular impairment—so they are on the same general topic (disability) but measure distinct things and are not interchangeable.",no,no,not specified (implies lifetime/career decision),not specified,not specified (implies current status),not specified,True
FOODAPS_0579,FOODAPS_188,Did you retire early because of a disability?,ACS_86,"Because of a physical, mental, or emotional condition, does this person have serious difficulty concentrating, remembering, or making decisions",Disability,related_but_distinct,related_but_distinct,high,high,"While both questions relate to disability, they measure fundamentally different constructs. Question A asks about a specific life decision (early retirement) motivated by disability, capturing labor force exit behavior. Question B asks about functional limitations in cognition regardless of employment status or retirement decisions. A person could have serious cognitive difficulties but continue working, or retire early for non-disability reasons. These questions address disability's impact on different outcomes and cannot substitute for one another.","Question A asks whether the respondent retired early specifically because of a disability (an employment/exit event), while Question B asks about current serious difficulty with cognition/decision-making due to a condition (a functional limitation). They address the general topic of disability but measure different constructs (cause of retirement vs present cognitive/mental/emotional functional impairment).",no,no,not specified (implies lifetime/career decision),not specified,not specified (implies current/ongoing condition),current,True
FOODAPS_0580,FOODAPS_188,Did you retire early because of a disability?,ACS_87,Does this person have serious difficulty walking or climbing stairs?,Disability,related_but_distinct,related_but_distinct,high,high,"Question A asks about a specific life decision (early retirement) motivated by disability, while Question B asks about functional limitations in a specific activity (walking/climbing stairs). Question A measures disability's impact on employment decisions, while Question B measures a specific physical disability indicator. These capture different aspects of disability—behavioral response versus functional capacity—and could identify different populations.","Question A asks about a past employment outcome (retiring early) and whether the reason was a disability; Question B asks about a current functional limitation (serious difficulty walking/climbing stairs). They address related concepts (disability) but different dimensions (cause of retirement versus present mobility impairment) and different time orientations, so they are not equivalent.",no,no,not specified,not specified (refers to a past retirement event),not specified,not specified (current status),True
FOODAPS_0581,FOODAPS_188,Did you retire early because of a disability?,ACS_88,Does this person have difficulty dressing or bathing?,Disability,related_but_distinct,related_but_distinct,high,high,"Both questions address disability but measure fundamentally different constructs. Question A asks about a specific life decision (early retirement due to disability), which is a behavioral/economic outcome. Question B asks about functional limitations in activities of daily living (ADLs), which is a direct measurement of disability severity. A person could have ADL limitations without retiring early (or vice versa), making these non-interchangeable measures.","Question A asks about an employment history event and causal attribution (whether the respondent retired early because of a disability), whereas Question B asks about current functional limitations (difficulty dressing or bathing). They address different constructs — retirement reason versus activities-of-daily-living disability — so they are related only insofar as both concern disability but are not interchangeable.",no,no,not specified (implies lifetime/career decision),not specified,not specified (implies current/ongoing status),not specified,True
FOODAPS_0582,FOODAPS_188,Did you retire early because of a disability?,ACS_89,"Because of a physical, mental, or emotional condition, does this person have difficulty doing errands alone such as visiting a doctor’s office or shopping?",Disability,related_but_distinct,related_but_distinct,high,high,"Question A asks specifically about retirement timing due to disability, focusing on a one-time decision and reason for leaving the workforce. Question B assesses functional limitations in performing activities of daily living (errands, shopping, doctor visits), which is a measure of current disability status regardless of employment history. While both relate to disability, they capture fundamentally different constructs: one measures workforce exit due to disability, the other measures functional impairment in routine activities.","Question A asks whether the respondent retired early specifically because of a disability (a past employment outcome/cause), while Question B asks about current difficulty doing errands alone due to a physical, mental, or emotional condition (a present functional limitation). They address the same broad subtopic (disability) but measure different constructs (cause of retirement versus current functional ability), so they are related but not equivalent.",no,no,not specified,not specified,not specified,not specified,True
FOODAPS_0583,FOODAPS_90,Have you received benefits from the Supplemental Nutrition Assistance Program in the past 30 days? This program is also known as [FILL IN STATE SNAP NAME] or food stamps and it puts money on an EBT card that you can use to buy food.,ACS_54,"IN THE PAST 12 MONTHS, did you or any member of this household receive benefits from the Food Stamp Program or SNAP (the Supplemental Nutrition Assistance Program)?",Food Stamps (SNAP),reference_period_mismatch,reference_period_mismatch,high,high,"Both questions ask about the same core concept (SNAP/Food Stamp receipt) and use the same response format (yes/no), but they differ fundamentally in their time frames. Question A measures current/recent SNAP participation (30 days), while Question B captures any participation within a broader annual period (12 months). These different reference periods would produce different prevalence estimates and cannot be used interchangeably without specifying which timeframe is of policy interest.","Both questions ask about receipt of SNAP/food stamp benefits using a yes/no response, but A asks about the respondent's own receipt in the past 30 days whereas B asks about receipt by the respondent or any household member in the past 12 months. The different reference periods (30 days vs 12 months) and B's broader household scope make them not equivalent.",no,partial,past 30 days,past 30 days,past 12 months,past 12 months,True
FOODAPS_0584,FOODAPS_91,Has anyone at this address received benefits from the Supplemental Nutrition Assistance Program in the past 30 days? This program is also known as [FILL IN STATE SNAP NAME] or food stamps and it puts money on an EBT card that you can use to buy food.,ACS_54,"IN THE PAST 12 MONTHS, did you or any member of this household receive benefits from the Food Stamp Program or SNAP (the Supplemental Nutrition Assistance Program)?",Food Stamps (SNAP),reference_period_mismatch,reference_period_mismatch,high,high,"Both questions ask about the same core concept (SNAP/Food Stamp receipt) and use identical response format (yes/no), but differ substantially in their reference periods: Question A asks about the past 30 days while Question B asks about the past 12 months. This meaningful difference in time frame makes them measure different populations—Question A captures current recipients while Question B captures anyone who received benefits at any point during the year, including those no longer receiving them.","Both questions ask whether anyone received SNAP/food stamp benefits (same concept and yes/no response format), but Question A uses a 30-day reference period while Question B uses a 12-month reference period. That difference will systematically change measured prevalence and prevents QB from substituting for QA when a 30-day estimate is required.",partial,no,past 30 days,past 30 days,past 12 months,past 12 months,True
FOODAPS_0585,FOODAPS_92,How many [FILL IN STATE SNAP NAME] EBT cards are issued to people at this address ?,ACS_54,"IN THE PAST 12 MONTHS, did you or any member of this household receive benefits from the Food Stamp Program or SNAP (the Supplemental Nutrition Assistance Program)?",Food Stamps (SNAP),response_format_mismatch,related_but_distinct,high,high,"Both questions address SNAP participation at the household level, but they fundamentally differ in what they measure. Question A asks for a COUNT of EBT cards issued (a quantitative measure of program enrollment intensity), while Question B asks for a YES/NO indicator of whether any household member received benefits (a binary participation measure). Even with aligned reference periods, these capture different dimensions of SNAP engagement—one measures multiple enrollments, the other measures any enrollment.","Question A asks for a current count of EBT cards issued to people at the address (no time frame specified), whereas Question B asks a binary yes/no about receipt of SNAP benefits in the past 12 months. They differ in the specific construct measured (number of cards vs receipt of benefits), response format (numeric count vs yes/no), and reference period, so they are related but ask distinct things.",no,partial,not specified,not specified,past 12 months,past 12 months,False
FOODAPS_0586,FOODAPS_93,You said there is one [FILL IN STATE SNAP NAME] card in this household. Now we will ask about who in the household is assigned to the EBT card. Select the names of the people below that receive [FILL SNAP] benefits together under that EBT card,ACS_54,"IN THE PAST 12 MONTHS, did you or any member of this household receive benefits from the Food Stamp Program or SNAP (the Supplemental Nutrition Assistance Program)?",Food Stamps (SNAP),related_but_distinct,related_but_distinct,high,high,"While both questions address SNAP benefits, they measure fundamentally different constructs. Question A identifies which household members are currently assigned to a specific EBT card (roster/administrative identification), whereas Question B asks about receipt of SNAP benefits at any point in the past 12 months (prevalence). Question A assumes the existence of an EBT card and requires person-level identification, while Question B is a household-level yes/no screener about benefit receipt. These serve distinct analytical purposes and cannot be used interchangeably.","Question A asks which specific household members are assigned to a particular EBT card (person-level mapping) and does not specify a time frame. Question B is a household-level yes/no about any receipt of SNAP benefits in the past 12 months. They address the same topic (SNAP) but ask different, non-equivalent specifics (assignment/which people vs. whether any receipt over a defined reference period).",no,no,not specified,not specified,past 12 months,past 12 months,True
FOODAPS_0587,FOODAPS_94,You said there are two [FILL IN STATE SNAP NAME] cards in this household. Now we will ask about who in the household is assigned to the two EBT cards. Select the names of the people below that receive [FILL SNAP] benefits together under those two EBT cards.,ACS_54,"IN THE PAST 12 MONTHS, did you or any member of this household receive benefits from the Food Stamp Program or SNAP (the Supplemental Nutrition Assistance Program)?",Food Stamps (SNAP),related_but_distinct,related_but_distinct,high,high,"Both questions address SNAP participation but serve fundamentally different purposes. Question A assumes SNAP receipt is already confirmed and asks for identification of specific household members assigned to particular EBT cards—a roster/administrative question. Question B is a screener asking whether any household member received SNAP benefits in the past 12 months, requiring a yes/no determination of eligibility/participation. Question A cannot replace Question B as it presupposes SNAP enrollment, and Question B cannot replace Question A as it provides no detail on individual card assignments or benefit distribution.","Question A asks which specific household members are assigned to two EBT cards (an identification/membership task) and does not specify a time frame, while Question B is a household-level yes/no about any SNAP receipt in the past 12 months. They cover the same general topic (SNAP benefits) but ask different, non-equivalent specifics (person-level assignment vs. a past-12-month receipt indicator).",no,no,not specified,not specified,past 12 months,past 12 months,True
FOODAPS_0588,FOODAPS_95,You said there are three or more [FILL IN STATE SNAP NAME] cards in this household. Now we will ask about who in the household is assigned to the first three EBT cards. Select the names of the people below that receive [FILL SNAP] benefits together under the first three EBT cards.,ACS_54,"IN THE PAST 12 MONTHS, did you or any member of this household receive benefits from the Food Stamp Program or SNAP (the Supplemental Nutrition Assistance Program)?",Food Stamps (SNAP),related_but_distinct,related_but_distinct,high,high,"Question A asks respondents to identify specific household members assigned to the first three EBT cards among households with 3+ cards, requiring detailed roster information about benefit recipients. Question B asks a simple yes/no household-level question about whether anyone received SNAP benefits in the past 12 months. These serve different analytical purposes: Question A enables person-level benefit unit analysis while Question B establishes household SNAP participation status. The questions cannot be used interchangeably despite both concerning SNAP.","Question A asks which household members are assigned to the first three EBT/SNAP cards (i.e., card-level assignment/grouping) and contains no explicit time frame, while Question B asks a household-level yes/no about any receipt of SNAP benefits in the past 12 months. The content, granularity, and response formats differ (member-selection per card vs. a binary past-12-month receipt), so they are on the same topic but ask different specific information.",no,no,not specified,not specified,past 12 months,past 12 months,True
FOODAPS_0589,FOODAPS_96,On what date did [you/you and names of SNAP group 1 from B1ba ] last receive [FILL IN STATE SNAP NAME] benefits?,ACS_54,"IN THE PAST 12 MONTHS, did you or any member of this household receive benefits from the Food Stamp Program or SNAP (the Supplemental Nutrition Assistance Program)?",Food Stamps (SNAP),reference_period_mismatch,response_format_mismatch,high,high,"Both questions measure SNAP receipt and use identical program terminology, but differ fundamentally in reference periods. Question A asks for the date of last benefit receipt without specifying a lookback window, while Question B uses a fixed 12-month reference period. Question A captures recency of last receipt (potentially lifetime), whereas Question B captures any receipt within the past year—these answer different temporal questions about SNAP participation.","Both questions ask about receipt of SNAP/food benefits, but Question A requests the specific date of last receipt (a date response with no explicit time window) while Question B asks for a yes/no about receipt within the past 12 months. This creates a mismatch in response format (date vs binary) and an implicit reference-period difference (A is open-ended/unspecified vs B's explicit 12-month window).",partial,partial,"last receipt of benefits (specific date, undefined lookback period)",not specified (asks for date of last receipt),past 12 months,past 12 months,False
FOODAPS_0590,FOODAPS_97,How many dollars were put on your EBT card the last time you received [FILL IN STATE SNAP NAME] benefits?,ACS_54,"IN THE PAST 12 MONTHS, did you or any member of this household receive benefits from the Food Stamp Program or SNAP (the Supplemental Nutrition Assistance Program)?",Food Stamps (SNAP),response_format_mismatch,related_but_distinct,high,high,"Both questions address SNAP receipt but measure fundamentally different constructs. Question A asks for a specific dollar amount from the most recent benefit issuance, assuming prior SNAP receipt, while Question B asks a yes/no screening question about any receipt in the past 12 months. Question A cannot be answered by non-recipients and measures benefit amount rather than participation status. These questions serve different purposes: B identifies recipients, A quantifies recent benefit levels for those already identified.","Question A asks for the dollar amount loaded to an individual’s EBT card at the most recent receipt event, while Question B is a household-level yes/no screen about any SNAP receipt within the past 12 months. They cover the same broad topic (SNAP) but differ in unit (individual transaction amount vs household receipt indicator), response format (numeric amount vs binary), and explicit reference period. Because they ask different specific information, they are related but not equivalent.",no,no,last time received benefits (most recent occurrence),last time benefits were received (most recent receipt; not a fixed calendar period),past 12 months,past 12 months,False
FOODAPS_0591,FOODAPS_98,"Is that the amount usually added each month, more than the usual amount, or less than the usual amount?",ACS_54,"IN THE PAST 12 MONTHS, did you or any member of this household receive benefits from the Food Stamp Program or SNAP (the Supplemental Nutrition Assistance Program)?",Food Stamps (SNAP),not_comparable,related_but_distinct,high,high,"Question A asks about the typical monthly amount of SNAP benefits added to an account (comparing usual vs. unusual amounts), while Question B asks whether the household received any SNAP benefits in the past 12 months. These are fundamentally different questions: one measures benefit variability/timing for current recipients, the other measures participation status. Question A presupposes SNAP receipt and asks about amount patterns, while Question B is a binary participation question.","Question A asks whether the amount added each month is the usual amount, more, or less (a comparison of monthly amounts), while Question B asks a binary yes/no about receipt of SNAP benefits in the past 12 months. They address the same general topic (SNAP/food stamps) but ask fundamentally different specifics and elicit different response formats and information.",no,no,not specified (appears to refer to ongoing/monthly),each month,past 12 months,past 12 months,False
FOODAPS_0592,FOODAPS_99,"Is that the amount usually added each month, more than the usual amount, or less than the usual amount?",ACS_54,"IN THE PAST 12 MONTHS, did you or any member of this household receive benefits from the Food Stamp Program or SNAP (the Supplemental Nutrition Assistance Program)?",Food Stamps (SNAP),not_comparable,related_but_distinct,high,high,"These questions address fundamentally different aspects of SNAP participation. Question A asks about the typical monthly amount of SNAP benefits received (relative to usual amounts), while Question B asks whether the household received any SNAP benefits at all during a 12-month period. Question A presupposes SNAP receipt and seeks to characterize variability in benefit amounts, whereas Question B is a basic eligibility/receipt screener.","Question A asks whether an amount is the usual monthly amount (i.e., a habitual/monthly comparison about benefit amounts), whereas Question B asks a yes/no about any receipt of SNAP benefits over the past 12 months. They address the same topical domain (SNAP/food stamps) but ask different specific constructs and use different time frames/response focuses.",no,partial,not specified (refers to monthly pattern),each month (habitual/usual),past 12 months,past 12 months,False
FOODAPS_0593,FOODAPS_100,[Have you/Has anyone at this address] ever received benefits from SNAP?,ACS_54,"IN THE PAST 12 MONTHS, did you or any member of this household receive benefits from the Food Stamp Program or SNAP (the Supplemental Nutrition Assistance Program)?",Food Stamps (SNAP),reference_period_mismatch,reference_period_mismatch,high,high,"Both questions ask about SNAP receipt and use identical response formats (yes/no), making them measure the same core concept. However, Question A asks about ever receiving SNAP benefits (lifetime prevalence), while Question B specifies a 12-month lookback period (current/recent prevalence). This temporal difference means the questions capture different populations—Question A would include anyone with any historical SNAP use, while Question B captures only recent recipients.","Both questions ask whether the respondent or household members received SNAP/Food Stamp benefits and use the same household referent, but Question A asks about ever (lifetime) receipt while Question B limits to the past 12 months. This difference in reference period changes the measure (lifetime prevalence vs. 12-month prevalence) even though response formats are both yes/no and program naming is equivalent.",no,no,not specified (lifetime/ever),ever,past 12 months,past 12 months,True
FOODAPS_0594,FOODAPS_101,Did (you/anyone at this address) receive benefits from SNAP in the last 12 months?,ACS_54,"IN THE PAST 12 MONTHS, did you or any member of this household receive benefits from the Food Stamp Program or SNAP (the Supplemental Nutrition Assistance Program)?",Food Stamps (SNAP),near_duplicate,exact_duplicate,high,high,"Both questions ask about SNAP/Food Stamp receipt over an identical 12-month period with functionally equivalent household-level scope (you/anyone at address vs. you or any household member). The only substantive difference is that Question B explicitly names both 'Food Stamp Program' and 'SNAP' while Question A uses only 'SNAP,' but this is a minor terminology variation that does not affect meaning. Both use yes/no response format.","Both questions ask the same yes/no core concept — whether the respondent or any other household/member at the same living unit received SNAP/Food Stamp benefits — and use the same 12-month reference period. Differences are only minor wording (""anyone at this address"" vs ""any member of this household"" and explicit naming of ""Food Stamp Program or SNAP"" in B) that do not change the meaning or respondent universe.",yes,yes,last 12 months,last 12 months,past 12 months,past 12 months,False
FOODAPS_0595,FOODAPS_102,Select the names of the people below that received benefits from SNAP during the last 12 months.,ACS_54,"IN THE PAST 12 MONTHS, did you or any member of this household receive benefits from the Food Stamp Program or SNAP (the Supplemental Nutrition Assistance Program)?",Food Stamps (SNAP),near_duplicate,response_format_mismatch,high,high,"Both questions ask about SNAP/Food Stamp receipt over an identical 12-month reference period and cover the same population (household members). The primary difference is response format: Question A uses a roster selection method (naming specific household members), while Question B uses a yes/no household-level format. This structural difference is minor and does not substantively change the core concept being measured.","Both questions ask about receipt of SNAP/Food Stamp benefits over the same 12-month period and thus measure the same concept, but Question A elicits which specific household members received benefits (person-level selection) while Question B elicits a household-level yes/no about any member receiving benefits. That difference in response format (identifying individuals vs. a binary household indicator) changes the data produced and how it can be used.",partial,no,last 12 months,last 12 months,past 12 months,past 12 months,False
FOODAPS_0596,FOODAPS_103,On what date did [you/someone at this address] last receive benefits from SNAP?,ACS_54,"IN THE PAST 12 MONTHS, did you or any member of this household receive benefits from the Food Stamp Program or SNAP (the Supplemental Nutrition Assistance Program)?",Food Stamps (SNAP),reference_period_mismatch,reference_period_mismatch,high,high,"Both questions ask about SNAP/Food Stamp receipt and use identical program terminology, but differ fundamentally in their reference periods. Question A asks for the specific date of last benefit receipt with no time boundary, while Question B uses a defined 12-month lookback window. Question A captures lifetime/indefinite SNAP history, whereas Question B is bounded to the past year, making them unsuitable as direct equivalents despite measuring the same program.","Question A requests the specific date of the last SNAP benefit receipt and does not specify a time window, while Question B asks a yes/no about receipt within the past 12 months. They therefore differ in reference period (A could be any time in the past versus B explicitly limited to the past 12 months) and also differ in response format (date vs yes/no), but the primary incompatibility is the time-frame mismatch. ",partial,no,"last receipt of benefits (open-ended, could be any time in past)",not specified,past 12 months,past 12 months,True
FOODAPS_0597,FOODAPS_104,How many dollars were put on the SNAP EBT card at that time?,ACS_54,"IN THE PAST 12 MONTHS, did you or any member of this household receive benefits from the Food Stamp Program or SNAP (the Supplemental Nutrition Assistance Program)?",Food Stamps (SNAP),response_format_mismatch,related_but_distinct,high,high,"Both questions address SNAP/Food Stamps benefits, but Question A asks for a specific dollar amount received on an EBT card at a particular time, while Question B asks a yes/no question about receipt of benefits during the past 12 months. The response formats are fundamentally different (continuous/amount vs. binary), and Question A appears to reference a specific timepoint rather than a period. Question B establishes whether SNAP was received; Question A measures the amount conditional on receipt.","Question A asks for a dollar amount loaded onto an individual's SNAP EBT card at a specific (unspecified) time, while Question B asks a household-level yes/no about receiving SNAP benefits in the past 12 months. They differ in measurement unit (continuous dollar amount vs binary receipt), reference period (A unspecified vs B = past 12 months), and respondent scope (individual transaction vs any household member).",partial,no,not specified (appears to reference a specific point in time),not specified,past 12 months,past 12 months,False
FOODAPS_0598,FOODAPS_105,Are you/Is anyone in your household now receiving benefits from WIC?,ACS_54,"IN THE PAST 12 MONTHS, did you or any member of this household receive benefits from the Food Stamp Program or SNAP (the Supplemental Nutrition Assistance Program)?",Food Stamps (SNAP),not_comparable,related_but_distinct,high,high,"These questions ask about different federal nutrition assistance programs: Question A asks about WIC (Women, Infants, and Children), while Question B asks about SNAP/Food Stamps. Although both are nutrition assistance programs, they serve different populations and have different eligibility criteria, making them fundamentally distinct concepts despite the similar survey structure. Additionally, they use different reference periods (present vs. past 12 months).","Question A asks about current receipt of WIC benefits (Women, Infants, and Children), whereas Question B asks about receipt of Food Stamp Program/SNAP benefits over the past 12 months; they target different programs and have different reference periods. Because WIC and SNAP are distinct assistance programs, responses are not interchangeable even if both concern food assistance.",no,no,current/present time (now),now (current),past 12 months,past 12 months,False
FOODAPS_0599,FOODAPS_106,"Select the names of the people listed below that currently receive WIC benefits, including infants and children",ACS_54,"IN THE PAST 12 MONTHS, did you or any member of this household receive benefits from the Food Stamp Program or SNAP (the Supplemental Nutrition Assistance Program)?",Food Stamps (SNAP),not_comparable,related_but_distinct,high,high,"These questions ask about fundamentally different programs: Question A asks about WIC (Women, Infants, and Children) benefits, while Question B asks about SNAP/Food Stamps. Although both are federal nutrition assistance programs, they serve different populations, have different eligibility criteria, and serve different purposes. The programs are distinct despite both being food assistance programs.","The questions address different assistance programs and units: Question A asks which listed individuals currently receive WIC (Women, Infants, and Children), while Question B asks whether any household member received SNAP/food stamps in the past 12 months. They also differ in reference period and response format (selecting names vs a household-level yes/no), so they are related by topic but ask distinct things.",no,no,current/present,current (at time of interview),past 12 months,past 12 months,False
FOODAPS_0600,FOODAPS_121,Do you use most of your benefits from [FILL IN STATE SNAP NAME] at [Fill store from C1 or at Fill store from C3]?,ACS_54,"IN THE PAST 12 MONTHS, did you or any member of this household receive benefits from the Food Stamp Program or SNAP (the Supplemental Nutrition Assistance Program)?",Food Stamps (SNAP),related_but_distinct,related_but_distinct,high,high,"Question A asks WHERE benefits are used (store location), while Question B asks WHETHER benefits were received at all. These are fundamentally different constructs—Question A presupposes SNAP participation and seeks behavioral/retail data, while Question B is a screener question establishing receipt status. Question A also lacks a specified reference period, making it impossible to determine temporal alignment even if the concepts were similar.","Question A asks where respondents use most of their SNAP benefits (location/use pattern) and does not specify a time frame. Question B asks whether anyone in the household received SNAP benefits in the past 12 months (receipt, yes/no). They address related subject matter (SNAP) but ask different, non-overlapping specifics (usage location vs. receipt/timeframe).",no,no,not specified,not specified,past 12 months,past 12 months,True
FOODAPS_0601,FOODAPS_122,Where do you do most of your food shopping when using your benefits from [FILL IN STATE SNAP NAME]?,ACS_54,"IN THE PAST 12 MONTHS, did you or any member of this household receive benefits from the Food Stamp Program or SNAP (the Supplemental Nutrition Assistance Program)?",Food Stamps (SNAP),related_but_distinct,related_but_distinct,high,high,"Question A asks WHERE someone shops using SNAP benefits (location/retailer type), while Question B asks WHETHER someone received SNAP benefits at all (yes/no eligibility/receipt). These are fundamentally different constructs—one presumes SNAP receipt and focuses on shopping behavior, the other screens for SNAP participation. They measure different aspects of SNAP engagement despite sharing the same program topic.","Question A asks about where respondents do most of their food shopping when they use SNAP benefits (a behavior/location question, conditional on benefit use). Question B is a household-level yes/no indicator of whether anyone received SNAP in the past 12 months (receipt/timeframe). They address the same general topic (SNAP) but ask different specific things and use different response formats.",no,no,not specified,not specified,past 12 months,past 12 months,True
FOODAPS_0602,FOODAPS_123,"Do you use most of your WIC benefits at [fill from c1, c3, or c3bbb]",ACS_54,"IN THE PAST 12 MONTHS, did you or any member of this household receive benefits from the Food Stamp Program or SNAP (the Supplemental Nutrition Assistance Program)?",Food Stamps (SNAP),not_comparable,related_but_distinct,high,high,"Question A asks about WIC (Women, Infants, and Children) program usage at a specific retailer, while Question B asks about SNAP/Food Stamps receipt. These are distinct federal nutrition assistance programs with different eligibility criteria and purposes. Question A focuses on where benefits are used (retail location), while Question B focuses on program participation. The programs are not interchangeable concepts.","Question A asks about usage of WIC benefits (and implicitly where those benefits are used) for the respondent, while Question B asks whether any household member received SNAP/food stamp benefits in the past 12 months. They address different programs (WIC vs SNAP), different specifics (usage/location vs receipt), and B includes an explicit 12-month reference period that A does not.",no,no,not specified,not specified,past 12 months,past 12 months,False
FOODAPS_0603,FOODAPS_124,Where do you go to shop for most of your WIC items?,ACS_54,"IN THE PAST 12 MONTHS, did you or any member of this household receive benefits from the Food Stamp Program or SNAP (the Supplemental Nutrition Assistance Program)?",Food Stamps (SNAP),not_comparable,related_but_distinct,high,high,"Question A asks about shopping location/behavior for WIC items (a specific program and retailer choice), while Question B asks about receipt of SNAP/Food Stamp benefits (program participation). These measure fundamentally different constructs: where someone shops versus whether they receive benefits from a different program. WIC and SNAP are distinct federal nutrition assistance programs with different eligibility criteria and item restrictions.","Question A asks about where the respondent shops for WIC items (location and WIC-specific shopping behavior), while Question B asks whether anyone received SNAP/Food Stamp benefits in the past 12 months (a yes/no measure of program participation). They concern the general topic of nutrition assistance but target different programs, different constructs (shopping location vs benefit receipt), and different response formats, so they are distinct.",no,no,not specified,not specified,past 12 months,past 12 months,False
FOODAPS_0604,FOODAPS_139,"During the past 30 days, have you or anyone in your household gotten free groceries from a food pantry, food bank, place of worship, or other place that helps with free food?",ACS_54,"IN THE PAST 12 MONTHS, did you or any member of this household receive benefits from the Food Stamp Program or SNAP (the Supplemental Nutrition Assistance Program)?",Food Stamps (SNAP),related_but_distinct,related_but_distinct,high,high,"While both questions address food assistance, they measure fundamentally different programs and delivery mechanisms. Question A asks about emergency food assistance from food pantries/banks (non-cash aid), while Question B specifically targets SNAP benefits (federal cash transfer program). These represent distinct policy interventions with different eligibility criteria, application processes, and data utility despite both falling under 'food assistance' broadly.","Question A asks about receiving free groceries from charitable sources (food pantry, food bank, place of worship), while Question B asks about receipt of SNAP/Food Stamp benefits — two different types of assistance. They also use different reference periods (30 days vs 12 months), making them non-interchangeable.",no,no,past 30 days,past 30 days,past 12 months,past 12 months,True
FOODAPS_0605,FOODAPS_140,"During the past 30 days, have you or anyone in your household received a free meal from a place of worship, shelter, home-delivered meal service like Meals on Wheels, or other place that helps with free meals?",ACS_54,"IN THE PAST 12 MONTHS, did you or any member of this household receive benefits from the Food Stamp Program or SNAP (the Supplemental Nutrition Assistance Program)?",Food Stamps (SNAP),not_comparable,related_but_distinct,high,high,"These questions address fundamentally different aspects of food assistance. Question A asks about receiving free meals from charitable sources (food banks, shelters, religious organizations, meal delivery services), while Question B specifically asks about participation in SNAP, a federal income-support program. Despite both relating to food assistance, they measure distinct constructs: in-kind meal provision versus cash-equivalent benefits. The 30-day versus 12-month difference compounds this distinction.","Question A asks about receipt of free prepared meals from charitable sources in the past 30 days, while Question B asks about receipt of SNAP/Food Stamp benefits in the past 12 months. They target different forms of food assistance (in-kind charitable meals versus government benefit/entitlement for purchasing food) and also use different reference periods, so they are related by topic but measure distinct constructs.",no,no,past 30 days,past 30 days,past 12 months,past 12 months,False
FOODAPS_0606,FOODAPS_276,"Is NAME currently looking for a job, either full or part time?",ACS_111,Has this person been informed that he or she will be recalled to work within the next 6 months OR been given a date to return to work?,Unemployment,related_but_distinct,related_but_distinct,high,high,"While both questions relate to employment status, they measure fundamentally different concepts. Question A asks about active job-seeking behavior (forward-looking intention to find work), while Question B asks about a specific recall status for workers on temporary layoff or leave (a narrower circumstance). Question A would capture unemployed persons seeking work, while Question B only captures those with an established return-to-work date or recall notice, missing most of the unemployed population.","Question A asks whether the person is currently actively looking for work (job-search activity). Question B asks whether the person has been told they will be recalled or given a return date (status of a layoff/expected return), which is a different construct and also references a future 6-month window. The questions therefore address related unemployment themes but capture different states and time orientations.",no,no,current/present time,current (present),next 6 months,next 6 months (future),True
FOODAPS_0607,FOODAPS_276,"Is NAME currently looking for a job, either full or part time?",ACS_113,"LAST WEEK, could this person have started a job if offered one, or returned to work if recalled?",Unemployment,related_but_distinct,related_but_distinct,high,high,"While both questions address employment status and job-seeking behavior, they measure different concepts. Question A asks about active job-seeking behavior (a behavioral action), whereas Question B asks about availability/readiness to work if a job were offered (a conditional capacity). Question A has no explicit time reference while Question B specifies 'last week,' creating a reference period mismatch. These capture distinct dimensions of labor force participation.","Question A asks about active job seeking (whether the person is currently looking for a job). Question B asks about availability last week (could the person have started a job or returned to work if recalled). These are different constructs (job search behavior vs availability to work) and have different reference frames, so they are related to unemployment but not equivalent.",partial,no,not specified (current/ongoing status),currently,last week,last week,True
FOODAPS_0608,FOODAPS_172,"Do you/Does anyone in your household own or lease a vehicle, like a car or truck?",ACS_48,"How many automobiles, vans, and trucks of one-ton capacity or less are kept at home for use by members of this household?",Vehicles,response_format_mismatch,response_format_mismatch,high,high,"Both questions address vehicle ownership/availability in a household, but they ask fundamentally different things in terms of response format and specificity. Question A uses a yes/no binary format asking about ownership or lease status of any vehicle, while Question B asks for a specific count of vehicles meeting particular criteria (automobiles, vans, trucks of one-ton capacity or less). Question A captures binary vehicle availability; Question B captures quantitative vehicle ownership details.","Question A asks a binary existence question about whether any household member owns or leases a vehicle; Question B asks for a numeric count of automobiles/vans/trucks (≤ one-ton) kept at home for household use and includes a size and storage-at-home restriction. The core concept (household vehicles) overlaps, but the response formats differ (yes/no vs count) and B has additional scope restrictions (weight limit, ""kept at home"") that A does not specify.",partial,partial,not specified,not specified,not specified,not specified,True
FOODAPS_0609,FOODAPS_173,How many vehicles do you/does your household own or lease?,ACS_48,"How many automobiles, vans, and trucks of one-ton capacity or less are kept at home for use by members of this household?",Vehicles,related_but_distinct,related_but_distinct,high,high,"Both questions address household vehicle ownership, but Question B explicitly excludes vehicles over one-ton capacity (e.g., large trucks, commercial vehicles) while Question A includes all vehicles owned or leased without such restrictions. Question B also specifies vehicles 'kept at home' and available for household use, whereas Question A simply asks about ownership/lease status without these qualifications. These definitional differences mean the questions would produce different counts for households with larger vehicles or vehicles not kept at home.","Question A asks about all vehicles the household owns or leases (broadly inclusive of vehicle types and focused on ownership/lease status), whereas Question B is limited to automobiles, vans, and trucks of one-ton capacity or less that are kept at home for household members' use. B excludes vehicle types (e.g., motorcycles, RVs, larger trucks), and vehicles not kept at home or not for household members' use, so the two ask about overlapping but different populations of vehicles.",partial,partial,not specified,not specified,not specified,not specified,True
