pair_id,survey_q_id,survey_text,acs_q_id,acs_text,subtopic
FOODAPS_0000,FOODAPS_130,"The following questions are about [FILL IN PRIMARY STORE NAME FROM C1], the store where you buy most of your groceries. How do you usually get to [FILL IN PRIMARY STORE NAME FROM C1]?",ACS_104,At what location did this person work LAST WEEK?,Commute/Commuting
FOODAPS_0001,FOODAPS_130,"The following questions are about [FILL IN PRIMARY STORE NAME FROM C1], the store where you buy most of your groceries. How do you usually get to [FILL IN PRIMARY STORE NAME FROM C1]?",ACS_105,How did this person usually get to work LAST WEEK?,Commute/Commuting
FOODAPS_0002,FOODAPS_130,"The following questions are about [FILL IN PRIMARY STORE NAME FROM C1], the store where you buy most of your groceries. How do you usually get to [FILL IN PRIMARY STORE NAME FROM C1]?",ACS_106,"How many people, including this person, usually rode to work in the car, truck, or van LAST WEEK?",Commute/Commuting
FOODAPS_0003,FOODAPS_130,"The following questions are about [FILL IN PRIMARY STORE NAME FROM C1], the store where you buy most of your groceries. How do you usually get to [FILL IN PRIMARY STORE NAME FROM C1]?",ACS_107,"LAST WEEK, what time did this person’s trip to work usually begin?",Commute/Commuting
FOODAPS_0004,FOODAPS_130,"The following questions are about [FILL IN PRIMARY STORE NAME FROM C1], the store where you buy most of your groceries. How do you usually get to [FILL IN PRIMARY STORE NAME FROM C1]?",ACS_108,How many minutes did it usually take this person to get from home to work LAST WEEK,Commute/Commuting
FOODAPS_0005,FOODAPS_131,How long does it take to go one way from home to [FILL IN PRIMARY STORE NAME FROM C1]?,ACS_104,At what location did this person work LAST WEEK?,Commute/Commuting
FOODAPS_0006,FOODAPS_131,How long does it take to go one way from home to [FILL IN PRIMARY STORE NAME FROM C1]?,ACS_105,How did this person usually get to work LAST WEEK?,Commute/Commuting
FOODAPS_0007,FOODAPS_131,How long does it take to go one way from home to [FILL IN PRIMARY STORE NAME FROM C1]?,ACS_106,"How many people, including this person, usually rode to work in the car, truck, or van LAST WEEK?",Commute/Commuting
FOODAPS_0008,FOODAPS_131,How long does it take to go one way from home to [FILL IN PRIMARY STORE NAME FROM C1]?,ACS_107,"LAST WEEK, what time did this person’s trip to work usually begin?",Commute/Commuting
FOODAPS_0009,FOODAPS_131,How long does it take to go one way from home to [FILL IN PRIMARY STORE NAME FROM C1]?,ACS_108,How many minutes did it usually take this person to get from home to work LAST WEEK,Commute/Commuting
FOODAPS_0010,FOODAPS_132,How much do you usually pay out of pocket for a single one-way trip to [FILL IN PRIMARY STORE NAME FROM C1],ACS_104,At what location did this person work LAST WEEK?,Commute/Commuting
FOODAPS_0011,FOODAPS_132,How much do you usually pay out of pocket for a single one-way trip to [FILL IN PRIMARY STORE NAME FROM C1],ACS_105,How did this person usually get to work LAST WEEK?,Commute/Commuting
FOODAPS_0012,FOODAPS_132,How much do you usually pay out of pocket for a single one-way trip to [FILL IN PRIMARY STORE NAME FROM C1],ACS_106,"How many people, including this person, usually rode to work in the car, truck, or van LAST WEEK?",Commute/Commuting
FOODAPS_0013,FOODAPS_132,How much do you usually pay out of pocket for a single one-way trip to [FILL IN PRIMARY STORE NAME FROM C1],ACS_107,"LAST WEEK, what time did this person’s trip to work usually begin?",Commute/Commuting
FOODAPS_0014,FOODAPS_132,How much do you usually pay out of pocket for a single one-way trip to [FILL IN PRIMARY STORE NAME FROM C1],ACS_108,How many minutes did it usually take this person to get from home to work LAST WEEK,Commute/Commuting
FOODAPS_0015,FOODAPS_201,Do you commute to work at least once a week?  ,ACS_104,At what location did this person work LAST WEEK?,Commute/Commuting
FOODAPS_0016,FOODAPS_201,Do you commute to work at least once a week?  ,ACS_105,How did this person usually get to work LAST WEEK?,Commute/Commuting
FOODAPS_0017,FOODAPS_201,Do you commute to work at least once a week?  ,ACS_106,"How many people, including this person, usually rode to work in the car, truck, or van LAST WEEK?",Commute/Commuting
FOODAPS_0018,FOODAPS_201,Do you commute to work at least once a week?  ,ACS_107,"LAST WEEK, what time did this person’s trip to work usually begin?",Commute/Commuting
FOODAPS_0019,FOODAPS_201,Do you commute to work at least once a week?  ,ACS_108,How many minutes did it usually take this person to get from home to work LAST WEEK,Commute/Commuting
FOODAPS_0020,FOODAPS_202,How long does it usually take you to get from home to work?,ACS_104,At what location did this person work LAST WEEK?,Commute/Commuting
FOODAPS_0021,FOODAPS_202,How long does it usually take you to get from home to work?,ACS_105,How did this person usually get to work LAST WEEK?,Commute/Commuting
FOODAPS_0022,FOODAPS_202,How long does it usually take you to get from home to work?,ACS_106,"How many people, including this person, usually rode to work in the car, truck, or van LAST WEEK?",Commute/Commuting
FOODAPS_0023,FOODAPS_202,How long does it usually take you to get from home to work?,ACS_107,"LAST WEEK, what time did this person’s trip to work usually begin?",Commute/Commuting
FOODAPS_0024,FOODAPS_202,How long does it usually take you to get from home to work?,ACS_108,How many minutes did it usually take this person to get from home to work LAST WEEK,Commute/Commuting
FOODAPS_0025,FOODAPS_203,How long does it usually take you to get from home to work?,ACS_104,At what location did this person work LAST WEEK?,Commute/Commuting
FOODAPS_0026,FOODAPS_203,How long does it usually take you to get from home to work?,ACS_105,How did this person usually get to work LAST WEEK?,Commute/Commuting
FOODAPS_0027,FOODAPS_203,How long does it usually take you to get from home to work?,ACS_106,"How many people, including this person, usually rode to work in the car, truck, or van LAST WEEK?",Commute/Commuting
FOODAPS_0028,FOODAPS_203,How long does it usually take you to get from home to work?,ACS_107,"LAST WEEK, what time did this person’s trip to work usually begin?",Commute/Commuting
FOODAPS_0029,FOODAPS_203,How long does it usually take you to get from home to work?,ACS_108,How many minutes did it usually take this person to get from home to work LAST WEEK,Commute/Commuting
FOODAPS_0030,FOODAPS_204,"For your primary job, how long does it usually take you to get from home to work?",ACS_104,At what location did this person work LAST WEEK?,Commute/Commuting
FOODAPS_0031,FOODAPS_204,"For your primary job, how long does it usually take you to get from home to work?",ACS_105,How did this person usually get to work LAST WEEK?,Commute/Commuting
FOODAPS_0032,FOODAPS_204,"For your primary job, how long does it usually take you to get from home to work?",ACS_106,"How many people, including this person, usually rode to work in the car, truck, or van LAST WEEK?",Commute/Commuting
FOODAPS_0033,FOODAPS_204,"For your primary job, how long does it usually take you to get from home to work?",ACS_107,"LAST WEEK, what time did this person’s trip to work usually begin?",Commute/Commuting
FOODAPS_0034,FOODAPS_204,"For your primary job, how long does it usually take you to get from home to work?",ACS_108,How many minutes did it usually take this person to get from home to work LAST WEEK,Commute/Commuting
FOODAPS_0035,FOODAPS_205,"For your primary job, how long does it usually take you to get from home to work?",ACS_104,At what location did this person work LAST WEEK?,Commute/Commuting
FOODAPS_0036,FOODAPS_205,"For your primary job, how long does it usually take you to get from home to work?",ACS_105,How did this person usually get to work LAST WEEK?,Commute/Commuting
FOODAPS_0037,FOODAPS_205,"For your primary job, how long does it usually take you to get from home to work?",ACS_106,"How many people, including this person, usually rode to work in the car, truck, or van LAST WEEK?",Commute/Commuting
FOODAPS_0038,FOODAPS_205,"For your primary job, how long does it usually take you to get from home to work?",ACS_107,"LAST WEEK, what time did this person’s trip to work usually begin?",Commute/Commuting
FOODAPS_0039,FOODAPS_205,"For your primary job, how long does it usually take you to get from home to work?",ACS_108,How many minutes did it usually take this person to get from home to work LAST WEEK,Commute/Commuting
FOODAPS_0040,FOODAPS_281,Does NAME commute to work at least once a week?  ,ACS_104,At what location did this person work LAST WEEK?,Commute/Commuting
FOODAPS_0041,FOODAPS_281,Does NAME commute to work at least once a week?  ,ACS_105,How did this person usually get to work LAST WEEK?,Commute/Commuting
FOODAPS_0042,FOODAPS_281,Does NAME commute to work at least once a week?  ,ACS_106,"How many people, including this person, usually rode to work in the car, truck, or van LAST WEEK?",Commute/Commuting
FOODAPS_0043,FOODAPS_281,Does NAME commute to work at least once a week?  ,ACS_107,"LAST WEEK, what time did this person’s trip to work usually begin?",Commute/Commuting
FOODAPS_0044,FOODAPS_281,Does NAME commute to work at least once a week?  ,ACS_108,How many minutes did it usually take this person to get from home to work LAST WEEK,Commute/Commuting
FOODAPS_0045,FOODAPS_282,How long does it usually take NAME to get from home to work?,ACS_104,At what location did this person work LAST WEEK?,Commute/Commuting
FOODAPS_0046,FOODAPS_282,How long does it usually take NAME to get from home to work?,ACS_105,How did this person usually get to work LAST WEEK?,Commute/Commuting
FOODAPS_0047,FOODAPS_282,How long does it usually take NAME to get from home to work?,ACS_106,"How many people, including this person, usually rode to work in the car, truck, or van LAST WEEK?",Commute/Commuting
FOODAPS_0048,FOODAPS_282,How long does it usually take NAME to get from home to work?,ACS_107,"LAST WEEK, what time did this person’s trip to work usually begin?",Commute/Commuting
FOODAPS_0049,FOODAPS_282,How long does it usually take NAME to get from home to work?,ACS_108,How many minutes did it usually take this person to get from home to work LAST WEEK,Commute/Commuting
FOODAPS_0050,FOODAPS_283,"For your primary job, how long does it usually take NAME to get from home to work?",ACS_104,At what location did this person work LAST WEEK?,Commute/Commuting
FOODAPS_0051,FOODAPS_283,"For your primary job, how long does it usually take NAME to get from home to work?",ACS_105,How did this person usually get to work LAST WEEK?,Commute/Commuting
FOODAPS_0052,FOODAPS_283,"For your primary job, how long does it usually take NAME to get from home to work?",ACS_106,"How many people, including this person, usually rode to work in the car, truck, or van LAST WEEK?",Commute/Commuting
FOODAPS_0053,FOODAPS_283,"For your primary job, how long does it usually take NAME to get from home to work?",ACS_107,"LAST WEEK, what time did this person’s trip to work usually begin?",Commute/Commuting
FOODAPS_0054,FOODAPS_283,"For your primary job, how long does it usually take NAME to get from home to work?",ACS_108,How many minutes did it usually take this person to get from home to work LAST WEEK,Commute/Commuting
FOODAPS_0055,FOODAPS_183,"Last week, did you do any work for either pay or profit? ",ACS_102,"LAST WEEK, did this person work for pay at a job (or business)?",Employment Status
FOODAPS_0056,FOODAPS_183,"Last week, did you do any work for either pay or profit? ",ACS_103,"LAST WEEK, did this person do ANY work for pay, even for as little as one hour?",Employment Status
FOODAPS_0057,FOODAPS_183,"Last week, did you do any work for either pay or profit? ",ACS_109,"LAST WEEK, was this person on layoff from a job?",Employment Status
FOODAPS_0058,FOODAPS_183,"Last week, did you do any work for either pay or profit? ",ACS_110,"LAST WEEK, was this person TEMPORARILY absent from a job or business?",Employment Status
FOODAPS_0059,FOODAPS_183,"Last week, did you do any work for either pay or profit? ",ACS_114,"When did this person last work, even for a few days?",Employment Status
FOODAPS_0060,FOODAPS_184,"Last week, did you do any work for either pay or profit? ",ACS_102,"LAST WEEK, did this person work for pay at a job (or business)?",Employment Status
FOODAPS_0061,FOODAPS_184,"Last week, did you do any work for either pay or profit? ",ACS_103,"LAST WEEK, did this person do ANY work for pay, even for as little as one hour?",Employment Status
FOODAPS_0062,FOODAPS_184,"Last week, did you do any work for either pay or profit? ",ACS_109,"LAST WEEK, was this person on layoff from a job?",Employment Status
FOODAPS_0063,FOODAPS_184,"Last week, did you do any work for either pay or profit? ",ACS_110,"LAST WEEK, was this person TEMPORARILY absent from a job or business?",Employment Status
FOODAPS_0064,FOODAPS_184,"Last week, did you do any work for either pay or profit? ",ACS_114,"When did this person last work, even for a few days?",Employment Status
FOODAPS_0065,FOODAPS_185,Did you retire before last week?,ACS_102,"LAST WEEK, did this person work for pay at a job (or business)?",Employment Status
FOODAPS_0066,FOODAPS_185,Did you retire before last week?,ACS_103,"LAST WEEK, did this person do ANY work for pay, even for as little as one hour?",Employment Status
FOODAPS_0067,FOODAPS_185,Did you retire before last week?,ACS_109,"LAST WEEK, was this person on layoff from a job?",Employment Status
FOODAPS_0068,FOODAPS_185,Did you retire before last week?,ACS_110,"LAST WEEK, was this person TEMPORARILY absent from a job or business?",Employment Status
FOODAPS_0069,FOODAPS_185,Did you retire before last week?,ACS_114,"When did this person last work, even for a few days?",Employment Status
FOODAPS_0070,FOODAPS_186,Did you retire before last week?,ACS_102,"LAST WEEK, did this person work for pay at a job (or business)?",Employment Status
FOODAPS_0071,FOODAPS_186,Did you retire before last week?,ACS_103,"LAST WEEK, did this person do ANY work for pay, even for as little as one hour?",Employment Status
FOODAPS_0072,FOODAPS_186,Did you retire before last week?,ACS_109,"LAST WEEK, was this person on layoff from a job?",Employment Status
FOODAPS_0073,FOODAPS_186,Did you retire before last week?,ACS_110,"LAST WEEK, was this person TEMPORARILY absent from a job or business?",Employment Status
FOODAPS_0074,FOODAPS_186,Did you retire before last week?,ACS_114,"When did this person last work, even for a few days?",Employment Status
FOODAPS_0075,FOODAPS_191,What is the main reason you did not work last week?,ACS_102,"LAST WEEK, did this person work for pay at a job (or business)?",Employment Status
FOODAPS_0076,FOODAPS_191,What is the main reason you did not work last week?,ACS_103,"LAST WEEK, did this person do ANY work for pay, even for as little as one hour?",Employment Status
FOODAPS_0077,FOODAPS_191,What is the main reason you did not work last week?,ACS_109,"LAST WEEK, was this person on layoff from a job?",Employment Status
FOODAPS_0078,FOODAPS_191,What is the main reason you did not work last week?,ACS_110,"LAST WEEK, was this person TEMPORARILY absent from a job or business?",Employment Status
FOODAPS_0079,FOODAPS_191,What is the main reason you did not work last week?,ACS_114,"When did this person last work, even for a few days?",Employment Status
FOODAPS_0080,FOODAPS_192,What is the main reason you did not work last week?,ACS_102,"LAST WEEK, did this person work for pay at a job (or business)?",Employment Status
FOODAPS_0081,FOODAPS_192,What is the main reason you did not work last week?,ACS_103,"LAST WEEK, did this person do ANY work for pay, even for as little as one hour?",Employment Status
FOODAPS_0082,FOODAPS_192,What is the main reason you did not work last week?,ACS_109,"LAST WEEK, was this person on layoff from a job?",Employment Status
FOODAPS_0083,FOODAPS_192,What is the main reason you did not work last week?,ACS_110,"LAST WEEK, was this person TEMPORARILY absent from a job or business?",Employment Status
FOODAPS_0084,FOODAPS_192,What is the main reason you did not work last week?,ACS_114,"When did this person last work, even for a few days?",Employment Status
FOODAPS_0085,FOODAPS_193,"Are you currently looking for a job, either full or part time?",ACS_102,"LAST WEEK, did this person work for pay at a job (or business)?",Employment Status
FOODAPS_0086,FOODAPS_193,"Are you currently looking for a job, either full or part time?",ACS_103,"LAST WEEK, did this person do ANY work for pay, even for as little as one hour?",Employment Status
FOODAPS_0087,FOODAPS_193,"Are you currently looking for a job, either full or part time?",ACS_109,"LAST WEEK, was this person on layoff from a job?",Employment Status
FOODAPS_0088,FOODAPS_193,"Are you currently looking for a job, either full or part time?",ACS_110,"LAST WEEK, was this person TEMPORARILY absent from a job or business?",Employment Status
FOODAPS_0089,FOODAPS_193,"Are you currently looking for a job, either full or part time?",ACS_114,"When did this person last work, even for a few days?",Employment Status
FOODAPS_0090,FOODAPS_195,Did you work for pay or profit for more than one employer last week?,ACS_102,"LAST WEEK, did this person work for pay at a job (or business)?",Employment Status
FOODAPS_0091,FOODAPS_195,Did you work for pay or profit for more than one employer last week?,ACS_103,"LAST WEEK, did this person do ANY work for pay, even for as little as one hour?",Employment Status
FOODAPS_0092,FOODAPS_195,Did you work for pay or profit for more than one employer last week?,ACS_109,"LAST WEEK, was this person on layoff from a job?",Employment Status
FOODAPS_0093,FOODAPS_195,Did you work for pay or profit for more than one employer last week?,ACS_110,"LAST WEEK, was this person TEMPORARILY absent from a job or business?",Employment Status
FOODAPS_0094,FOODAPS_195,Did you work for pay or profit for more than one employer last week?,ACS_114,"When did this person last work, even for a few days?",Employment Status
FOODAPS_0095,FOODAPS_271,"Last week, did NAME do any work for either pay or profit? ",ACS_102,"LAST WEEK, did this person work for pay at a job (or business)?",Employment Status
FOODAPS_0096,FOODAPS_271,"Last week, did NAME do any work for either pay or profit? ",ACS_103,"LAST WEEK, did this person do ANY work for pay, even for as little as one hour?",Employment Status
FOODAPS_0097,FOODAPS_271,"Last week, did NAME do any work for either pay or profit? ",ACS_109,"LAST WEEK, was this person on layoff from a job?",Employment Status
FOODAPS_0098,FOODAPS_271,"Last week, did NAME do any work for either pay or profit? ",ACS_110,"LAST WEEK, was this person TEMPORARILY absent from a job or business?",Employment Status
FOODAPS_0099,FOODAPS_271,"Last week, did NAME do any work for either pay or profit? ",ACS_114,"When did this person last work, even for a few days?",Employment Status
FOODAPS_0100,FOODAPS_272,Did NAME retire before last week?,ACS_102,"LAST WEEK, did this person work for pay at a job (or business)?",Employment Status
FOODAPS_0101,FOODAPS_272,Did NAME retire before last week?,ACS_103,"LAST WEEK, did this person do ANY work for pay, even for as little as one hour?",Employment Status
FOODAPS_0102,FOODAPS_272,Did NAME retire before last week?,ACS_109,"LAST WEEK, was this person on layoff from a job?",Employment Status
FOODAPS_0103,FOODAPS_272,Did NAME retire before last week?,ACS_110,"LAST WEEK, was this person TEMPORARILY absent from a job or business?",Employment Status
FOODAPS_0104,FOODAPS_272,Did NAME retire before last week?,ACS_114,"When did this person last work, even for a few days?",Employment Status
FOODAPS_0105,FOODAPS_273,Did NAME retire early because of a disability?,ACS_102,"LAST WEEK, did this person work for pay at a job (or business)?",Employment Status
FOODAPS_0106,FOODAPS_273,Did NAME retire early because of a disability?,ACS_103,"LAST WEEK, did this person do ANY work for pay, even for as little as one hour?",Employment Status
FOODAPS_0107,FOODAPS_273,Did NAME retire early because of a disability?,ACS_109,"LAST WEEK, was this person on layoff from a job?",Employment Status
FOODAPS_0108,FOODAPS_273,Did NAME retire early because of a disability?,ACS_110,"LAST WEEK, was this person TEMPORARILY absent from a job or business?",Employment Status
FOODAPS_0109,FOODAPS_273,Did NAME retire early because of a disability?,ACS_114,"When did this person last work, even for a few days?",Employment Status
FOODAPS_0110,FOODAPS_275,What is the main reason NAME did not work last week?,ACS_102,"LAST WEEK, did this person work for pay at a job (or business)?",Employment Status
FOODAPS_0111,FOODAPS_275,What is the main reason NAME did not work last week?,ACS_103,"LAST WEEK, did this person do ANY work for pay, even for as little as one hour?",Employment Status
FOODAPS_0112,FOODAPS_275,What is the main reason NAME did not work last week?,ACS_109,"LAST WEEK, was this person on layoff from a job?",Employment Status
FOODAPS_0113,FOODAPS_275,What is the main reason NAME did not work last week?,ACS_110,"LAST WEEK, was this person TEMPORARILY absent from a job or business?",Employment Status
FOODAPS_0114,FOODAPS_275,What is the main reason NAME did not work last week?,ACS_114,"When did this person last work, even for a few days?",Employment Status
FOODAPS_0115,FOODAPS_163,"Have you ever served on active duty in the U.S. Armed Forces, Reserves, or National Guard?",ACS_98,"Has this person ever served on active duty in the U.S. Armed Forces, Reserves, or National Guard?",Veterans
FOODAPS_0116,FOODAPS_163,"Have you ever served on active duty in the U.S. Armed Forces, Reserves, or National Guard?",ACS_99,When did this person serve on active duty in the U.S. Armed Forces?,Veterans
FOODAPS_0117,FOODAPS_163,"Have you ever served on active duty in the U.S. Armed Forces, Reserves, or National Guard?",ACS_100,Does this person have a VA service-connected disability rating?,Veterans
FOODAPS_0118,FOODAPS_163,"Have you ever served on active duty in the U.S. Armed Forces, Reserves, or National Guard?",ACS_101,What is this person’s service-connected disability rating?,Veterans
FOODAPS_0119,FOODAPS_164,"Have you ever served on active duty in the U.S. Armed Forces, Reserves, or National Guard?",ACS_98,"Has this person ever served on active duty in the U.S. Armed Forces, Reserves, or National Guard?",Veterans
FOODAPS_0120,FOODAPS_164,"Have you ever served on active duty in the U.S. Armed Forces, Reserves, or National Guard?",ACS_99,When did this person serve on active duty in the U.S. Armed Forces?,Veterans
FOODAPS_0121,FOODAPS_164,"Have you ever served on active duty in the U.S. Armed Forces, Reserves, or National Guard?",ACS_100,Does this person have a VA service-connected disability rating?,Veterans
FOODAPS_0122,FOODAPS_164,"Have you ever served on active duty in the U.S. Armed Forces, Reserves, or National Guard?",ACS_101,What is this person’s service-connected disability rating?,Veterans
FOODAPS_0123,FOODAPS_165,"Have you ever served on active duty in the U.S. Armed Forces, Reserves, or National Guard?",ACS_98,"Has this person ever served on active duty in the U.S. Armed Forces, Reserves, or National Guard?",Veterans
FOODAPS_0124,FOODAPS_165,"Have you ever served on active duty in the U.S. Armed Forces, Reserves, or National Guard?",ACS_99,When did this person serve on active duty in the U.S. Armed Forces?,Veterans
FOODAPS_0125,FOODAPS_165,"Have you ever served on active duty in the U.S. Armed Forces, Reserves, or National Guard?",ACS_100,Does this person have a VA service-connected disability rating?,Veterans
FOODAPS_0126,FOODAPS_165,"Have you ever served on active duty in the U.S. Armed Forces, Reserves, or National Guard?",ACS_101,What is this person’s service-connected disability rating?,Veterans
FOODAPS_0127,FOODAPS_166,"Have you ever served on active duty in the U.S. Armed Forces, Reserves, or National Guard?",ACS_98,"Has this person ever served on active duty in the U.S. Armed Forces, Reserves, or National Guard?",Veterans
FOODAPS_0128,FOODAPS_166,"Have you ever served on active duty in the U.S. Armed Forces, Reserves, or National Guard?",ACS_99,When did this person serve on active duty in the U.S. Armed Forces?,Veterans
FOODAPS_0129,FOODAPS_166,"Have you ever served on active duty in the U.S. Armed Forces, Reserves, or National Guard?",ACS_100,Does this person have a VA service-connected disability rating?,Veterans
FOODAPS_0130,FOODAPS_166,"Have you ever served on active duty in the U.S. Armed Forces, Reserves, or National Guard?",ACS_101,What is this person’s service-connected disability rating?,Veterans
FOODAPS_0131,FOODAPS_167,Were you on active duty ONLY FOR TRAINING in the Reserves or National Guard?,ACS_98,"Has this person ever served on active duty in the U.S. Armed Forces, Reserves, or National Guard?",Veterans
FOODAPS_0132,FOODAPS_167,Were you on active duty ONLY FOR TRAINING in the Reserves or National Guard?,ACS_99,When did this person serve on active duty in the U.S. Armed Forces?,Veterans
FOODAPS_0133,FOODAPS_167,Were you on active duty ONLY FOR TRAINING in the Reserves or National Guard?,ACS_100,Does this person have a VA service-connected disability rating?,Veterans
FOODAPS_0134,FOODAPS_167,Were you on active duty ONLY FOR TRAINING in the Reserves or National Guard?,ACS_101,What is this person’s service-connected disability rating?,Veterans
FOODAPS_0135,FOODAPS_168,Were you on active duty ONLY FOR TRAINING in the Reserves or National Guard?,ACS_98,"Has this person ever served on active duty in the U.S. Armed Forces, Reserves, or National Guard?",Veterans
FOODAPS_0136,FOODAPS_168,Were you on active duty ONLY FOR TRAINING in the Reserves or National Guard?,ACS_99,When did this person serve on active duty in the U.S. Armed Forces?,Veterans
FOODAPS_0137,FOODAPS_168,Were you on active duty ONLY FOR TRAINING in the Reserves or National Guard?,ACS_100,Does this person have a VA service-connected disability rating?,Veterans
FOODAPS_0138,FOODAPS_168,Were you on active duty ONLY FOR TRAINING in the Reserves or National Guard?,ACS_101,What is this person’s service-connected disability rating?,Veterans
FOODAPS_0139,FOODAPS_268,"Has NAME ever served on active duty in the U.S. Armed Forces, Reserves, or National Guard?",ACS_98,"Has this person ever served on active duty in the U.S. Armed Forces, Reserves, or National Guard?",Veterans
FOODAPS_0140,FOODAPS_268,"Has NAME ever served on active duty in the U.S. Armed Forces, Reserves, or National Guard?",ACS_99,When did this person serve on active duty in the U.S. Armed Forces?,Veterans
FOODAPS_0141,FOODAPS_268,"Has NAME ever served on active duty in the U.S. Armed Forces, Reserves, or National Guard?",ACS_100,Does this person have a VA service-connected disability rating?,Veterans
FOODAPS_0142,FOODAPS_268,"Has NAME ever served on active duty in the U.S. Armed Forces, Reserves, or National Guard?",ACS_101,What is this person’s service-connected disability rating?,Veterans
FOODAPS_0143,FOODAPS_269,Was Name on active duty ONLY FOR TRAINING in the Reserves or National Guard?,ACS_98,"Has this person ever served on active duty in the U.S. Armed Forces, Reserves, or National Guard?",Veterans
FOODAPS_0144,FOODAPS_269,Was Name on active duty ONLY FOR TRAINING in the Reserves or National Guard?,ACS_99,When did this person serve on active duty in the U.S. Armed Forces?,Veterans
FOODAPS_0145,FOODAPS_269,Was Name on active duty ONLY FOR TRAINING in the Reserves or National Guard?,ACS_100,Does this person have a VA service-connected disability rating?,Veterans
FOODAPS_0146,FOODAPS_269,Was Name on active duty ONLY FOR TRAINING in the Reserves or National Guard?,ACS_101,What is this person’s service-connected disability rating?,Veterans
FOODAPS_0147,FOODAPS_270,Is Name currently on active duty?,ACS_98,"Has this person ever served on active duty in the U.S. Armed Forces, Reserves, or National Guard?",Veterans
FOODAPS_0148,FOODAPS_270,Is Name currently on active duty?,ACS_99,When did this person serve on active duty in the U.S. Armed Forces?,Veterans
FOODAPS_0149,FOODAPS_270,Is Name currently on active duty?,ACS_100,Does this person have a VA service-connected disability rating?,Veterans
FOODAPS_0150,FOODAPS_270,Is Name currently on active duty?,ACS_101,What is this person’s service-connected disability rating?,Veterans
FOODAPS_0151,FOODAPS_250,Does NAME have their own email address?,ACS_45,"At this house, apartment, or mobile home – do you or any member of this household own or use any of the following types of computers?",Computer & Internet Use
FOODAPS_0152,FOODAPS_250,Does NAME have their own email address?,ACS_46,"At this house, apartment, or mobile home – do you or any member of this household have access to the Internet?",Computer & Internet Use
FOODAPS_0153,FOODAPS_250,Does NAME have their own email address?,ACS_47,"Do you or any member of this household have access to the Internet using a – Yes No a. cellular data plan for a smartphone or other mobile device? b. broadband (high speed) Internet service such as cable, fiber optic, or DSL service installed in this household? c. satellite Internet service installed in this household? d. dial-up Internet service installed in this household? e. some other service?",Computer & Internet Use
FOODAPS_0154,FOODAPS_251,What is NAME’s email address?,ACS_45,"At this house, apartment, or mobile home – do you or any member of this household own or use any of the following types of computers?",Computer & Internet Use
FOODAPS_0155,FOODAPS_251,What is NAME’s email address?,ACS_46,"At this house, apartment, or mobile home – do you or any member of this household have access to the Internet?",Computer & Internet Use
FOODAPS_0156,FOODAPS_251,What is NAME’s email address?,ACS_47,"Do you or any member of this household have access to the Internet using a – Yes No a. cellular data plan for a smartphone or other mobile device? b. broadband (high speed) Internet service such as cable, fiber optic, or DSL service installed in this household? c. satellite Internet service installed in this household? d. dial-up Internet service installed in this household? e. some other service?",Computer & Internet Use
FOODAPS_0157,FOODAPS_252,"We can also send updates, notifications, and survey links via text message. Would [Name] like us to contact them by text message?",ACS_45,"At this house, apartment, or mobile home – do you or any member of this household own or use any of the following types of computers?",Computer & Internet Use
FOODAPS_0158,FOODAPS_252,"We can also send updates, notifications, and survey links via text message. Would [Name] like us to contact them by text message?",ACS_46,"At this house, apartment, or mobile home – do you or any member of this household have access to the Internet?",Computer & Internet Use
FOODAPS_0159,FOODAPS_252,"We can also send updates, notifications, and survey links via text message. Would [Name] like us to contact them by text message?",ACS_47,"Do you or any member of this household have access to the Internet using a – Yes No a. cellular data plan for a smartphone or other mobile device? b. broadband (high speed) Internet service such as cable, fiber optic, or DSL service installed in this household? c. satellite Internet service installed in this household? d. dial-up Internet service installed in this household? e. some other service?",Computer & Internet Use
FOODAPS_0160,FOODAPS_253,Please enter the cell phone number where NAME wishes to receive text messages,ACS_45,"At this house, apartment, or mobile home – do you or any member of this household own or use any of the following types of computers?",Computer & Internet Use
FOODAPS_0161,FOODAPS_253,Please enter the cell phone number where NAME wishes to receive text messages,ACS_46,"At this house, apartment, or mobile home – do you or any member of this household have access to the Internet?",Computer & Internet Use
FOODAPS_0162,FOODAPS_253,Please enter the cell phone number where NAME wishes to receive text messages,ACS_47,"Do you or any member of this household have access to the Internet using a – Yes No a. cellular data plan for a smartphone or other mobile device? b. broadband (high speed) Internet service such as cable, fiber optic, or DSL service installed in this household? c. satellite Internet service installed in this household? d. dial-up Internet service installed in this household? e. some other service?",Computer & Internet Use
FOODAPS_0163,FOODAPS_110,Are you/Is anyone in your household currently pregnant,ACS_94,"In the PAST 12 MONTHS, has this person given birth to any children?",Fertility
FOODAPS_0164,FOODAPS_56,What is NAME’s relationship to you?,ACS_21,What is Person 1’s name? How is this person related to Person 1?,Relationship
FOODAPS_0165,FOODAPS_56,What is NAME’s relationship to you?,ACS_26,What is Person 2’s name? How is this person related to Person 1?,Relationship
FOODAPS_0166,FOODAPS_56,What is NAME’s relationship to you?,ACS_31,What is Person 3’s name? How is this person related to Person 1?,Relationship
FOODAPS_0167,FOODAPS_62,Is NAME’s spouse a member of this household?,ACS_21,What is Person 1’s name? How is this person related to Person 1?,Relationship
FOODAPS_0168,FOODAPS_62,Is NAME’s spouse a member of this household?,ACS_26,What is Person 2’s name? How is this person related to Person 1?,Relationship
FOODAPS_0169,FOODAPS_62,Is NAME’s spouse a member of this household?,ACS_31,What is Person 3’s name? How is this person related to Person 1?,Relationship
FOODAPS_0170,FOODAPS_27,What is your race and/or ethnicity? Select all that apply.,ACS_25,What is Person 1’s race?,Race
FOODAPS_0171,FOODAPS_27,What is your race and/or ethnicity? Select all that apply.,ACS_30,What is Person 2’s race?,Race
FOODAPS_0172,FOODAPS_27,What is your race and/or ethnicity? Select all that apply.,ACS_35,What is Person 3’s race?,Race
FOODAPS_0173,FOODAPS_59,What is NAME’s race and/or ethnicity? Select all that apply.,ACS_25,What is Person 1’s race?,Race
FOODAPS_0174,FOODAPS_59,What is NAME’s race and/or ethnicity? Select all that apply.,ACS_30,What is Person 2’s race?,Race
FOODAPS_0175,FOODAPS_59,What is NAME’s race and/or ethnicity? Select all that apply.,ACS_35,What is Person 3’s race?,Race
FOODAPS_0176,FOODAPS_169,Do you/Does your household rent or own your home?,ACS_56,"Is this house, apartment, or mobile home – Mark (X) ONE box. Owned by you or someone in this household with a mortgage or loan? Include home equity loans. Owned by you or someone in this household free and clear (without a mortgage or loan)? Rented? Occupied without payment of rent?",Tenure (Own/Rent)
FOODAPS_0177,FOODAPS_108,There is a program called Medicaid that pays for health care for persons in need. Are you/Is anyone in your household covered by Medicaid?,ACS_81,Is this person CURRENTLY covered by any of the following types of health insurance or health coverage plans?,Health Insurance
FOODAPS_0178,FOODAPS_108,There is a program called Medicaid that pays for health care for persons in need. Are you/Is anyone in your household covered by Medicaid?,ACS_82,Is there a premium for this plan?,Health Insurance
FOODAPS_0179,FOODAPS_108,There is a program called Medicaid that pays for health care for persons in need. Are you/Is anyone in your household covered by Medicaid?,ACS_83,Does this person or another family member receive a tax credit or subsidy based on family income to help pay the premium?,Health Insurance
FOODAPS_0180,FOODAPS_109,Select the names of the people below that are covered by Medicaid.,ACS_81,Is this person CURRENTLY covered by any of the following types of health insurance or health coverage plans?,Health Insurance
FOODAPS_0181,FOODAPS_109,Select the names of the people below that are covered by Medicaid.,ACS_82,Is there a premium for this plan?,Health Insurance
FOODAPS_0182,FOODAPS_109,Select the names of the people below that are covered by Medicaid.,ACS_83,Does this person or another family member receive a tax credit or subsidy based on family income to help pay the premium?,Health Insurance
FOODAPS_0183,FOODAPS_29,"Are you currently married, widowed, divorced, separated, or never married?",ACS_90,What is this person’s marital status?,Marital Status
FOODAPS_0184,FOODAPS_29,"Are you currently married, widowed, divorced, separated, or never married?",ACS_91,In the past 12 MONTHS did this person get  a. Married? b. Widowed? c. Divorced?,Marital Status
FOODAPS_0185,FOODAPS_29,"Are you currently married, widowed, divorced, separated, or never married?",ACS_92,How many times has this person been married?,Marital Status
FOODAPS_0186,FOODAPS_29,"Are you currently married, widowed, divorced, separated, or never married?",ACS_93,In what year did this person last get married?,Marital Status
FOODAPS_0187,FOODAPS_61,"Is NAME currently married, widowed, divorced, separated, or never married?",ACS_90,What is this person’s marital status?,Marital Status
FOODAPS_0188,FOODAPS_61,"Is NAME currently married, widowed, divorced, separated, or never married?",ACS_91,In the past 12 MONTHS did this person get  a. Married? b. Widowed? c. Divorced?,Marital Status
FOODAPS_0189,FOODAPS_61,"Is NAME currently married, widowed, divorced, separated, or never married?",ACS_92,How many times has this person been married?,Marital Status
FOODAPS_0190,FOODAPS_61,"Is NAME currently married, widowed, divorced, separated, or never married?",ACS_93,In what year did this person last get married?,Marital Status
FOODAPS_0191,FOODAPS_194,"Are you currently looking for a job, either full or part time?",ACS_112,"During the LAST 4 WEEKS, has this person been ACTIVELY looking for work?",Labor Force
FOODAPS_0192,FOODAPS_0,01.  The address we have on file appears below. Is this the address where you currently live?,ACS_16,Is there any reason the information from this interview should NOT be used?,Household
FOODAPS_0193,FOODAPS_0,01.  The address we have on file appears below. Is this the address where you currently live?,ACS_17,Why do you think the data should not be used?,Household
FOODAPS_0194,FOODAPS_0,01.  The address we have on file appears below. Is this the address where you currently live?,ACS_18,Please print the name and telephone number of the person who is filling out this form.,Household
FOODAPS_0195,FOODAPS_0,01.  The address we have on file appears below. Is this the address where you currently live?,ACS_69,"Please copy the name of Person 1 from page 2, then continue answering questions below.",Household
FOODAPS_0196,FOODAPS_2,What is your name?,ACS_16,Is there any reason the information from this interview should NOT be used?,Household
FOODAPS_0197,FOODAPS_2,What is your name?,ACS_17,Why do you think the data should not be used?,Household
FOODAPS_0198,FOODAPS_2,What is your name?,ACS_18,Please print the name and telephone number of the person who is filling out this form.,Household
FOODAPS_0199,FOODAPS_2,What is your name?,ACS_69,"Please copy the name of Person 1 from page 2, then continue answering questions below.",Household
FOODAPS_0200,FOODAPS_3,What is your email?,ACS_16,Is there any reason the information from this interview should NOT be used?,Household
FOODAPS_0201,FOODAPS_3,What is your email?,ACS_17,Why do you think the data should not be used?,Household
FOODAPS_0202,FOODAPS_3,What is your email?,ACS_18,Please print the name and telephone number of the person who is filling out this form.,Household
FOODAPS_0203,FOODAPS_3,What is your email?,ACS_69,"Please copy the name of Person 1 from page 2, then continue answering questions below.",Household
FOODAPS_0204,FOODAPS_4,"We can also send updates, notifications, and survey links via text message. Would you like us to contact you by text message?",ACS_16,Is there any reason the information from this interview should NOT be used?,Household
FOODAPS_0205,FOODAPS_4,"We can also send updates, notifications, and survey links via text message. Would you like us to contact you by text message?",ACS_17,Why do you think the data should not be used?,Household
FOODAPS_0206,FOODAPS_4,"We can also send updates, notifications, and survey links via text message. Would you like us to contact you by text message?",ACS_18,Please print the name and telephone number of the person who is filling out this form.,Household
FOODAPS_0207,FOODAPS_4,"We can also send updates, notifications, and survey links via text message. Would you like us to contact you by text message?",ACS_69,"Please copy the name of Person 1 from page 2, then continue answering questions below.",Household
FOODAPS_0208,FOODAPS_5,Please enter the cell phone number where you wish to receive text messages.,ACS_16,Is there any reason the information from this interview should NOT be used?,Household
FOODAPS_0209,FOODAPS_5,Please enter the cell phone number where you wish to receive text messages.,ACS_17,Why do you think the data should not be used?,Household
FOODAPS_0210,FOODAPS_5,Please enter the cell phone number where you wish to receive text messages.,ACS_18,Please print the name and telephone number of the person who is filling out this form.,Household
FOODAPS_0211,FOODAPS_5,Please enter the cell phone number where you wish to receive text messages.,ACS_69,"Please copy the name of Person 1 from page 2, then continue answering questions below.",Household
FOODAPS_0212,FOODAPS_6,"Who lives at [fill address], even if they are not related to you? Please list all the people who will be living at your address over the next week. Include any babies or young children.",ACS_16,Is there any reason the information from this interview should NOT be used?,Household
FOODAPS_0213,FOODAPS_6,"Who lives at [fill address], even if they are not related to you? Please list all the people who will be living at your address over the next week. Include any babies or young children.",ACS_17,Why do you think the data should not be used?,Household
FOODAPS_0214,FOODAPS_6,"Who lives at [fill address], even if they are not related to you? Please list all the people who will be living at your address over the next week. Include any babies or young children.",ACS_18,Please print the name and telephone number of the person who is filling out this form.,Household
FOODAPS_0215,FOODAPS_6,"Who lives at [fill address], even if they are not related to you? Please list all the people who will be living at your address over the next week. Include any babies or young children.",ACS_69,"Please copy the name of Person 1 from page 2, then continue answering questions below.",Household
FOODAPS_0216,FOODAPS_7,"Is there anyone else who USUALLY lives here, but is now away for reasons such as traveling for vacation or for work, in the military, or in the hospital?",ACS_16,Is there any reason the information from this interview should NOT be used?,Household
FOODAPS_0217,FOODAPS_7,"Is there anyone else who USUALLY lives here, but is now away for reasons such as traveling for vacation or for work, in the military, or in the hospital?",ACS_17,Why do you think the data should not be used?,Household
FOODAPS_0218,FOODAPS_7,"Is there anyone else who USUALLY lives here, but is now away for reasons such as traveling for vacation or for work, in the military, or in the hospital?",ACS_18,Please print the name and telephone number of the person who is filling out this form.,Household
FOODAPS_0219,FOODAPS_7,"Is there anyone else who USUALLY lives here, but is now away for reasons such as traveling for vacation or for work, in the military, or in the hospital?",ACS_69,"Please copy the name of Person 1 from page 2, then continue answering questions below.",Household
FOODAPS_0220,FOODAPS_8,"Is there anyone else who lives here, such as a roommate, renter, or person you employ (for example, a babysitter)?",ACS_16,Is there any reason the information from this interview should NOT be used?,Household
FOODAPS_0221,FOODAPS_8,"Is there anyone else who lives here, such as a roommate, renter, or person you employ (for example, a babysitter)?",ACS_17,Why do you think the data should not be used?,Household
FOODAPS_0222,FOODAPS_8,"Is there anyone else who lives here, such as a roommate, renter, or person you employ (for example, a babysitter)?",ACS_18,Please print the name and telephone number of the person who is filling out this form.,Household
FOODAPS_0223,FOODAPS_8,"Is there anyone else who lives here, such as a roommate, renter, or person you employ (for example, a babysitter)?",ACS_69,"Please copy the name of Person 1 from page 2, then continue answering questions below.",Household
FOODAPS_0224,FOODAPS_9,"Please select whether each person listed below will be here for the next [fill] days, away for the next [fill] days or is a guest that is visiting here temporarily.",ACS_16,Is there any reason the information from this interview should NOT be used?,Household
FOODAPS_0225,FOODAPS_9,"Please select whether each person listed below will be here for the next [fill] days, away for the next [fill] days or is a guest that is visiting here temporarily.",ACS_17,Why do you think the data should not be used?,Household
FOODAPS_0226,FOODAPS_9,"Please select whether each person listed below will be here for the next [fill] days, away for the next [fill] days or is a guest that is visiting here temporarily.",ACS_18,Please print the name and telephone number of the person who is filling out this form.,Household
FOODAPS_0227,FOODAPS_9,"Please select whether each person listed below will be here for the next [fill] days, away for the next [fill] days or is a guest that is visiting here temporarily.",ACS_69,"Please copy the name of Person 1 from page 2, then continue answering questions below.",Household
FOODAPS_0228,FOODAPS_10,Do all people in your household share food?,ACS_16,Is there any reason the information from this interview should NOT be used?,Household
FOODAPS_0229,FOODAPS_10,Do all people in your household share food?,ACS_17,Why do you think the data should not be used?,Household
FOODAPS_0230,FOODAPS_10,Do all people in your household share food?,ACS_18,Please print the name and telephone number of the person who is filling out this form.,Household
FOODAPS_0231,FOODAPS_10,Do all people in your household share food?,ACS_69,"Please copy the name of Person 1 from page 2, then continue answering questions below.",Household
FOODAPS_0232,FOODAPS_11,Select the names of the people listed below that share food with each other as a group.,ACS_16,Is there any reason the information from this interview should NOT be used?,Household
FOODAPS_0233,FOODAPS_11,Select the names of the people listed below that share food with each other as a group.,ACS_17,Why do you think the data should not be used?,Household
FOODAPS_0234,FOODAPS_11,Select the names of the people listed below that share food with each other as a group.,ACS_18,Please print the name and telephone number of the person who is filling out this form.,Household
FOODAPS_0235,FOODAPS_11,Select the names of the people listed below that share food with each other as a group.,ACS_69,"Please copy the name of Person 1 from page 2, then continue answering questions below.",Household
FOODAPS_0236,FOODAPS_16,About how much of the meal planning or meal preparation do you do for your household?,ACS_16,Is there any reason the information from this interview should NOT be used?,Household
FOODAPS_0237,FOODAPS_16,About how much of the meal planning or meal preparation do you do for your household?,ACS_17,Why do you think the data should not be used?,Household
FOODAPS_0238,FOODAPS_16,About how much of the meal planning or meal preparation do you do for your household?,ACS_18,Please print the name and telephone number of the person who is filling out this form.,Household
FOODAPS_0239,FOODAPS_16,About how much of the meal planning or meal preparation do you do for your household?,ACS_69,"Please copy the name of Person 1 from page 2, then continue answering questions below.",Household
FOODAPS_0240,FOODAPS_17,About how much of the meal planning or meal preparation do you do for your food sharing group?,ACS_16,Is there any reason the information from this interview should NOT be used?,Household
FOODAPS_0241,FOODAPS_17,About how much of the meal planning or meal preparation do you do for your food sharing group?,ACS_17,Why do you think the data should not be used?,Household
FOODAPS_0242,FOODAPS_17,About how much of the meal planning or meal preparation do you do for your food sharing group?,ACS_18,Please print the name and telephone number of the person who is filling out this form.,Household
FOODAPS_0243,FOODAPS_17,About how much of the meal planning or meal preparation do you do for your food sharing group?,ACS_69,"Please copy the name of Person 1 from page 2, then continue answering questions below.",Household
FOODAPS_0244,FOODAPS_30,Is your spouse a member of this household?,ACS_16,Is there any reason the information from this interview should NOT be used?,Household
FOODAPS_0245,FOODAPS_30,Is your spouse a member of this household?,ACS_17,Why do you think the data should not be used?,Household
FOODAPS_0246,FOODAPS_30,Is your spouse a member of this household?,ACS_18,Please print the name and telephone number of the person who is filling out this form.,Household
FOODAPS_0247,FOODAPS_30,Is your spouse a member of this household?,ACS_69,"Please copy the name of Person 1 from page 2, then continue answering questions below.",Household
FOODAPS_0248,FOODAPS_135,"When in season, do you have a fruit or vegetable garden?",ACS_16,Is there any reason the information from this interview should NOT be used?,Household
FOODAPS_0249,FOODAPS_135,"When in season, do you have a fruit or vegetable garden?",ACS_17,Why do you think the data should not be used?,Household
FOODAPS_0250,FOODAPS_135,"When in season, do you have a fruit or vegetable garden?",ACS_18,Please print the name and telephone number of the person who is filling out this form.,Household
FOODAPS_0251,FOODAPS_135,"When in season, do you have a fruit or vegetable garden?",ACS_69,"Please copy the name of Person 1 from page 2, then continue answering questions below.",Household
FOODAPS_0252,FOODAPS_136,"Do you receive free fruits or vegetables from anyone else’s garden, orchard, or trees?",ACS_16,Is there any reason the information from this interview should NOT be used?,Household
FOODAPS_0253,FOODAPS_136,"Do you receive free fruits or vegetables from anyone else’s garden, orchard, or trees?",ACS_17,Why do you think the data should not be used?,Household
FOODAPS_0254,FOODAPS_136,"Do you receive free fruits or vegetables from anyone else’s garden, orchard, or trees?",ACS_18,Please print the name and telephone number of the person who is filling out this form.,Household
FOODAPS_0255,FOODAPS_136,"Do you receive free fruits or vegetables from anyone else’s garden, orchard, or trees?",ACS_69,"Please copy the name of Person 1 from page 2, then continue answering questions below.",Household
FOODAPS_0256,FOODAPS_248,"Are the following people able and willing to answer additional questions about health, school, work and income for themselves, or will you answer for them? ",ACS_16,Is there any reason the information from this interview should NOT be used?,Household
FOODAPS_0257,FOODAPS_248,"Are the following people able and willing to answer additional questions about health, school, work and income for themselves, or will you answer for them? ",ACS_17,Why do you think the data should not be used?,Household
FOODAPS_0258,FOODAPS_248,"Are the following people able and willing to answer additional questions about health, school, work and income for themselves, or will you answer for them? ",ACS_18,Please print the name and telephone number of the person who is filling out this form.,Household
FOODAPS_0259,FOODAPS_248,"Are the following people able and willing to answer additional questions about health, school, work and income for themselves, or will you answer for them? ",ACS_69,"Please copy the name of Person 1 from page 2, then continue answering questions below.",Household
FOODAPS_0260,FOODAPS_249,"Are the following people able and willing to complete daily surveys about what food they get each day over the next week, or will you answer for them?",ACS_16,Is there any reason the information from this interview should NOT be used?,Household
FOODAPS_0261,FOODAPS_249,"Are the following people able and willing to complete daily surveys about what food they get each day over the next week, or will you answer for them?",ACS_17,Why do you think the data should not be used?,Household
FOODAPS_0262,FOODAPS_249,"Are the following people able and willing to complete daily surveys about what food they get each day over the next week, or will you answer for them?",ACS_18,Please print the name and telephone number of the person who is filling out this form.,Household
FOODAPS_0263,FOODAPS_249,"Are the following people able and willing to complete daily surveys about what food they get each day over the next week, or will you answer for them?",ACS_69,"Please copy the name of Person 1 from page 2, then continue answering questions below.",Household
FOODAPS_0264,FOODAPS_170,"Is your rent/your household’s rent covered fully or in part by the Federal, State, or Local government?  ",ACS_60,What are the annual real estate taxes on THIS property?,"Costs (Mortgage, Taxes, Insurance)"
FOODAPS_0265,FOODAPS_170,"Is your rent/your household’s rent covered fully or in part by the Federal, State, or Local government?  ",ACS_61,"What is the annual payment for fire, hazard, and flood insurance on THIS property?","Costs (Mortgage, Taxes, Insurance)"
FOODAPS_0266,FOODAPS_170,"Is your rent/your household’s rent covered fully or in part by the Federal, State, or Local government?  ",ACS_62,"Do you or any member of this household have a mortgage, deed of trust, contract to purchase, or similar debt on THIS property?","Costs (Mortgage, Taxes, Insurance)"
FOODAPS_0267,FOODAPS_170,"Is your rent/your household’s rent covered fully or in part by the Federal, State, or Local government?  ",ACS_63,How much is the regular monthly mortgage payment on THIS property?,"Costs (Mortgage, Taxes, Insurance)"
FOODAPS_0268,FOODAPS_170,"Is your rent/your household’s rent covered fully or in part by the Federal, State, or Local government?  ",ACS_64,Does the regular monthly mortgage payment include payments for real estate taxes on THIS property?,"Costs (Mortgage, Taxes, Insurance)"
FOODAPS_0269,FOODAPS_170,"Is your rent/your household’s rent covered fully or in part by the Federal, State, or Local government?  ",ACS_65,"Does the regular monthly mortgage payment include payments for fire, hazard, or flood insurance on THIS property?","Costs (Mortgage, Taxes, Insurance)"
FOODAPS_0270,FOODAPS_170,"Is your rent/your household’s rent covered fully or in part by the Federal, State, or Local government?  ",ACS_66,Do you or any member of this household have a second mortgage or a home equity loan on THIS property?,"Costs (Mortgage, Taxes, Insurance)"
FOODAPS_0271,FOODAPS_170,"Is your rent/your household’s rent covered fully or in part by the Federal, State, or Local government?  ",ACS_67,How much is the regular monthly payment on all second or junior mortgages and all home equity loans on THIS property?,"Costs (Mortgage, Taxes, Insurance)"
FOODAPS_0272,FOODAPS_170,"Is your rent/your household’s rent covered fully or in part by the Federal, State, or Local government?  ",ACS_68,"What are the total annual costs for personal property taxes, site rent, registration fees, and license fees on THIS mobile home and its site?","Costs (Mortgage, Taxes, Insurance)"
FOODAPS_0273,FOODAPS_177,Do you/Does your household pay [G1=2: homeowners/G1=1: renters] insurance?,ACS_60,What are the annual real estate taxes on THIS property?,"Costs (Mortgage, Taxes, Insurance)"
FOODAPS_0274,FOODAPS_177,Do you/Does your household pay [G1=2: homeowners/G1=1: renters] insurance?,ACS_61,"What is the annual payment for fire, hazard, and flood insurance on THIS property?","Costs (Mortgage, Taxes, Insurance)"
FOODAPS_0275,FOODAPS_177,Do you/Does your household pay [G1=2: homeowners/G1=1: renters] insurance?,ACS_62,"Do you or any member of this household have a mortgage, deed of trust, contract to purchase, or similar debt on THIS property?","Costs (Mortgage, Taxes, Insurance)"
FOODAPS_0276,FOODAPS_177,Do you/Does your household pay [G1=2: homeowners/G1=1: renters] insurance?,ACS_63,How much is the regular monthly mortgage payment on THIS property?,"Costs (Mortgage, Taxes, Insurance)"
FOODAPS_0277,FOODAPS_177,Do you/Does your household pay [G1=2: homeowners/G1=1: renters] insurance?,ACS_64,Does the regular monthly mortgage payment include payments for real estate taxes on THIS property?,"Costs (Mortgage, Taxes, Insurance)"
FOODAPS_0278,FOODAPS_177,Do you/Does your household pay [G1=2: homeowners/G1=1: renters] insurance?,ACS_65,"Does the regular monthly mortgage payment include payments for fire, hazard, or flood insurance on THIS property?","Costs (Mortgage, Taxes, Insurance)"
FOODAPS_0279,FOODAPS_177,Do you/Does your household pay [G1=2: homeowners/G1=1: renters] insurance?,ACS_66,Do you or any member of this household have a second mortgage or a home equity loan on THIS property?,"Costs (Mortgage, Taxes, Insurance)"
FOODAPS_0280,FOODAPS_177,Do you/Does your household pay [G1=2: homeowners/G1=1: renters] insurance?,ACS_67,How much is the regular monthly payment on all second or junior mortgages and all home equity loans on THIS property?,"Costs (Mortgage, Taxes, Insurance)"
FOODAPS_0281,FOODAPS_177,Do you/Does your household pay [G1=2: homeowners/G1=1: renters] insurance?,ACS_68,"What are the total annual costs for personal property taxes, site rent, registration fees, and license fees on THIS mobile home and its site?","Costs (Mortgage, Taxes, Insurance)"
FOODAPS_0282,FOODAPS_178,How frequently do you/does your household pay for [G1=2: homeowners/G1=1: renters] insurance?,ACS_60,What are the annual real estate taxes on THIS property?,"Costs (Mortgage, Taxes, Insurance)"
FOODAPS_0283,FOODAPS_178,How frequently do you/does your household pay for [G1=2: homeowners/G1=1: renters] insurance?,ACS_61,"What is the annual payment for fire, hazard, and flood insurance on THIS property?","Costs (Mortgage, Taxes, Insurance)"
FOODAPS_0284,FOODAPS_178,How frequently do you/does your household pay for [G1=2: homeowners/G1=1: renters] insurance?,ACS_62,"Do you or any member of this household have a mortgage, deed of trust, contract to purchase, or similar debt on THIS property?","Costs (Mortgage, Taxes, Insurance)"
FOODAPS_0285,FOODAPS_178,How frequently do you/does your household pay for [G1=2: homeowners/G1=1: renters] insurance?,ACS_63,How much is the regular monthly mortgage payment on THIS property?,"Costs (Mortgage, Taxes, Insurance)"
FOODAPS_0286,FOODAPS_178,How frequently do you/does your household pay for [G1=2: homeowners/G1=1: renters] insurance?,ACS_64,Does the regular monthly mortgage payment include payments for real estate taxes on THIS property?,"Costs (Mortgage, Taxes, Insurance)"
FOODAPS_0287,FOODAPS_178,How frequently do you/does your household pay for [G1=2: homeowners/G1=1: renters] insurance?,ACS_65,"Does the regular monthly mortgage payment include payments for fire, hazard, or flood insurance on THIS property?","Costs (Mortgage, Taxes, Insurance)"
FOODAPS_0288,FOODAPS_178,How frequently do you/does your household pay for [G1=2: homeowners/G1=1: renters] insurance?,ACS_66,Do you or any member of this household have a second mortgage or a home equity loan on THIS property?,"Costs (Mortgage, Taxes, Insurance)"
FOODAPS_0289,FOODAPS_178,How frequently do you/does your household pay for [G1=2: homeowners/G1=1: renters] insurance?,ACS_67,How much is the regular monthly payment on all second or junior mortgages and all home equity loans on THIS property?,"Costs (Mortgage, Taxes, Insurance)"
FOODAPS_0290,FOODAPS_178,How frequently do you/does your household pay for [G1=2: homeowners/G1=1: renters] insurance?,ACS_68,"What are the total annual costs for personal property taxes, site rent, registration fees, and license fees on THIS mobile home and its site?","Costs (Mortgage, Taxes, Insurance)"
FOODAPS_0291,FOODAPS_179,Do you/does your household pay real estate or property tax on your home?,ACS_60,What are the annual real estate taxes on THIS property?,"Costs (Mortgage, Taxes, Insurance)"
FOODAPS_0292,FOODAPS_179,Do you/does your household pay real estate or property tax on your home?,ACS_61,"What is the annual payment for fire, hazard, and flood insurance on THIS property?","Costs (Mortgage, Taxes, Insurance)"
FOODAPS_0293,FOODAPS_179,Do you/does your household pay real estate or property tax on your home?,ACS_62,"Do you or any member of this household have a mortgage, deed of trust, contract to purchase, or similar debt on THIS property?","Costs (Mortgage, Taxes, Insurance)"
FOODAPS_0294,FOODAPS_179,Do you/does your household pay real estate or property tax on your home?,ACS_63,How much is the regular monthly mortgage payment on THIS property?,"Costs (Mortgage, Taxes, Insurance)"
FOODAPS_0295,FOODAPS_179,Do you/does your household pay real estate or property tax on your home?,ACS_64,Does the regular monthly mortgage payment include payments for real estate taxes on THIS property?,"Costs (Mortgage, Taxes, Insurance)"
FOODAPS_0296,FOODAPS_179,Do you/does your household pay real estate or property tax on your home?,ACS_65,"Does the regular monthly mortgage payment include payments for fire, hazard, or flood insurance on THIS property?","Costs (Mortgage, Taxes, Insurance)"
FOODAPS_0297,FOODAPS_179,Do you/does your household pay real estate or property tax on your home?,ACS_66,Do you or any member of this household have a second mortgage or a home equity loan on THIS property?,"Costs (Mortgage, Taxes, Insurance)"
FOODAPS_0298,FOODAPS_179,Do you/does your household pay real estate or property tax on your home?,ACS_67,How much is the regular monthly payment on all second or junior mortgages and all home equity loans on THIS property?,"Costs (Mortgage, Taxes, Insurance)"
FOODAPS_0299,FOODAPS_179,Do you/does your household pay real estate or property tax on your home?,ACS_68,"What are the total annual costs for personal property taxes, site rent, registration fees, and license fees on THIS mobile home and its site?","Costs (Mortgage, Taxes, Insurance)"
FOODAPS_0300,FOODAPS_180,How frequently do you/does your household pay for real estate or property tax on your home?,ACS_60,What are the annual real estate taxes on THIS property?,"Costs (Mortgage, Taxes, Insurance)"
FOODAPS_0301,FOODAPS_180,How frequently do you/does your household pay for real estate or property tax on your home?,ACS_61,"What is the annual payment for fire, hazard, and flood insurance on THIS property?","Costs (Mortgage, Taxes, Insurance)"
FOODAPS_0302,FOODAPS_180,How frequently do you/does your household pay for real estate or property tax on your home?,ACS_62,"Do you or any member of this household have a mortgage, deed of trust, contract to purchase, or similar debt on THIS property?","Costs (Mortgage, Taxes, Insurance)"
FOODAPS_0303,FOODAPS_180,How frequently do you/does your household pay for real estate or property tax on your home?,ACS_63,How much is the regular monthly mortgage payment on THIS property?,"Costs (Mortgage, Taxes, Insurance)"
FOODAPS_0304,FOODAPS_180,How frequently do you/does your household pay for real estate or property tax on your home?,ACS_64,Does the regular monthly mortgage payment include payments for real estate taxes on THIS property?,"Costs (Mortgage, Taxes, Insurance)"
FOODAPS_0305,FOODAPS_180,How frequently do you/does your household pay for real estate or property tax on your home?,ACS_65,"Does the regular monthly mortgage payment include payments for fire, hazard, or flood insurance on THIS property?","Costs (Mortgage, Taxes, Insurance)"
FOODAPS_0306,FOODAPS_180,How frequently do you/does your household pay for real estate or property tax on your home?,ACS_66,Do you or any member of this household have a second mortgage or a home equity loan on THIS property?,"Costs (Mortgage, Taxes, Insurance)"
FOODAPS_0307,FOODAPS_180,How frequently do you/does your household pay for real estate or property tax on your home?,ACS_67,How much is the regular monthly payment on all second or junior mortgages and all home equity loans on THIS property?,"Costs (Mortgage, Taxes, Insurance)"
FOODAPS_0308,FOODAPS_180,How frequently do you/does your household pay for real estate or property tax on your home?,ACS_68,"What are the total annual costs for personal property taxes, site rent, registration fees, and license fees on THIS mobile home and its site?","Costs (Mortgage, Taxes, Insurance)"
FOODAPS_0309,FOODAPS_181,How much do you/does your household usually pay for real estate or property tax on your home [insert fill from G8B]?,ACS_60,What are the annual real estate taxes on THIS property?,"Costs (Mortgage, Taxes, Insurance)"
FOODAPS_0310,FOODAPS_181,How much do you/does your household usually pay for real estate or property tax on your home [insert fill from G8B]?,ACS_61,"What is the annual payment for fire, hazard, and flood insurance on THIS property?","Costs (Mortgage, Taxes, Insurance)"
FOODAPS_0311,FOODAPS_181,How much do you/does your household usually pay for real estate or property tax on your home [insert fill from G8B]?,ACS_62,"Do you or any member of this household have a mortgage, deed of trust, contract to purchase, or similar debt on THIS property?","Costs (Mortgage, Taxes, Insurance)"
FOODAPS_0312,FOODAPS_181,How much do you/does your household usually pay for real estate or property tax on your home [insert fill from G8B]?,ACS_63,How much is the regular monthly mortgage payment on THIS property?,"Costs (Mortgage, Taxes, Insurance)"
FOODAPS_0313,FOODAPS_181,How much do you/does your household usually pay for real estate or property tax on your home [insert fill from G8B]?,ACS_64,Does the regular monthly mortgage payment include payments for real estate taxes on THIS property?,"Costs (Mortgage, Taxes, Insurance)"
FOODAPS_0314,FOODAPS_181,How much do you/does your household usually pay for real estate or property tax on your home [insert fill from G8B]?,ACS_65,"Does the regular monthly mortgage payment include payments for fire, hazard, or flood insurance on THIS property?","Costs (Mortgage, Taxes, Insurance)"
FOODAPS_0315,FOODAPS_181,How much do you/does your household usually pay for real estate or property tax on your home [insert fill from G8B]?,ACS_66,Do you or any member of this household have a second mortgage or a home equity loan on THIS property?,"Costs (Mortgage, Taxes, Insurance)"
FOODAPS_0316,FOODAPS_181,How much do you/does your household usually pay for real estate or property tax on your home [insert fill from G8B]?,ACS_67,How much is the regular monthly payment on all second or junior mortgages and all home equity loans on THIS property?,"Costs (Mortgage, Taxes, Insurance)"
FOODAPS_0317,FOODAPS_181,How much do you/does your household usually pay for real estate or property tax on your home [insert fill from G8B]?,ACS_68,"What are the total annual costs for personal property taxes, site rent, registration fees, and license fees on THIS mobile home and its site?","Costs (Mortgage, Taxes, Insurance)"
FOODAPS_0318,FOODAPS_197,"How many hours do you normally work for pay, including paid sick time and paid leave time?",ACS_6,How many hours do you usually work per week at this rate?,"Hours/Week, Weeks/Year"
FOODAPS_0319,FOODAPS_197,"How many hours do you normally work for pay, including paid sick time and paid leave time?",ACS_7,How many hours do you usually work per week at this rate?,"Hours/Week, Weeks/Year"
FOODAPS_0320,FOODAPS_197,"How many hours do you normally work for pay, including paid sick time and paid leave time?",ACS_10,How many hours do you usually work per week at this rate?,"Hours/Week, Weeks/Year"
FOODAPS_0321,FOODAPS_197,"How many hours do you normally work for pay, including paid sick time and paid leave time?",ACS_11,How many hours do you usually work per week at this rate?,"Hours/Week, Weeks/Year"
FOODAPS_0322,FOODAPS_197,"How many hours do you normally work for pay, including paid sick time and paid leave time?",ACS_12,What is your best estimate of the number of hours per week you usually work at this rate?,"Hours/Week, Weeks/Year"
FOODAPS_0323,FOODAPS_197,"How many hours do you normally work for pay, including paid sick time and paid leave time?",ACS_115,"During the PAST 12 MONTHS (52 weeks), did this person work EVERY week? Count paid vacation, paid sick leave, and military service as work","Hours/Week, Weeks/Year"
FOODAPS_0324,FOODAPS_197,"How many hours do you normally work for pay, including paid sick time and paid leave time?",ACS_116,"During the PAST 12 MONTHS (52 weeks), how many WEEKS did this person work? Include paid time off and include weeks when the person only worked for a few hours.","Hours/Week, Weeks/Year"
FOODAPS_0325,FOODAPS_197,"How many hours do you normally work for pay, including paid sick time and paid leave time?",ACS_117,"During the PAST 12 MONTHS, in the WEEKS WORKED, how many hours did this person usually work each WEEK?","Hours/Week, Weeks/Year"
FOODAPS_0326,FOODAPS_198,"How many hours do you normally work for pay, including paid sick time and paid leave time?",ACS_6,How many hours do you usually work per week at this rate?,"Hours/Week, Weeks/Year"
FOODAPS_0327,FOODAPS_198,"How many hours do you normally work for pay, including paid sick time and paid leave time?",ACS_7,How many hours do you usually work per week at this rate?,"Hours/Week, Weeks/Year"
FOODAPS_0328,FOODAPS_198,"How many hours do you normally work for pay, including paid sick time and paid leave time?",ACS_10,How many hours do you usually work per week at this rate?,"Hours/Week, Weeks/Year"
FOODAPS_0329,FOODAPS_198,"How many hours do you normally work for pay, including paid sick time and paid leave time?",ACS_11,How many hours do you usually work per week at this rate?,"Hours/Week, Weeks/Year"
FOODAPS_0330,FOODAPS_198,"How many hours do you normally work for pay, including paid sick time and paid leave time?",ACS_12,What is your best estimate of the number of hours per week you usually work at this rate?,"Hours/Week, Weeks/Year"
FOODAPS_0331,FOODAPS_198,"How many hours do you normally work for pay, including paid sick time and paid leave time?",ACS_115,"During the PAST 12 MONTHS (52 weeks), did this person work EVERY week? Count paid vacation, paid sick leave, and military service as work","Hours/Week, Weeks/Year"
FOODAPS_0332,FOODAPS_198,"How many hours do you normally work for pay, including paid sick time and paid leave time?",ACS_116,"During the PAST 12 MONTHS (52 weeks), how many WEEKS did this person work? Include paid time off and include weeks when the person only worked for a few hours.","Hours/Week, Weeks/Year"
FOODAPS_0333,FOODAPS_198,"How many hours do you normally work for pay, including paid sick time and paid leave time?",ACS_117,"During the PAST 12 MONTHS, in the WEEKS WORKED, how many hours did this person usually work each WEEK?","Hours/Week, Weeks/Year"
FOODAPS_0334,FOODAPS_199,What shift or shifts do you work? Select all that apply,ACS_6,How many hours do you usually work per week at this rate?,"Hours/Week, Weeks/Year"
FOODAPS_0335,FOODAPS_199,What shift or shifts do you work? Select all that apply,ACS_7,How many hours do you usually work per week at this rate?,"Hours/Week, Weeks/Year"
FOODAPS_0336,FOODAPS_199,What shift or shifts do you work? Select all that apply,ACS_10,How many hours do you usually work per week at this rate?,"Hours/Week, Weeks/Year"
FOODAPS_0337,FOODAPS_199,What shift or shifts do you work? Select all that apply,ACS_11,How many hours do you usually work per week at this rate?,"Hours/Week, Weeks/Year"
FOODAPS_0338,FOODAPS_199,What shift or shifts do you work? Select all that apply,ACS_12,What is your best estimate of the number of hours per week you usually work at this rate?,"Hours/Week, Weeks/Year"
FOODAPS_0339,FOODAPS_199,What shift or shifts do you work? Select all that apply,ACS_115,"During the PAST 12 MONTHS (52 weeks), did this person work EVERY week? Count paid vacation, paid sick leave, and military service as work","Hours/Week, Weeks/Year"
FOODAPS_0340,FOODAPS_199,What shift or shifts do you work? Select all that apply,ACS_116,"During the PAST 12 MONTHS (52 weeks), how many WEEKS did this person work? Include paid time off and include weeks when the person only worked for a few hours.","Hours/Week, Weeks/Year"
FOODAPS_0341,FOODAPS_199,What shift or shifts do you work? Select all that apply,ACS_117,"During the PAST 12 MONTHS, in the WEEKS WORKED, how many hours did this person usually work each WEEK?","Hours/Week, Weeks/Year"
FOODAPS_0342,FOODAPS_200,What shift or shifts do you work across all  jobs? Select all that apply.,ACS_6,How many hours do you usually work per week at this rate?,"Hours/Week, Weeks/Year"
FOODAPS_0343,FOODAPS_200,What shift or shifts do you work across all  jobs? Select all that apply.,ACS_7,How many hours do you usually work per week at this rate?,"Hours/Week, Weeks/Year"
FOODAPS_0344,FOODAPS_200,What shift or shifts do you work across all  jobs? Select all that apply.,ACS_10,How many hours do you usually work per week at this rate?,"Hours/Week, Weeks/Year"
FOODAPS_0345,FOODAPS_200,What shift or shifts do you work across all  jobs? Select all that apply.,ACS_11,How many hours do you usually work per week at this rate?,"Hours/Week, Weeks/Year"
FOODAPS_0346,FOODAPS_200,What shift or shifts do you work across all  jobs? Select all that apply.,ACS_12,What is your best estimate of the number of hours per week you usually work at this rate?,"Hours/Week, Weeks/Year"
FOODAPS_0347,FOODAPS_200,What shift or shifts do you work across all  jobs? Select all that apply.,ACS_115,"During the PAST 12 MONTHS (52 weeks), did this person work EVERY week? Count paid vacation, paid sick leave, and military service as work","Hours/Week, Weeks/Year"
FOODAPS_0348,FOODAPS_200,What shift or shifts do you work across all  jobs? Select all that apply.,ACS_116,"During the PAST 12 MONTHS (52 weeks), how many WEEKS did this person work? Include paid time off and include weeks when the person only worked for a few hours.","Hours/Week, Weeks/Year"
FOODAPS_0349,FOODAPS_200,What shift or shifts do you work across all  jobs? Select all that apply.,ACS_117,"During the PAST 12 MONTHS, in the WEEKS WORKED, how many hours did this person usually work each WEEK?","Hours/Week, Weeks/Year"
FOODAPS_0350,FOODAPS_278,"On average about how many hours does NAME normally work (and get paid) per week, including paid sick time and paid leave time?",ACS_6,How many hours do you usually work per week at this rate?,"Hours/Week, Weeks/Year"
FOODAPS_0351,FOODAPS_278,"On average about how many hours does NAME normally work (and get paid) per week, including paid sick time and paid leave time?",ACS_7,How many hours do you usually work per week at this rate?,"Hours/Week, Weeks/Year"
FOODAPS_0352,FOODAPS_278,"On average about how many hours does NAME normally work (and get paid) per week, including paid sick time and paid leave time?",ACS_10,How many hours do you usually work per week at this rate?,"Hours/Week, Weeks/Year"
FOODAPS_0353,FOODAPS_278,"On average about how many hours does NAME normally work (and get paid) per week, including paid sick time and paid leave time?",ACS_11,How many hours do you usually work per week at this rate?,"Hours/Week, Weeks/Year"
FOODAPS_0354,FOODAPS_278,"On average about how many hours does NAME normally work (and get paid) per week, including paid sick time and paid leave time?",ACS_12,What is your best estimate of the number of hours per week you usually work at this rate?,"Hours/Week, Weeks/Year"
FOODAPS_0355,FOODAPS_278,"On average about how many hours does NAME normally work (and get paid) per week, including paid sick time and paid leave time?",ACS_115,"During the PAST 12 MONTHS (52 weeks), did this person work EVERY week? Count paid vacation, paid sick leave, and military service as work","Hours/Week, Weeks/Year"
FOODAPS_0356,FOODAPS_278,"On average about how many hours does NAME normally work (and get paid) per week, including paid sick time and paid leave time?",ACS_116,"During the PAST 12 MONTHS (52 weeks), how many WEEKS did this person work? Include paid time off and include weeks when the person only worked for a few hours.","Hours/Week, Weeks/Year"
FOODAPS_0357,FOODAPS_278,"On average about how many hours does NAME normally work (and get paid) per week, including paid sick time and paid leave time?",ACS_117,"During the PAST 12 MONTHS, in the WEEKS WORKED, how many hours did this person usually work each WEEK?","Hours/Week, Weeks/Year"
FOODAPS_0358,FOODAPS_279,What shift or shifts does NAME work? Please check all that apply.,ACS_6,How many hours do you usually work per week at this rate?,"Hours/Week, Weeks/Year"
FOODAPS_0359,FOODAPS_279,What shift or shifts does NAME work? Please check all that apply.,ACS_7,How many hours do you usually work per week at this rate?,"Hours/Week, Weeks/Year"
FOODAPS_0360,FOODAPS_279,What shift or shifts does NAME work? Please check all that apply.,ACS_10,How many hours do you usually work per week at this rate?,"Hours/Week, Weeks/Year"
FOODAPS_0361,FOODAPS_279,What shift or shifts does NAME work? Please check all that apply.,ACS_11,How many hours do you usually work per week at this rate?,"Hours/Week, Weeks/Year"
FOODAPS_0362,FOODAPS_279,What shift or shifts does NAME work? Please check all that apply.,ACS_12,What is your best estimate of the number of hours per week you usually work at this rate?,"Hours/Week, Weeks/Year"
FOODAPS_0363,FOODAPS_279,What shift or shifts does NAME work? Please check all that apply.,ACS_115,"During the PAST 12 MONTHS (52 weeks), did this person work EVERY week? Count paid vacation, paid sick leave, and military service as work","Hours/Week, Weeks/Year"
FOODAPS_0364,FOODAPS_279,What shift or shifts does NAME work? Please check all that apply.,ACS_116,"During the PAST 12 MONTHS (52 weeks), how many WEEKS did this person work? Include paid time off and include weeks when the person only worked for a few hours.","Hours/Week, Weeks/Year"
FOODAPS_0365,FOODAPS_279,What shift or shifts does NAME work? Please check all that apply.,ACS_117,"During the PAST 12 MONTHS, in the WEEKS WORKED, how many hours did this person usually work each WEEK?","Hours/Week, Weeks/Year"
FOODAPS_0366,FOODAPS_280,What shift or shifts does NAME work across all  jobs?,ACS_6,How many hours do you usually work per week at this rate?,"Hours/Week, Weeks/Year"
FOODAPS_0367,FOODAPS_280,What shift or shifts does NAME work across all  jobs?,ACS_7,How many hours do you usually work per week at this rate?,"Hours/Week, Weeks/Year"
FOODAPS_0368,FOODAPS_280,What shift or shifts does NAME work across all  jobs?,ACS_10,How many hours do you usually work per week at this rate?,"Hours/Week, Weeks/Year"
FOODAPS_0369,FOODAPS_280,What shift or shifts does NAME work across all  jobs?,ACS_11,How many hours do you usually work per week at this rate?,"Hours/Week, Weeks/Year"
FOODAPS_0370,FOODAPS_280,What shift or shifts does NAME work across all  jobs?,ACS_12,What is your best estimate of the number of hours per week you usually work at this rate?,"Hours/Week, Weeks/Year"
FOODAPS_0371,FOODAPS_280,What shift or shifts does NAME work across all  jobs?,ACS_115,"During the PAST 12 MONTHS (52 weeks), did this person work EVERY week? Count paid vacation, paid sick leave, and military service as work","Hours/Week, Weeks/Year"
FOODAPS_0372,FOODAPS_280,What shift or shifts does NAME work across all  jobs?,ACS_116,"During the PAST 12 MONTHS (52 weeks), how many WEEKS did this person work? Include paid time off and include weeks when the person only worked for a few hours.","Hours/Week, Weeks/Year"
FOODAPS_0373,FOODAPS_280,What shift or shifts does NAME work across all  jobs?,ACS_117,"During the PAST 12 MONTHS, in the WEEKS WORKED, how many hours did this person usually work each WEEK?","Hours/Week, Weeks/Year"
FOODAPS_0374,FOODAPS_28,What is the highest level of school you completed or the highest degree you received?,ACS_75,What is the highest degree or level of school this person has COMPLETED?,Education
FOODAPS_0375,FOODAPS_60,What is the highest level of school NAME completed or the highest degree NAME received?,ACS_75,What is the highest degree or level of school this person has COMPLETED?,Education
FOODAPS_0376,FOODAPS_31,"Last week, were you enrolled in school as a full-time or part-time student, or were you not enrolled in school?",ACS_13,"Are you enrolled in a high school, college, or university?",School Enrollment
FOODAPS_0377,FOODAPS_31,"Last week, were you enrolled in school as a full-time or part-time student, or were you not enrolled in school?",ACS_14,"Would that be high school, college, or university?",School Enrollment
FOODAPS_0378,FOODAPS_31,"Last week, were you enrolled in school as a full-time or part-time student, or were you not enrolled in school?",ACS_15,Are you enrolled in school as a full-time or part-time student?,School Enrollment
FOODAPS_0379,FOODAPS_31,"Last week, were you enrolled in school as a full-time or part-time student, or were you not enrolled in school?",ACS_73,"At any time IN THE LAST 3 MONTHS, has this person attended school or college?",School Enrollment
FOODAPS_0380,FOODAPS_31,"Last week, were you enrolled in school as a full-time or part-time student, or were you not enrolled in school?",ACS_74,What grade or level was this person attending?,School Enrollment
FOODAPS_0381,FOODAPS_32,"Last week, were you enrolled in school as a full-time or part-time student, or were you not enrolled in school?",ACS_13,"Are you enrolled in a high school, college, or university?",School Enrollment
FOODAPS_0382,FOODAPS_32,"Last week, were you enrolled in school as a full-time or part-time student, or were you not enrolled in school?",ACS_14,"Would that be high school, college, or university?",School Enrollment
FOODAPS_0383,FOODAPS_32,"Last week, were you enrolled in school as a full-time or part-time student, or were you not enrolled in school?",ACS_15,Are you enrolled in school as a full-time or part-time student?,School Enrollment
FOODAPS_0384,FOODAPS_32,"Last week, were you enrolled in school as a full-time or part-time student, or were you not enrolled in school?",ACS_73,"At any time IN THE LAST 3 MONTHS, has this person attended school or college?",School Enrollment
FOODAPS_0385,FOODAPS_32,"Last week, were you enrolled in school as a full-time or part-time student, or were you not enrolled in school?",ACS_74,What grade or level was this person attending?,School Enrollment
FOODAPS_0386,FOODAPS_33,"This week and next week are you attending classes for: (1)Middle/junior  high school (2) High School (3) Homeschool (4) Other school (college, technical school, etc.) (5) no, not attending classes",ACS_13,"Are you enrolled in a high school, college, or university?",School Enrollment
FOODAPS_0387,FOODAPS_33,"This week and next week are you attending classes for: (1)Middle/junior  high school (2) High School (3) Homeschool (4) Other school (college, technical school, etc.) (5) no, not attending classes",ACS_14,"Would that be high school, college, or university?",School Enrollment
FOODAPS_0388,FOODAPS_33,"This week and next week are you attending classes for: (1)Middle/junior  high school (2) High School (3) Homeschool (4) Other school (college, technical school, etc.) (5) no, not attending classes",ACS_15,Are you enrolled in school as a full-time or part-time student?,School Enrollment
FOODAPS_0389,FOODAPS_33,"This week and next week are you attending classes for: (1)Middle/junior  high school (2) High School (3) Homeschool (4) Other school (college, technical school, etc.) (5) no, not attending classes",ACS_73,"At any time IN THE LAST 3 MONTHS, has this person attended school or college?",School Enrollment
FOODAPS_0390,FOODAPS_33,"This week and next week are you attending classes for: (1)Middle/junior  high school (2) High School (3) Homeschool (4) Other school (college, technical school, etc.) (5) no, not attending classes",ACS_74,What grade or level was this person attending?,School Enrollment
FOODAPS_0391,FOODAPS_34,What is the reason you will not attend school this week and next week?,ACS_13,"Are you enrolled in a high school, college, or university?",School Enrollment
FOODAPS_0392,FOODAPS_34,What is the reason you will not attend school this week and next week?,ACS_14,"Would that be high school, college, or university?",School Enrollment
FOODAPS_0393,FOODAPS_34,What is the reason you will not attend school this week and next week?,ACS_15,Are you enrolled in school as a full-time or part-time student?,School Enrollment
FOODAPS_0394,FOODAPS_34,What is the reason you will not attend school this week and next week?,ACS_73,"At any time IN THE LAST 3 MONTHS, has this person attended school or college?",School Enrollment
FOODAPS_0395,FOODAPS_34,What is the reason you will not attend school this week and next week?,ACS_74,What grade or level was this person attending?,School Enrollment
FOODAPS_0396,FOODAPS_35,What is the level of school that you attended before summer break?,ACS_13,"Are you enrolled in a high school, college, or university?",School Enrollment
FOODAPS_0397,FOODAPS_35,What is the level of school that you attended before summer break?,ACS_14,"Would that be high school, college, or university?",School Enrollment
FOODAPS_0398,FOODAPS_35,What is the level of school that you attended before summer break?,ACS_15,Are you enrolled in school as a full-time or part-time student?,School Enrollment
FOODAPS_0399,FOODAPS_35,What is the level of school that you attended before summer break?,ACS_73,"At any time IN THE LAST 3 MONTHS, has this person attended school or college?",School Enrollment
FOODAPS_0400,FOODAPS_35,What is the level of school that you attended before summer break?,ACS_74,What grade or level was this person attending?,School Enrollment
FOODAPS_0401,FOODAPS_36,What is the level of school that you attend when not on a school break?,ACS_13,"Are you enrolled in a high school, college, or university?",School Enrollment
FOODAPS_0402,FOODAPS_36,What is the level of school that you attend when not on a school break?,ACS_14,"Would that be high school, college, or university?",School Enrollment
FOODAPS_0403,FOODAPS_36,What is the level of school that you attend when not on a school break?,ACS_15,Are you enrolled in school as a full-time or part-time student?,School Enrollment
FOODAPS_0404,FOODAPS_36,What is the level of school that you attend when not on a school break?,ACS_73,"At any time IN THE LAST 3 MONTHS, has this person attended school or college?",School Enrollment
FOODAPS_0405,FOODAPS_36,What is the level of school that you attend when not on a school break?,ACS_74,What grade or level was this person attending?,School Enrollment
FOODAPS_0406,FOODAPS_37,What are the first and last days of the school break or summer vacation?,ACS_13,"Are you enrolled in a high school, college, or university?",School Enrollment
FOODAPS_0407,FOODAPS_37,What are the first and last days of the school break or summer vacation?,ACS_14,"Would that be high school, college, or university?",School Enrollment
FOODAPS_0408,FOODAPS_37,What are the first and last days of the school break or summer vacation?,ACS_15,Are you enrolled in school as a full-time or part-time student?,School Enrollment
FOODAPS_0409,FOODAPS_37,What are the first and last days of the school break or summer vacation?,ACS_73,"At any time IN THE LAST 3 MONTHS, has this person attended school or college?",School Enrollment
FOODAPS_0410,FOODAPS_37,What are the first and last days of the school break or summer vacation?,ACS_74,What grade or level was this person attending?,School Enrollment
FOODAPS_0411,FOODAPS_63,"Last week, was NAME enrolled in school as a full-time or part-time student, or was NAME not enrolled in school?",ACS_13,"Are you enrolled in a high school, college, or university?",School Enrollment
FOODAPS_0412,FOODAPS_63,"Last week, was NAME enrolled in school as a full-time or part-time student, or was NAME not enrolled in school?",ACS_14,"Would that be high school, college, or university?",School Enrollment
FOODAPS_0413,FOODAPS_63,"Last week, was NAME enrolled in school as a full-time or part-time student, or was NAME not enrolled in school?",ACS_15,Are you enrolled in school as a full-time or part-time student?,School Enrollment
FOODAPS_0414,FOODAPS_63,"Last week, was NAME enrolled in school as a full-time or part-time student, or was NAME not enrolled in school?",ACS_73,"At any time IN THE LAST 3 MONTHS, has this person attended school or college?",School Enrollment
FOODAPS_0415,FOODAPS_63,"Last week, was NAME enrolled in school as a full-time or part-time student, or was NAME not enrolled in school?",ACS_74,What grade or level was this person attending?,School Enrollment
FOODAPS_0416,FOODAPS_64,"This week and next week is NAME attending classes for:  (1) Kindergarten (2) Elementary/grade school (4) Middle/junior high school (6) High school (7) Homeschool (7) Other school (college, technical school, etc.) (8) No, not attending classes",ACS_13,"Are you enrolled in a high school, college, or university?",School Enrollment
FOODAPS_0417,FOODAPS_64,"This week and next week is NAME attending classes for:  (1) Kindergarten (2) Elementary/grade school (4) Middle/junior high school (6) High school (7) Homeschool (7) Other school (college, technical school, etc.) (8) No, not attending classes",ACS_14,"Would that be high school, college, or university?",School Enrollment
FOODAPS_0418,FOODAPS_64,"This week and next week is NAME attending classes for:  (1) Kindergarten (2) Elementary/grade school (4) Middle/junior high school (6) High school (7) Homeschool (7) Other school (college, technical school, etc.) (8) No, not attending classes",ACS_15,Are you enrolled in school as a full-time or part-time student?,School Enrollment
FOODAPS_0419,FOODAPS_64,"This week and next week is NAME attending classes for:  (1) Kindergarten (2) Elementary/grade school (4) Middle/junior high school (6) High school (7) Homeschool (7) Other school (college, technical school, etc.) (8) No, not attending classes",ACS_73,"At any time IN THE LAST 3 MONTHS, has this person attended school or college?",School Enrollment
FOODAPS_0420,FOODAPS_64,"This week and next week is NAME attending classes for:  (1) Kindergarten (2) Elementary/grade school (4) Middle/junior high school (6) High school (7) Homeschool (7) Other school (college, technical school, etc.) (8) No, not attending classes",ACS_74,What grade or level was this person attending?,School Enrollment
FOODAPS_0421,FOODAPS_65,What is the reason NAME will not attend school this week and next week?  (1) Summer vacation/summer break  (2) Other school break  (3) Home schooled (4) Disabled (5) Not old enough (6) Not enrolled (7) Graduated (8) Other,ACS_13,"Are you enrolled in a high school, college, or university?",School Enrollment
FOODAPS_0422,FOODAPS_65,What is the reason NAME will not attend school this week and next week?  (1) Summer vacation/summer break  (2) Other school break  (3) Home schooled (4) Disabled (5) Not old enough (6) Not enrolled (7) Graduated (8) Other,ACS_14,"Would that be high school, college, or university?",School Enrollment
FOODAPS_0423,FOODAPS_65,What is the reason NAME will not attend school this week and next week?  (1) Summer vacation/summer break  (2) Other school break  (3) Home schooled (4) Disabled (5) Not old enough (6) Not enrolled (7) Graduated (8) Other,ACS_15,Are you enrolled in school as a full-time or part-time student?,School Enrollment
FOODAPS_0424,FOODAPS_65,What is the reason NAME will not attend school this week and next week?  (1) Summer vacation/summer break  (2) Other school break  (3) Home schooled (4) Disabled (5) Not old enough (6) Not enrolled (7) Graduated (8) Other,ACS_73,"At any time IN THE LAST 3 MONTHS, has this person attended school or college?",School Enrollment
FOODAPS_0425,FOODAPS_65,What is the reason NAME will not attend school this week and next week?  (1) Summer vacation/summer break  (2) Other school break  (3) Home schooled (4) Disabled (5) Not old enough (6) Not enrolled (7) Graduated (8) Other,ACS_74,What grade or level was this person attending?,School Enrollment
FOODAPS_0426,FOODAPS_66,"What is the level of school that NAME attended before summer break? (0) Did not attend school  (1) Primary or preschool (2) Kindergarten (3) Elementary/grade school (4) Middle/junior high school (5) High school (6) Other school (college, technical school, etc.)",ACS_13,"Are you enrolled in a high school, college, or university?",School Enrollment
FOODAPS_0427,FOODAPS_66,"What is the level of school that NAME attended before summer break? (0) Did not attend school  (1) Primary or preschool (2) Kindergarten (3) Elementary/grade school (4) Middle/junior high school (5) High school (6) Other school (college, technical school, etc.)",ACS_14,"Would that be high school, college, or university?",School Enrollment
FOODAPS_0428,FOODAPS_66,"What is the level of school that NAME attended before summer break? (0) Did not attend school  (1) Primary or preschool (2) Kindergarten (3) Elementary/grade school (4) Middle/junior high school (5) High school (6) Other school (college, technical school, etc.)",ACS_15,Are you enrolled in school as a full-time or part-time student?,School Enrollment
FOODAPS_0429,FOODAPS_66,"What is the level of school that NAME attended before summer break? (0) Did not attend school  (1) Primary or preschool (2) Kindergarten (3) Elementary/grade school (4) Middle/junior high school (5) High school (6) Other school (college, technical school, etc.)",ACS_73,"At any time IN THE LAST 3 MONTHS, has this person attended school or college?",School Enrollment
FOODAPS_0430,FOODAPS_66,"What is the level of school that NAME attended before summer break? (0) Did not attend school  (1) Primary or preschool (2) Kindergarten (3) Elementary/grade school (4) Middle/junior high school (5) High school (6) Other school (college, technical school, etc.)",ACS_74,What grade or level was this person attending?,School Enrollment
FOODAPS_0431,FOODAPS_67,"What is the level of school that NAME attend/s when not on a school break? (1) Primary or preschool (2) Kindergarten (3) Elementary/grade school (4) Middle/junior high school (5) High school (6) Other school (college, technical school, etc.)",ACS_13,"Are you enrolled in a high school, college, or university?",School Enrollment
FOODAPS_0432,FOODAPS_67,"What is the level of school that NAME attend/s when not on a school break? (1) Primary or preschool (2) Kindergarten (3) Elementary/grade school (4) Middle/junior high school (5) High school (6) Other school (college, technical school, etc.)",ACS_14,"Would that be high school, college, or university?",School Enrollment
FOODAPS_0433,FOODAPS_67,"What is the level of school that NAME attend/s when not on a school break? (1) Primary or preschool (2) Kindergarten (3) Elementary/grade school (4) Middle/junior high school (5) High school (6) Other school (college, technical school, etc.)",ACS_15,Are you enrolled in school as a full-time or part-time student?,School Enrollment
FOODAPS_0434,FOODAPS_67,"What is the level of school that NAME attend/s when not on a school break? (1) Primary or preschool (2) Kindergarten (3) Elementary/grade school (4) Middle/junior high school (5) High school (6) Other school (college, technical school, etc.)",ACS_73,"At any time IN THE LAST 3 MONTHS, has this person attended school or college?",School Enrollment
FOODAPS_0435,FOODAPS_67,"What is the level of school that NAME attend/s when not on a school break? (1) Primary or preschool (2) Kindergarten (3) Elementary/grade school (4) Middle/junior high school (5) High school (6) Other school (college, technical school, etc.)",ACS_74,What grade or level was this person attending?,School Enrollment
FOODAPS_0436,FOODAPS_68,What are the first and last days of the school break or summer vacation?,ACS_13,"Are you enrolled in a high school, college, or university?",School Enrollment
FOODAPS_0437,FOODAPS_68,What are the first and last days of the school break or summer vacation?,ACS_14,"Would that be high school, college, or university?",School Enrollment
FOODAPS_0438,FOODAPS_68,What are the first and last days of the school break or summer vacation?,ACS_15,Are you enrolled in school as a full-time or part-time student?,School Enrollment
FOODAPS_0439,FOODAPS_68,What are the first and last days of the school break or summer vacation?,ACS_73,"At any time IN THE LAST 3 MONTHS, has this person attended school or college?",School Enrollment
FOODAPS_0440,FOODAPS_68,What are the first and last days of the school break or summer vacation?,ACS_74,What grade or level was this person attending?,School Enrollment
FOODAPS_0441,FOODAPS_1,What is your name?,ACS_19,How many people are living or staying at this address?,Population
FOODAPS_0442,FOODAPS_1,What is your name?,ACS_20,Please print today’s date.,Population
FOODAPS_0443,FOODAPS_18,What is your date of birth?,ACS_23,What is Person 1’s age and what is Person 1’s date of birth?,Age
FOODAPS_0444,FOODAPS_18,What is your date of birth?,ACS_28,What is Person 2’s age and what is Person 2’s date of birth?,Age
FOODAPS_0445,FOODAPS_18,What is your date of birth?,ACS_33,What is Person 3’s age and what is Person 3’s date of birth?,Age
FOODAPS_0446,FOODAPS_19,Please verify or enter correct age.,ACS_23,What is Person 1’s age and what is Person 1’s date of birth?,Age
FOODAPS_0447,FOODAPS_19,Please verify or enter correct age.,ACS_28,What is Person 2’s age and what is Person 2’s date of birth?,Age
FOODAPS_0448,FOODAPS_19,Please verify or enter correct age.,ACS_33,What is Person 3’s age and what is Person 3’s date of birth?,Age
FOODAPS_0449,FOODAPS_57,What is NAME’s date of birth?,ACS_23,What is Person 1’s age and what is Person 1’s date of birth?,Age
FOODAPS_0450,FOODAPS_57,What is NAME’s date of birth?,ACS_28,What is Person 2’s age and what is Person 2’s date of birth?,Age
FOODAPS_0451,FOODAPS_57,What is NAME’s date of birth?,ACS_33,What is Person 3’s age and what is Person 3’s date of birth?,Age
FOODAPS_0452,FOODAPS_210,"Did you receive any wages, salary, commissions, bonuses, or tips last month?",ACS_1,"For your [main] job, what is the easiest way for you to report your total earnings BEFORE taxes or other deductions: hourly, weekly, annually, or on some other basis?",Earnings
FOODAPS_0453,FOODAPS_210,"Did you receive any wages, salary, commissions, bonuses, or tips last month?",ACS_3,"EXCLUDING overtime pay, tips and commissions what is your hourly rate of pay on [this/your main] job?",Earnings
FOODAPS_0454,FOODAPS_210,"Did you receive any wages, salary, commissions, bonuses, or tips last month?",ACS_4,What is your hourly rate of pay on [this/ your main] job?,Earnings
FOODAPS_0455,FOODAPS_210,"Did you receive any wages, salary, commissions, bonuses, or tips last month?",ACS_5,What is your best estimate of your hourly rate of pay?,Earnings
FOODAPS_0456,FOODAPS_210,"Did you receive any wages, salary, commissions, bonuses, or tips last month?",ACS_8,"How much do you usually receive JUST in overtime pay, tips or commissions, before taxes or other deductions?",Earnings
FOODAPS_0457,FOODAPS_210,"Did you receive any wages, salary, commissions, bonuses, or tips last month?",ACS_9,"What is your best estimate of how much you usually earn weekly, JUST in overtime pay, tips, or commissions, before taxes or other deductions?",Earnings
FOODAPS_0458,FOODAPS_211,"Did you receive any wages, salary, commissions, bonuses, or tips last month?",ACS_1,"For your [main] job, what is the easiest way for you to report your total earnings BEFORE taxes or other deductions: hourly, weekly, annually, or on some other basis?",Earnings
FOODAPS_0459,FOODAPS_211,"Did you receive any wages, salary, commissions, bonuses, or tips last month?",ACS_3,"EXCLUDING overtime pay, tips and commissions what is your hourly rate of pay on [this/your main] job?",Earnings
FOODAPS_0460,FOODAPS_211,"Did you receive any wages, salary, commissions, bonuses, or tips last month?",ACS_4,What is your hourly rate of pay on [this/ your main] job?,Earnings
FOODAPS_0461,FOODAPS_211,"Did you receive any wages, salary, commissions, bonuses, or tips last month?",ACS_5,What is your best estimate of your hourly rate of pay?,Earnings
FOODAPS_0462,FOODAPS_211,"Did you receive any wages, salary, commissions, bonuses, or tips last month?",ACS_8,"How much do you usually receive JUST in overtime pay, tips or commissions, before taxes or other deductions?",Earnings
FOODAPS_0463,FOODAPS_211,"Did you receive any wages, salary, commissions, bonuses, or tips last month?",ACS_9,"What is your best estimate of how much you usually earn weekly, JUST in overtime pay, tips, or commissions, before taxes or other deductions?",Earnings
FOODAPS_0464,FOODAPS_214,What is the easiest way for you to tell us about your earnings from work before taxes and other deductions?,ACS_1,"For your [main] job, what is the easiest way for you to report your total earnings BEFORE taxes or other deductions: hourly, weekly, annually, or on some other basis?",Earnings
FOODAPS_0465,FOODAPS_214,What is the easiest way for you to tell us about your earnings from work before taxes and other deductions?,ACS_3,"EXCLUDING overtime pay, tips and commissions what is your hourly rate of pay on [this/your main] job?",Earnings
FOODAPS_0466,FOODAPS_214,What is the easiest way for you to tell us about your earnings from work before taxes and other deductions?,ACS_4,What is your hourly rate of pay on [this/ your main] job?,Earnings
FOODAPS_0467,FOODAPS_214,What is the easiest way for you to tell us about your earnings from work before taxes and other deductions?,ACS_5,What is your best estimate of your hourly rate of pay?,Earnings
FOODAPS_0468,FOODAPS_214,What is the easiest way for you to tell us about your earnings from work before taxes and other deductions?,ACS_8,"How much do you usually receive JUST in overtime pay, tips or commissions, before taxes or other deductions?",Earnings
FOODAPS_0469,FOODAPS_214,What is the easiest way for you to tell us about your earnings from work before taxes and other deductions?,ACS_9,"What is your best estimate of how much you usually earn weekly, JUST in overtime pay, tips, or commissions, before taxes or other deductions?",Earnings
FOODAPS_0470,FOODAPS_215,What is the easiest way for you to tell us about your earnings from work before taxes and other deductions?,ACS_1,"For your [main] job, what is the easiest way for you to report your total earnings BEFORE taxes or other deductions: hourly, weekly, annually, or on some other basis?",Earnings
FOODAPS_0471,FOODAPS_215,What is the easiest way for you to tell us about your earnings from work before taxes and other deductions?,ACS_3,"EXCLUDING overtime pay, tips and commissions what is your hourly rate of pay on [this/your main] job?",Earnings
FOODAPS_0472,FOODAPS_215,What is the easiest way for you to tell us about your earnings from work before taxes and other deductions?,ACS_4,What is your hourly rate of pay on [this/ your main] job?,Earnings
FOODAPS_0473,FOODAPS_215,What is the easiest way for you to tell us about your earnings from work before taxes and other deductions?,ACS_5,What is your best estimate of your hourly rate of pay?,Earnings
FOODAPS_0474,FOODAPS_215,What is the easiest way for you to tell us about your earnings from work before taxes and other deductions?,ACS_8,"How much do you usually receive JUST in overtime pay, tips or commissions, before taxes or other deductions?",Earnings
FOODAPS_0475,FOODAPS_215,What is the easiest way for you to tell us about your earnings from work before taxes and other deductions?,ACS_9,"What is your best estimate of how much you usually earn weekly, JUST in overtime pay, tips, or commissions, before taxes or other deductions?",Earnings
FOODAPS_0476,FOODAPS_216,"How much did you receive [Response from I1a] in wages, salary, commissions, bonuses, or tips from all jobs before taxes and other deductions?",ACS_1,"For your [main] job, what is the easiest way for you to report your total earnings BEFORE taxes or other deductions: hourly, weekly, annually, or on some other basis?",Earnings
FOODAPS_0477,FOODAPS_216,"How much did you receive [Response from I1a] in wages, salary, commissions, bonuses, or tips from all jobs before taxes and other deductions?",ACS_3,"EXCLUDING overtime pay, tips and commissions what is your hourly rate of pay on [this/your main] job?",Earnings
FOODAPS_0478,FOODAPS_216,"How much did you receive [Response from I1a] in wages, salary, commissions, bonuses, or tips from all jobs before taxes and other deductions?",ACS_4,What is your hourly rate of pay on [this/ your main] job?,Earnings
FOODAPS_0479,FOODAPS_216,"How much did you receive [Response from I1a] in wages, salary, commissions, bonuses, or tips from all jobs before taxes and other deductions?",ACS_5,What is your best estimate of your hourly rate of pay?,Earnings
FOODAPS_0480,FOODAPS_216,"How much did you receive [Response from I1a] in wages, salary, commissions, bonuses, or tips from all jobs before taxes and other deductions?",ACS_8,"How much do you usually receive JUST in overtime pay, tips or commissions, before taxes or other deductions?",Earnings
FOODAPS_0481,FOODAPS_216,"How much did you receive [Response from I1a] in wages, salary, commissions, bonuses, or tips from all jobs before taxes and other deductions?",ACS_9,"What is your best estimate of how much you usually earn weekly, JUST in overtime pay, tips, or commissions, before taxes or other deductions?",Earnings
FOODAPS_0482,FOODAPS_217,"How much did you receive [Response from I1a] in wages, salary, commissions, bonuses, or tips from all jobs before taxes and other deductions?",ACS_1,"For your [main] job, what is the easiest way for you to report your total earnings BEFORE taxes or other deductions: hourly, weekly, annually, or on some other basis?",Earnings
FOODAPS_0483,FOODAPS_217,"How much did you receive [Response from I1a] in wages, salary, commissions, bonuses, or tips from all jobs before taxes and other deductions?",ACS_3,"EXCLUDING overtime pay, tips and commissions what is your hourly rate of pay on [this/your main] job?",Earnings
FOODAPS_0484,FOODAPS_217,"How much did you receive [Response from I1a] in wages, salary, commissions, bonuses, or tips from all jobs before taxes and other deductions?",ACS_4,What is your hourly rate of pay on [this/ your main] job?,Earnings
FOODAPS_0485,FOODAPS_217,"How much did you receive [Response from I1a] in wages, salary, commissions, bonuses, or tips from all jobs before taxes and other deductions?",ACS_5,What is your best estimate of your hourly rate of pay?,Earnings
FOODAPS_0486,FOODAPS_217,"How much did you receive [Response from I1a] in wages, salary, commissions, bonuses, or tips from all jobs before taxes and other deductions?",ACS_8,"How much do you usually receive JUST in overtime pay, tips or commissions, before taxes or other deductions?",Earnings
FOODAPS_0487,FOODAPS_217,"How much did you receive [Response from I1a] in wages, salary, commissions, bonuses, or tips from all jobs before taxes and other deductions?",ACS_9,"What is your best estimate of how much you usually earn weekly, JUST in overtime pay, tips, or commissions, before taxes or other deductions?",Earnings
FOODAPS_0488,FOODAPS_218,"According to our calculations, you received [calculate TOTAL FROM I1b and I1a by month] altogether in earnings from work last month before taxes and other deductions. Is that correct?",ACS_1,"For your [main] job, what is the easiest way for you to report your total earnings BEFORE taxes or other deductions: hourly, weekly, annually, or on some other basis?",Earnings
FOODAPS_0489,FOODAPS_218,"According to our calculations, you received [calculate TOTAL FROM I1b and I1a by month] altogether in earnings from work last month before taxes and other deductions. Is that correct?",ACS_3,"EXCLUDING overtime pay, tips and commissions what is your hourly rate of pay on [this/your main] job?",Earnings
FOODAPS_0490,FOODAPS_218,"According to our calculations, you received [calculate TOTAL FROM I1b and I1a by month] altogether in earnings from work last month before taxes and other deductions. Is that correct?",ACS_4,What is your hourly rate of pay on [this/ your main] job?,Earnings
FOODAPS_0491,FOODAPS_218,"According to our calculations, you received [calculate TOTAL FROM I1b and I1a by month] altogether in earnings from work last month before taxes and other deductions. Is that correct?",ACS_5,What is your best estimate of your hourly rate of pay?,Earnings
FOODAPS_0492,FOODAPS_218,"According to our calculations, you received [calculate TOTAL FROM I1b and I1a by month] altogether in earnings from work last month before taxes and other deductions. Is that correct?",ACS_8,"How much do you usually receive JUST in overtime pay, tips or commissions, before taxes or other deductions?",Earnings
FOODAPS_0493,FOODAPS_218,"According to our calculations, you received [calculate TOTAL FROM I1b and I1a by month] altogether in earnings from work last month before taxes and other deductions. Is that correct?",ACS_9,"What is your best estimate of how much you usually earn weekly, JUST in overtime pay, tips, or commissions, before taxes or other deductions?",Earnings
FOODAPS_0494,FOODAPS_219,"According to our calculations, you received [calculate TOTAL FROM I1b and I1a by month] altogether in earnings from work last month before taxes and other deductions. Is that correct?",ACS_1,"For your [main] job, what is the easiest way for you to report your total earnings BEFORE taxes or other deductions: hourly, weekly, annually, or on some other basis?",Earnings
FOODAPS_0495,FOODAPS_219,"According to our calculations, you received [calculate TOTAL FROM I1b and I1a by month] altogether in earnings from work last month before taxes and other deductions. Is that correct?",ACS_3,"EXCLUDING overtime pay, tips and commissions what is your hourly rate of pay on [this/your main] job?",Earnings
FOODAPS_0496,FOODAPS_219,"According to our calculations, you received [calculate TOTAL FROM I1b and I1a by month] altogether in earnings from work last month before taxes and other deductions. Is that correct?",ACS_4,What is your hourly rate of pay on [this/ your main] job?,Earnings
FOODAPS_0497,FOODAPS_219,"According to our calculations, you received [calculate TOTAL FROM I1b and I1a by month] altogether in earnings from work last month before taxes and other deductions. Is that correct?",ACS_5,What is your best estimate of your hourly rate of pay?,Earnings
FOODAPS_0498,FOODAPS_219,"According to our calculations, you received [calculate TOTAL FROM I1b and I1a by month] altogether in earnings from work last month before taxes and other deductions. Is that correct?",ACS_8,"How much do you usually receive JUST in overtime pay, tips or commissions, before taxes or other deductions?",Earnings
FOODAPS_0499,FOODAPS_219,"According to our calculations, you received [calculate TOTAL FROM I1b and I1a by month] altogether in earnings from work last month before taxes and other deductions. Is that correct?",ACS_9,"What is your best estimate of how much you usually earn weekly, JUST in overtime pay, tips, or commissions, before taxes or other deductions?",Earnings
FOODAPS_0500,FOODAPS_220,What is your best estimate of the correct total amount that you received in income from earnings from work before taxes and other deductions last month?,ACS_1,"For your [main] job, what is the easiest way for you to report your total earnings BEFORE taxes or other deductions: hourly, weekly, annually, or on some other basis?",Earnings
FOODAPS_0501,FOODAPS_220,What is your best estimate of the correct total amount that you received in income from earnings from work before taxes and other deductions last month?,ACS_3,"EXCLUDING overtime pay, tips and commissions what is your hourly rate of pay on [this/your main] job?",Earnings
FOODAPS_0502,FOODAPS_220,What is your best estimate of the correct total amount that you received in income from earnings from work before taxes and other deductions last month?,ACS_4,What is your hourly rate of pay on [this/ your main] job?,Earnings
FOODAPS_0503,FOODAPS_220,What is your best estimate of the correct total amount that you received in income from earnings from work before taxes and other deductions last month?,ACS_5,What is your best estimate of your hourly rate of pay?,Earnings
FOODAPS_0504,FOODAPS_220,What is your best estimate of the correct total amount that you received in income from earnings from work before taxes and other deductions last month?,ACS_8,"How much do you usually receive JUST in overtime pay, tips or commissions, before taxes or other deductions?",Earnings
FOODAPS_0505,FOODAPS_220,What is your best estimate of the correct total amount that you received in income from earnings from work before taxes and other deductions last month?,ACS_9,"What is your best estimate of how much you usually earn weekly, JUST in overtime pay, tips, or commissions, before taxes or other deductions?",Earnings
FOODAPS_0506,FOODAPS_221,What is your best estimate of the correct total amount that you received in income from earnings from work before taxes and other deductions last month?,ACS_1,"For your [main] job, what is the easiest way for you to report your total earnings BEFORE taxes or other deductions: hourly, weekly, annually, or on some other basis?",Earnings
FOODAPS_0507,FOODAPS_221,What is your best estimate of the correct total amount that you received in income from earnings from work before taxes and other deductions last month?,ACS_3,"EXCLUDING overtime pay, tips and commissions what is your hourly rate of pay on [this/your main] job?",Earnings
FOODAPS_0508,FOODAPS_221,What is your best estimate of the correct total amount that you received in income from earnings from work before taxes and other deductions last month?,ACS_4,What is your hourly rate of pay on [this/ your main] job?,Earnings
FOODAPS_0509,FOODAPS_221,What is your best estimate of the correct total amount that you received in income from earnings from work before taxes and other deductions last month?,ACS_5,What is your best estimate of your hourly rate of pay?,Earnings
FOODAPS_0510,FOODAPS_221,What is your best estimate of the correct total amount that you received in income from earnings from work before taxes and other deductions last month?,ACS_8,"How much do you usually receive JUST in overtime pay, tips or commissions, before taxes or other deductions?",Earnings
FOODAPS_0511,FOODAPS_221,What is your best estimate of the correct total amount that you received in income from earnings from work before taxes and other deductions last month?,ACS_9,"What is your best estimate of how much you usually earn weekly, JUST in overtime pay, tips, or commissions, before taxes or other deductions?",Earnings
FOODAPS_0512,FOODAPS_285,"Did NAME receive any wages, salary, commissions, bonuses, or tips last month?",ACS_1,"For your [main] job, what is the easiest way for you to report your total earnings BEFORE taxes or other deductions: hourly, weekly, annually, or on some other basis?",Earnings
FOODAPS_0513,FOODAPS_285,"Did NAME receive any wages, salary, commissions, bonuses, or tips last month?",ACS_3,"EXCLUDING overtime pay, tips and commissions what is your hourly rate of pay on [this/your main] job?",Earnings
FOODAPS_0514,FOODAPS_285,"Did NAME receive any wages, salary, commissions, bonuses, or tips last month?",ACS_4,What is your hourly rate of pay on [this/ your main] job?,Earnings
FOODAPS_0515,FOODAPS_285,"Did NAME receive any wages, salary, commissions, bonuses, or tips last month?",ACS_5,What is your best estimate of your hourly rate of pay?,Earnings
FOODAPS_0516,FOODAPS_285,"Did NAME receive any wages, salary, commissions, bonuses, or tips last month?",ACS_8,"How much do you usually receive JUST in overtime pay, tips or commissions, before taxes or other deductions?",Earnings
FOODAPS_0517,FOODAPS_285,"Did NAME receive any wages, salary, commissions, bonuses, or tips last month?",ACS_9,"What is your best estimate of how much you usually earn weekly, JUST in overtime pay, tips, or commissions, before taxes or other deductions?",Earnings
FOODAPS_0518,FOODAPS_287,What is the easiest way for you to tell us about NAME’s earnings from work before taxes and other deductions?,ACS_1,"For your [main] job, what is the easiest way for you to report your total earnings BEFORE taxes or other deductions: hourly, weekly, annually, or on some other basis?",Earnings
FOODAPS_0519,FOODAPS_287,What is the easiest way for you to tell us about NAME’s earnings from work before taxes and other deductions?,ACS_3,"EXCLUDING overtime pay, tips and commissions what is your hourly rate of pay on [this/your main] job?",Earnings
FOODAPS_0520,FOODAPS_287,What is the easiest way for you to tell us about NAME’s earnings from work before taxes and other deductions?,ACS_4,What is your hourly rate of pay on [this/ your main] job?,Earnings
FOODAPS_0521,FOODAPS_287,What is the easiest way for you to tell us about NAME’s earnings from work before taxes and other deductions?,ACS_5,What is your best estimate of your hourly rate of pay?,Earnings
FOODAPS_0522,FOODAPS_287,What is the easiest way for you to tell us about NAME’s earnings from work before taxes and other deductions?,ACS_8,"How much do you usually receive JUST in overtime pay, tips or commissions, before taxes or other deductions?",Earnings
FOODAPS_0523,FOODAPS_287,What is the easiest way for you to tell us about NAME’s earnings from work before taxes and other deductions?,ACS_9,"What is your best estimate of how much you usually earn weekly, JUST in overtime pay, tips, or commissions, before taxes or other deductions?",Earnings
FOODAPS_0524,FOODAPS_288,"How much did NAME receive [Response from I1a] in wages, salary, commissions, bonuses, or tips from all jobs before taxes and other deductions?",ACS_1,"For your [main] job, what is the easiest way for you to report your total earnings BEFORE taxes or other deductions: hourly, weekly, annually, or on some other basis?",Earnings
FOODAPS_0525,FOODAPS_288,"How much did NAME receive [Response from I1a] in wages, salary, commissions, bonuses, or tips from all jobs before taxes and other deductions?",ACS_3,"EXCLUDING overtime pay, tips and commissions what is your hourly rate of pay on [this/your main] job?",Earnings
FOODAPS_0526,FOODAPS_288,"How much did NAME receive [Response from I1a] in wages, salary, commissions, bonuses, or tips from all jobs before taxes and other deductions?",ACS_4,What is your hourly rate of pay on [this/ your main] job?,Earnings
FOODAPS_0527,FOODAPS_288,"How much did NAME receive [Response from I1a] in wages, salary, commissions, bonuses, or tips from all jobs before taxes and other deductions?",ACS_5,What is your best estimate of your hourly rate of pay?,Earnings
FOODAPS_0528,FOODAPS_288,"How much did NAME receive [Response from I1a] in wages, salary, commissions, bonuses, or tips from all jobs before taxes and other deductions?",ACS_8,"How much do you usually receive JUST in overtime pay, tips or commissions, before taxes or other deductions?",Earnings
FOODAPS_0529,FOODAPS_288,"How much did NAME receive [Response from I1a] in wages, salary, commissions, bonuses, or tips from all jobs before taxes and other deductions?",ACS_9,"What is your best estimate of how much you usually earn weekly, JUST in overtime pay, tips, or commissions, before taxes or other deductions?",Earnings
FOODAPS_0530,FOODAPS_289,"According to our calculations, NAME received [calculate TOTAL FROM I1b and I1a by month] altogether in earnings from work last month before taxes and other deductions. Is that correct?",ACS_1,"For your [main] job, what is the easiest way for you to report your total earnings BEFORE taxes or other deductions: hourly, weekly, annually, or on some other basis?",Earnings
FOODAPS_0531,FOODAPS_289,"According to our calculations, NAME received [calculate TOTAL FROM I1b and I1a by month] altogether in earnings from work last month before taxes and other deductions. Is that correct?",ACS_3,"EXCLUDING overtime pay, tips and commissions what is your hourly rate of pay on [this/your main] job?",Earnings
FOODAPS_0532,FOODAPS_289,"According to our calculations, NAME received [calculate TOTAL FROM I1b and I1a by month] altogether in earnings from work last month before taxes and other deductions. Is that correct?",ACS_4,What is your hourly rate of pay on [this/ your main] job?,Earnings
FOODAPS_0533,FOODAPS_289,"According to our calculations, NAME received [calculate TOTAL FROM I1b and I1a by month] altogether in earnings from work last month before taxes and other deductions. Is that correct?",ACS_5,What is your best estimate of your hourly rate of pay?,Earnings
FOODAPS_0534,FOODAPS_289,"According to our calculations, NAME received [calculate TOTAL FROM I1b and I1a by month] altogether in earnings from work last month before taxes and other deductions. Is that correct?",ACS_8,"How much do you usually receive JUST in overtime pay, tips or commissions, before taxes or other deductions?",Earnings
FOODAPS_0535,FOODAPS_289,"According to our calculations, NAME received [calculate TOTAL FROM I1b and I1a by month] altogether in earnings from work last month before taxes and other deductions. Is that correct?",ACS_9,"What is your best estimate of how much you usually earn weekly, JUST in overtime pay, tips, or commissions, before taxes or other deductions?",Earnings
FOODAPS_0536,FOODAPS_290,What is your best estimate of the correct total amount that NAME received in income from earnings from work before taxes and other deductions last month?,ACS_1,"For your [main] job, what is the easiest way for you to report your total earnings BEFORE taxes or other deductions: hourly, weekly, annually, or on some other basis?",Earnings
FOODAPS_0537,FOODAPS_290,What is your best estimate of the correct total amount that NAME received in income from earnings from work before taxes and other deductions last month?,ACS_3,"EXCLUDING overtime pay, tips and commissions what is your hourly rate of pay on [this/your main] job?",Earnings
FOODAPS_0538,FOODAPS_290,What is your best estimate of the correct total amount that NAME received in income from earnings from work before taxes and other deductions last month?,ACS_4,What is your hourly rate of pay on [this/ your main] job?,Earnings
FOODAPS_0539,FOODAPS_290,What is your best estimate of the correct total amount that NAME received in income from earnings from work before taxes and other deductions last month?,ACS_5,What is your best estimate of your hourly rate of pay?,Earnings
FOODAPS_0540,FOODAPS_290,What is your best estimate of the correct total amount that NAME received in income from earnings from work before taxes and other deductions last month?,ACS_8,"How much do you usually receive JUST in overtime pay, tips or commissions, before taxes or other deductions?",Earnings
FOODAPS_0541,FOODAPS_290,What is your best estimate of the correct total amount that NAME received in income from earnings from work before taxes and other deductions last month?,ACS_9,"What is your best estimate of how much you usually earn weekly, JUST in overtime pay, tips, or commissions, before taxes or other deductions?",Earnings
FOODAPS_0542,FOODAPS_20,Are you male or female?,ACS_22,What is Person 1’s sex?,Sex
FOODAPS_0543,FOODAPS_20,Are you male or female?,ACS_27,What is Person 2’s sex?,Sex
FOODAPS_0544,FOODAPS_20,Are you male or female?,ACS_32,What is Person 3’s sex?,Sex
FOODAPS_0545,FOODAPS_21,Are you male or female?,ACS_22,What is Person 1’s sex?,Sex
FOODAPS_0546,FOODAPS_21,Are you male or female?,ACS_27,What is Person 2’s sex?,Sex
FOODAPS_0547,FOODAPS_21,Are you male or female?,ACS_32,What is Person 3’s sex?,Sex
FOODAPS_0548,FOODAPS_22,Are you male or female?,ACS_22,What is Person 1’s sex?,Sex
FOODAPS_0549,FOODAPS_22,Are you male or female?,ACS_27,What is Person 2’s sex?,Sex
FOODAPS_0550,FOODAPS_22,Are you male or female?,ACS_32,What is Person 3’s sex?,Sex
FOODAPS_0551,FOODAPS_23,Are you male or female?,ACS_22,What is Person 1’s sex?,Sex
FOODAPS_0552,FOODAPS_23,Are you male or female?,ACS_27,What is Person 2’s sex?,Sex
FOODAPS_0553,FOODAPS_23,Are you male or female?,ACS_32,What is Person 3’s sex?,Sex
FOODAPS_0554,FOODAPS_24,Are you male or female?,ACS_22,What is Person 1’s sex?,Sex
FOODAPS_0555,FOODAPS_24,Are you male or female?,ACS_27,What is Person 2’s sex?,Sex
FOODAPS_0556,FOODAPS_24,Are you male or female?,ACS_32,What is Person 3’s sex?,Sex
FOODAPS_0557,FOODAPS_25,Are you male or female?,ACS_22,What is Person 1’s sex?,Sex
FOODAPS_0558,FOODAPS_25,Are you male or female?,ACS_27,What is Person 2’s sex?,Sex
FOODAPS_0559,FOODAPS_25,Are you male or female?,ACS_32,What is Person 3’s sex?,Sex
FOODAPS_0560,FOODAPS_26,Are you male or female?,ACS_22,What is Person 1’s sex?,Sex
FOODAPS_0561,FOODAPS_26,Are you male or female?,ACS_27,What is Person 2’s sex?,Sex
FOODAPS_0562,FOODAPS_26,Are you male or female?,ACS_32,What is Person 3’s sex?,Sex
FOODAPS_0563,FOODAPS_58,Is NAME male or female?,ACS_22,What is Person 1’s sex?,Sex
FOODAPS_0564,FOODAPS_58,Is NAME male or female?,ACS_27,What is Person 2’s sex?,Sex
FOODAPS_0565,FOODAPS_58,Is NAME male or female?,ACS_32,What is Person 3’s sex?,Sex
FOODAPS_0566,FOODAPS_111,List FEMALE HOUSEHOLD MEMBERS BETWEEN ages 14 AND <53,ACS_22,What is Person 1’s sex?,Sex
FOODAPS_0567,FOODAPS_111,List FEMALE HOUSEHOLD MEMBERS BETWEEN ages 14 AND <53,ACS_27,What is Person 2’s sex?,Sex
FOODAPS_0568,FOODAPS_111,List FEMALE HOUSEHOLD MEMBERS BETWEEN ages 14 AND <53,ACS_32,What is Person 3’s sex?,Sex
FOODAPS_0569,FOODAPS_171,Is your rent/your household’s rent covered fully by a local public housing authority or other public agency?,ACS_57,"What is the monthly rent for this house, apartment, or mobile home?",Rental
FOODAPS_0570,FOODAPS_171,Is your rent/your household’s rent covered fully by a local public housing authority or other public agency?,ACS_58,Does the monthly rent include any meals?,Rental
FOODAPS_0571,FOODAPS_187,Did you retire early because of a disability?,ACS_84,Is this person deaf or does he/she have serious difficulty hearing?,Disability
FOODAPS_0572,FOODAPS_187,Did you retire early because of a disability?,ACS_85,Is this person blind or does he/she have serious difficulty seeing even when wearing glasses?,Disability
FOODAPS_0573,FOODAPS_187,Did you retire early because of a disability?,ACS_86,"Because of a physical, mental, or emotional condition, does this person have serious difficulty concentrating, remembering, or making decisions",Disability
FOODAPS_0574,FOODAPS_187,Did you retire early because of a disability?,ACS_87,Does this person have serious difficulty walking or climbing stairs?,Disability
FOODAPS_0575,FOODAPS_187,Did you retire early because of a disability?,ACS_88,Does this person have difficulty dressing or bathing?,Disability
FOODAPS_0576,FOODAPS_187,Did you retire early because of a disability?,ACS_89,"Because of a physical, mental, or emotional condition, does this person have difficulty doing errands alone such as visiting a doctor’s office or shopping?",Disability
FOODAPS_0577,FOODAPS_188,Did you retire early because of a disability?,ACS_84,Is this person deaf or does he/she have serious difficulty hearing?,Disability
FOODAPS_0578,FOODAPS_188,Did you retire early because of a disability?,ACS_85,Is this person blind or does he/she have serious difficulty seeing even when wearing glasses?,Disability
FOODAPS_0579,FOODAPS_188,Did you retire early because of a disability?,ACS_86,"Because of a physical, mental, or emotional condition, does this person have serious difficulty concentrating, remembering, or making decisions",Disability
FOODAPS_0580,FOODAPS_188,Did you retire early because of a disability?,ACS_87,Does this person have serious difficulty walking or climbing stairs?,Disability
FOODAPS_0581,FOODAPS_188,Did you retire early because of a disability?,ACS_88,Does this person have difficulty dressing or bathing?,Disability
FOODAPS_0582,FOODAPS_188,Did you retire early because of a disability?,ACS_89,"Because of a physical, mental, or emotional condition, does this person have difficulty doing errands alone such as visiting a doctor’s office or shopping?",Disability
FOODAPS_0583,FOODAPS_90,Have you received benefits from the Supplemental Nutrition Assistance Program in the past 30 days? This program is also known as [FILL IN STATE SNAP NAME] or food stamps and it puts money on an EBT card that you can use to buy food.,ACS_54,"IN THE PAST 12 MONTHS, did you or any member of this household receive benefits from the Food Stamp Program or SNAP (the Supplemental Nutrition Assistance Program)?",Food Stamps (SNAP)
FOODAPS_0584,FOODAPS_91,Has anyone at this address received benefits from the Supplemental Nutrition Assistance Program in the past 30 days? This program is also known as [FILL IN STATE SNAP NAME] or food stamps and it puts money on an EBT card that you can use to buy food.,ACS_54,"IN THE PAST 12 MONTHS, did you or any member of this household receive benefits from the Food Stamp Program or SNAP (the Supplemental Nutrition Assistance Program)?",Food Stamps (SNAP)
FOODAPS_0585,FOODAPS_92,How many [FILL IN STATE SNAP NAME] EBT cards are issued to people at this address ?,ACS_54,"IN THE PAST 12 MONTHS, did you or any member of this household receive benefits from the Food Stamp Program or SNAP (the Supplemental Nutrition Assistance Program)?",Food Stamps (SNAP)
FOODAPS_0586,FOODAPS_93,You said there is one [FILL IN STATE SNAP NAME] card in this household. Now we will ask about who in the household is assigned to the EBT card. Select the names of the people below that receive [FILL SNAP] benefits together under that EBT card,ACS_54,"IN THE PAST 12 MONTHS, did you or any member of this household receive benefits from the Food Stamp Program or SNAP (the Supplemental Nutrition Assistance Program)?",Food Stamps (SNAP)
FOODAPS_0587,FOODAPS_94,You said there are two [FILL IN STATE SNAP NAME] cards in this household. Now we will ask about who in the household is assigned to the two EBT cards. Select the names of the people below that receive [FILL SNAP] benefits together under those two EBT cards.,ACS_54,"IN THE PAST 12 MONTHS, did you or any member of this household receive benefits from the Food Stamp Program or SNAP (the Supplemental Nutrition Assistance Program)?",Food Stamps (SNAP)
FOODAPS_0588,FOODAPS_95,You said there are three or more [FILL IN STATE SNAP NAME] cards in this household. Now we will ask about who in the household is assigned to the first three EBT cards. Select the names of the people below that receive [FILL SNAP] benefits together under the first three EBT cards.,ACS_54,"IN THE PAST 12 MONTHS, did you or any member of this household receive benefits from the Food Stamp Program or SNAP (the Supplemental Nutrition Assistance Program)?",Food Stamps (SNAP)
FOODAPS_0589,FOODAPS_96,On what date did [you/you and names of SNAP group 1 from B1ba ] last receive [FILL IN STATE SNAP NAME] benefits?,ACS_54,"IN THE PAST 12 MONTHS, did you or any member of this household receive benefits from the Food Stamp Program or SNAP (the Supplemental Nutrition Assistance Program)?",Food Stamps (SNAP)
FOODAPS_0590,FOODAPS_97,How many dollars were put on your EBT card the last time you received [FILL IN STATE SNAP NAME] benefits?,ACS_54,"IN THE PAST 12 MONTHS, did you or any member of this household receive benefits from the Food Stamp Program or SNAP (the Supplemental Nutrition Assistance Program)?",Food Stamps (SNAP)
FOODAPS_0591,FOODAPS_98,"Is that the amount usually added each month, more than the usual amount, or less than the usual amount?",ACS_54,"IN THE PAST 12 MONTHS, did you or any member of this household receive benefits from the Food Stamp Program or SNAP (the Supplemental Nutrition Assistance Program)?",Food Stamps (SNAP)
FOODAPS_0592,FOODAPS_99,"Is that the amount usually added each month, more than the usual amount, or less than the usual amount?",ACS_54,"IN THE PAST 12 MONTHS, did you or any member of this household receive benefits from the Food Stamp Program or SNAP (the Supplemental Nutrition Assistance Program)?",Food Stamps (SNAP)
FOODAPS_0593,FOODAPS_100,[Have you/Has anyone at this address] ever received benefits from SNAP?,ACS_54,"IN THE PAST 12 MONTHS, did you or any member of this household receive benefits from the Food Stamp Program or SNAP (the Supplemental Nutrition Assistance Program)?",Food Stamps (SNAP)
FOODAPS_0594,FOODAPS_101,Did (you/anyone at this address) receive benefits from SNAP in the last 12 months?,ACS_54,"IN THE PAST 12 MONTHS, did you or any member of this household receive benefits from the Food Stamp Program or SNAP (the Supplemental Nutrition Assistance Program)?",Food Stamps (SNAP)
FOODAPS_0595,FOODAPS_102,Select the names of the people below that received benefits from SNAP during the last 12 months.,ACS_54,"IN THE PAST 12 MONTHS, did you or any member of this household receive benefits from the Food Stamp Program or SNAP (the Supplemental Nutrition Assistance Program)?",Food Stamps (SNAP)
FOODAPS_0596,FOODAPS_103,On what date did [you/someone at this address] last receive benefits from SNAP?,ACS_54,"IN THE PAST 12 MONTHS, did you or any member of this household receive benefits from the Food Stamp Program or SNAP (the Supplemental Nutrition Assistance Program)?",Food Stamps (SNAP)
FOODAPS_0597,FOODAPS_104,How many dollars were put on the SNAP EBT card at that time?,ACS_54,"IN THE PAST 12 MONTHS, did you or any member of this household receive benefits from the Food Stamp Program or SNAP (the Supplemental Nutrition Assistance Program)?",Food Stamps (SNAP)
FOODAPS_0598,FOODAPS_105,Are you/Is anyone in your household now receiving benefits from WIC?,ACS_54,"IN THE PAST 12 MONTHS, did you or any member of this household receive benefits from the Food Stamp Program or SNAP (the Supplemental Nutrition Assistance Program)?",Food Stamps (SNAP)
FOODAPS_0599,FOODAPS_106,"Select the names of the people listed below that currently receive WIC benefits, including infants and children",ACS_54,"IN THE PAST 12 MONTHS, did you or any member of this household receive benefits from the Food Stamp Program or SNAP (the Supplemental Nutrition Assistance Program)?",Food Stamps (SNAP)
FOODAPS_0600,FOODAPS_121,Do you use most of your benefits from [FILL IN STATE SNAP NAME] at [Fill store from C1 or at Fill store from C3]?,ACS_54,"IN THE PAST 12 MONTHS, did you or any member of this household receive benefits from the Food Stamp Program or SNAP (the Supplemental Nutrition Assistance Program)?",Food Stamps (SNAP)
FOODAPS_0601,FOODAPS_122,Where do you do most of your food shopping when using your benefits from [FILL IN STATE SNAP NAME]?,ACS_54,"IN THE PAST 12 MONTHS, did you or any member of this household receive benefits from the Food Stamp Program or SNAP (the Supplemental Nutrition Assistance Program)?",Food Stamps (SNAP)
FOODAPS_0602,FOODAPS_123,"Do you use most of your WIC benefits at [fill from c1, c3, or c3bbb]",ACS_54,"IN THE PAST 12 MONTHS, did you or any member of this household receive benefits from the Food Stamp Program or SNAP (the Supplemental Nutrition Assistance Program)?",Food Stamps (SNAP)
FOODAPS_0603,FOODAPS_124,Where do you go to shop for most of your WIC items?,ACS_54,"IN THE PAST 12 MONTHS, did you or any member of this household receive benefits from the Food Stamp Program or SNAP (the Supplemental Nutrition Assistance Program)?",Food Stamps (SNAP)
FOODAPS_0604,FOODAPS_139,"During the past 30 days, have you or anyone in your household gotten free groceries from a food pantry, food bank, place of worship, or other place that helps with free food?",ACS_54,"IN THE PAST 12 MONTHS, did you or any member of this household receive benefits from the Food Stamp Program or SNAP (the Supplemental Nutrition Assistance Program)?",Food Stamps (SNAP)
FOODAPS_0605,FOODAPS_140,"During the past 30 days, have you or anyone in your household received a free meal from a place of worship, shelter, home-delivered meal service like Meals on Wheels, or other place that helps with free meals?",ACS_54,"IN THE PAST 12 MONTHS, did you or any member of this household receive benefits from the Food Stamp Program or SNAP (the Supplemental Nutrition Assistance Program)?",Food Stamps (SNAP)
FOODAPS_0606,FOODAPS_276,"Is NAME currently looking for a job, either full or part time?",ACS_111,Has this person been informed that he or she will be recalled to work within the next 6 months OR been given a date to return to work?,Unemployment
FOODAPS_0607,FOODAPS_276,"Is NAME currently looking for a job, either full or part time?",ACS_113,"LAST WEEK, could this person have started a job if offered one, or returned to work if recalled?",Unemployment
FOODAPS_0608,FOODAPS_172,"Do you/Does anyone in your household own or lease a vehicle, like a car or truck?",ACS_48,"How many automobiles, vans, and trucks of one-ton capacity or less are kept at home for use by members of this household?",Vehicles
FOODAPS_0609,FOODAPS_173,How many vehicles do you/does your household own or lease?,ACS_48,"How many automobiles, vans, and trucks of one-ton capacity or less are kept at home for use by members of this household?",Vehicles
