pair_id,survey,final_L1,final_barrier_code,final_feasibility,confidence,L1_agree_oa_an,feas_agree_oa_an,has_google,final_barrier_code_oa,final_feasibility_oa,L1_oa,final_barrier_code_an,final_feasibility_an,L1_an,final_barrier_code_go,final_feasibility_go,L1_go
CPS_0000,CPS,RS,RS.1,F1,LOW,False,False,True,CC.2,F3,CC,RS.1,F1,RS,RS.1,F1,RS
CPS_0001,CPS,CC,CC.1,F3,HIGH,True,True,True,CC.1,F3,CC,CC.1,F3,CC,CC.1,F3,CC
CPS_0002,CPS,PC,PC.3,F2,HIGH,True,True,True,PC.3,F2,PC,PC.3,F2,PC,PC.3,F2,PC
CPS_0003,CPS,CC,CC.1,F3,HIGH,True,True,True,CC.1,F3,CC,CC.1,F3,CC,CC.1,F3,CC
CPS_0004,CPS,PC,PC.3,F2,LOW,False,False,True,CC.4,F3,CC,PC.3,F2,PC,PC.3,F2,PC
CPS_0005,CPS,CC,CC.1,F3,HIGH,True,True,True,CC.1,F3,CC,CC.1,F3,CC,CC.1,F3,CC
CPS_0006,CPS,CC,CC.1,F3,MODERATE,False,True,True,PC.1,F3,PC,CC.1,F3,CC,CC.1,F3,CC
CPS_0007,CPS,CC,CC.1,F3,HIGH,True,True,True,CC.1,F3,CC,CC.1,F3,CC,CC.1,F3,CC
CPS_0008,CPS,TC,TC.2,F2,HIGH,True,True,True,TC.2,F2,TC,TC.2,F2,TC,TC.2,F2,TC
CPS_0009,CPS,TC,TC.1,F2,HIGH,True,True,True,TC.1,F2,TC,TC.1,F2,TC,TC.1,F2,TC
CPS_0010,CPS,CC,CC.2,F3,HIGH,True,True,True,CC.2,F3,CC,CC.1,F3,CC,CC.1,F3,CC
CPS_0011,CPS,CC,CC.2,F3,HIGH,True,True,True,CC.2,F3,CC,CC.1,F3,CC,CC.1,F3,CC
CPS_0013,CPS,TC,TC.2,F3,MODERATE,False,True,True,CC.2,F3,CC,TC.2,F3,TC,TC.2,F3,TC
CPS_0014,CPS,CC,CC.2,F3,HIGH,True,True,True,CC.2,F3,CC,CC.2,F3,CC,CC.1,F3,CC
CPS_0015,CPS,CC,CC.2,F3,HIGH,True,True,True,CC.2,F3,CC,CC.1,F3,CC,CC.1,F3,CC
CPS_0016,CPS,MC,MC.2,F1,MODERATE,True,False,True,MC.2,F1,MC,MC.3,F2,MC,MC.2,F1,MC
CPS_0017,CPS,CC,CC.2,F2,LOW,False,False,True,CC.2,F2,CC,MC.3,F1,MC,CC.2,F2,CC
CPS_0018,CPS,MC,MC.3,F2,MODERATE,True,False,True,MC.3,F2,MC,MC.2,F1,MC,CC.2,F2,CC
CPS_0019,CPS,MC,MC.3,F2,MODERATE,True,False,True,MC.3,F2,MC,MC.2,F1,MC,CC.2,F2,CC
CPS_0020,CPS,NHB,NHB.0,F1,HIGH,True,True,True,NHB.0,F1,NHB,NHB.0,F1,NHB,RS.3,F1,RS
CPS_0021,CPS,CC,CC.2,F3,HIGH,True,True,True,CC.2,F3,CC,CC.2,F3,CC,CC.2,F3,CC
CPS_0022,CPS,CC,CC.2,F3,HIGH,True,True,True,CC.2,F3,CC,CC.2,F3,CC,CC.2,F3,CC
CPS_0023,CPS,TC,TC.2,F2,HIGH,True,True,True,TC.2,F2,TC,TC.2,F2,TC,TC.2,F2,TC
CPS_0024,CPS,CC,CC.4,F2,HIGH,True,True,True,CC.4,F2,CC,CC.4,F2,CC,CC.4,F2,CC
CPS_0025,CPS,CC,CC.4,F2,HIGH,True,True,True,CC.4,F2,CC,CC.4,F2,CC,CC.4,F2,CC
CPS_0026,CPS,CC,CC.4,F2,HIGH,True,True,True,CC.4,F2,CC,CC.4,F2,CC,CC.4,F2,CC
CPS_0027,CPS,CC,CC.4,F2,HIGH,True,True,True,CC.4,F2,CC,CC.4,F2,CC,CC.4,F2,CC
CPS_0028,CPS,CC,CC.4,F2,HIGH,True,True,True,CC.4,F2,CC,CC.4,F2,CC,CC.4,F2,CC
CPS_0029,CPS,CC,CC.2,F3,HIGH,True,True,True,CC.2,F3,CC,CC.2,F3,CC,CC.2,F3,CC
CPS_0030,CPS,CC,CC.2,F3,HIGH,True,True,True,CC.2,F3,CC,CC.2,F3,CC,CC.2,F3,CC
CPS_0031,CPS,TC,TC.1,F2,LOW,False,False,True,CC.4,F3,CC,TC.1,F2,TC,TC.1,F2,TC
CPS_0032,CPS,RS,RS.1,F1,HIGH,True,True,True,RS.1,F1,RS,RS.1,F1,RS,RS.1,F1,RS
CPS_0033,CPS,RS,RS.1,F1,HIGH,True,True,True,RS.1,F1,RS,RS.1,F1,RS,RS.1,F1,RS
CPS_0034,CPS,RS,RS.1,F1,HIGH,True,True,True,RS.1,F1,RS,RS.1,F1,RS,RS.1,F1,RS
CPS_0035,CPS,RS,RS.1,F1,HIGH,True,True,True,RS.1,F1,RS,RS.1,F1,RS,RS.1,F1,RS
CPS_0036,CPS,RS,RS.1,F1,HIGH,True,True,True,RS.1,F1,RS,RS.1,F1,RS,RS.1,F1,RS
CPS_0037,CPS,CC,CC.2,F3,HIGH,True,True,True,CC.2,F3,CC,CC.1,F3,CC,CC.2,F3,CC
CPS_0038,CPS,CC,CC.2,F3,HIGH,True,True,True,CC.2,F3,CC,CC.1,F3,CC,CC.2,F3,CC
CPS_0039,CPS,TC,TC.2,F2,HIGH,True,True,True,TC.2,F2,TC,TC.1,F2,TC,TC.1,F2,TC
CPS_0040,CPS,CC,CC.2,F3,HIGH,True,True,True,CC.2,F3,CC,CC.2,F3,CC,TC.2,F3,TC
CPS_0041,CPS,TC,TC.2,F3,MODERATE,False,True,True,CC.2,F3,CC,TC.2,F3,TC,TC.2,F3,TC
CPS_0042,CPS,TC,TC.2,F3,MODERATE,False,True,True,CC.1,F3,CC,TC.2,F3,TC,TC.2,F3,TC
CPS_0043,CPS,TC,TC.2,F3,MODERATE,False,True,True,CC.2,F3,CC,TC.2,F3,TC,TC.2,F3,TC
CPS_0044,CPS,TC,TC.2,F3,MODERATE,False,True,True,CC.2,F3,CC,TC.2,F3,TC,TC.2,F3,TC
CPS_0045,CPS,TC,TC.1,F3,MODERATE,False,True,True,CC.2,F3,CC,TC.1,F3,TC,TC.1,F3,TC
CPS_0046,CPS,CC,CC.2,F3,HIGH,True,True,True,CC.2,F3,CC,CC.1,F3,CC,TC.1,F3,TC
CPS_0047,CPS,TC,TC.1,F2,LOW,False,False,True,CC.2,F3,CC,TC.1,F2,TC,TC.1,F2,TC
CPS_0048,CPS,CC,CC.2,F3,HIGH,True,True,True,CC.2,F3,CC,CC.1,F3,CC,CC.2,F3,CC
CPS_0049,CPS,CC,CC.2,F3,HIGH,True,True,True,CC.2,F3,CC,CC.1,F3,CC,CC.1,F3,CC
CPS_0050,CPS,CC,CC.2,F3,HIGH,True,True,True,CC.2,F3,CC,CC.1,F3,CC,CC.2,F3,CC
CPS_0051,CPS,CC,CC.1,F3,HIGH,True,True,True,CC.1,F3,CC,CC.1,F3,CC,CC.1,F3,CC
CPS_0052,CPS,CC,CC.1,F3,HIGH,True,True,True,CC.1,F3,CC,CC.1,F3,CC,CC.1,F3,CC
CPS_0053,CPS,CC,CC.1,F3,HIGH,True,True,True,CC.1,F3,CC,CC.1,F3,CC,CC.1,F3,CC
CPS_0054,CPS,CC,CC.1,F3,HIGH,True,True,True,CC.1,F3,CC,CC.1,F3,CC,CC.1,F3,CC
CPS_0055,CPS,CC,CC.1,F3,HIGH,True,True,True,CC.1,F3,CC,CC.1,F3,CC,CC.1,F3,CC
CPS_0056,CPS,CC,CC.2,F3,HIGH,True,True,True,CC.2,F3,CC,CC.2,F3,CC,CC.2,F3,CC
CPS_0057,CPS,CC,CC.2,F3,HIGH,True,True,True,CC.2,F3,CC,CC.2,F3,CC,CC.2,F3,CC
CPS_0058,CPS,CC,CC.2,F3,HIGH,True,True,True,CC.2,F3,CC,CC.2,F3,CC,CC.2,F3,CC
CPS_0059,CPS,CC,CC.2,F3,HIGH,True,True,True,CC.2,F3,CC,CC.2,F3,CC,CC.2,F3,CC
CPS_0060,CPS,CC,CC.2,F3,HIGH,True,True,True,CC.2,F3,CC,CC.2,F3,CC,CC.2,F3,CC
CPS_0061,CPS,CC,CC.1,F3,HIGH,True,True,True,CC.1,F3,CC,CC.1,F3,CC,CC.1,F3,CC
CPS_0062,CPS,TC,TC.1,F3,MODERATE,False,True,True,CC.2,F3,CC,TC.1,F3,TC,TC.1,F3,TC
CPS_0063,CPS,CC,CC.2,F3,HIGH,True,True,True,CC.2,F3,CC,CC.2,F3,CC,CC.2,F3,CC
CPS_0064,CPS,CC,CC.1,F3,HIGH,True,True,True,CC.1,F3,CC,CC.2,F3,CC,CC.2,F3,CC
CPS_0065,CPS,CC,CC.1,F3,HIGH,True,True,True,CC.1,F3,CC,CC.1,F3,CC,CC.2,F3,CC
CPS_0068,CPS,CC,CC.1,F3,HIGH,True,True,True,CC.1,F3,CC,CC.1,F3,CC,CC.1,F3,CC
CPS_0066,CPS,CC,CC.1,F3,HIGH,True,True,True,CC.1,F3,CC,CC.1,F3,CC,CC.1,F3,CC
CPS_0067,CPS,CC,CC.1,F3,HIGH,True,True,True,CC.1,F3,CC,CC.1,F3,CC,CC.2,F3,CC
CPS_0071,CPS,CC,CC.1,F3,HIGH,True,True,True,CC.1,F3,CC,CC.2,F3,CC,CC.1,F3,CC
CPS_0069,CPS,CC,CC.1,F3,HIGH,True,True,True,CC.1,F3,CC,CC.1,F3,CC,CC.1,F3,CC
CPS_0070,CPS,CC,CC.2,F3,HIGH,True,True,True,CC.2,F3,CC,CC.1,F3,CC,CC.2,F3,CC
CPS_0072,CPS,TC,TC.2,F2,HIGH,True,True,True,TC.2,F2,TC,TC.2,F2,TC,TC.2,F2,TC
CPS_0073,CPS,TC,TC.2,F2,HIGH,True,True,True,TC.2,F2,TC,TC.2,F2,TC,TC.2,F2,TC
CPS_0074,CPS,TC,TC.2,F2,HIGH,True,True,True,TC.2,F2,TC,TC.2,F2,TC,TC.2,F2,TC
CPS_0075,CPS,TC,TC.2,F2,HIGH,True,True,True,TC.2,F2,TC,TC.2,F2,TC,TC.2,F2,TC
CPS_0077,CPS,CC,CC.1,F3,HIGH,True,True,True,CC.1,F3,CC,CC.1,F3,CC,CC.1,F3,CC
CPS_0076,CPS,TC,TC.2,F2,HIGH,True,True,True,TC.2,F2,TC,TC.2,F2,TC,TC.2,F2,TC
CPS_0079,CPS,TC,TC.2,F2,HIGH,True,True,True,TC.2,F2,TC,TC.1,F2,TC,TC.2,F2,TC
CPS_0078,CPS,CC,CC.2,F3,HIGH,True,True,True,CC.2,F3,CC,CC.1,F3,CC,CC.1,F3,CC
CPS_0080,CPS,CC,CC.4,F2,MODERATE,False,True,True,CC.4,F2,CC,TC.2,F2,TC,CC.4,F2,CC
CPS_0081,CPS,TC,TC.2,F2,HIGH,True,True,True,TC.2,F2,TC,TC.2,F2,TC,TC.2,F2,TC
CPS_0083,CPS,TC,TC.2,F2,HIGH,True,True,True,TC.2,F2,TC,TC.2,F2,TC,TC.2,F2,TC
CPS_0082,CPS,TC,TC.2,F3,MODERATE,False,True,True,CC.2,F3,CC,TC.2,F3,TC,TC.2,F3,TC
CPS_0084,CPS,TC,TC.2,F2,HIGH,True,True,True,TC.2,F2,TC,TC.2,F2,TC,TC.2,F2,TC
CPS_0085,CPS,CC,CC.2,F3,HIGH,True,True,True,CC.2,F3,CC,CC.2,F3,CC,TC.1,F3,TC
CPS_0086,CPS,CC,CC.2,F3,MODERATE,False,True,True,CC.2,F3,CC,TC.1,F3,TC,CC.2,F3,CC
CPS_0087,CPS,TC,TC.2,F2,HIGH,True,True,True,TC.2,F2,TC,TC.2,F2,TC,TC.1,F2,TC
CPS_0088,CPS,CC,CC.4,F3,HIGH,True,True,True,CC.4,F3,CC,CC.4,F3,CC,CC.4,F3,CC
CPS_0089,CPS,CC,CC.4,F3,HIGH,True,True,True,CC.4,F3,CC,CC.4,F3,CC,CC.4,F3,CC
CPS_0090,CPS,CC,CC.4,F3,HIGH,True,True,True,CC.4,F3,CC,CC.4,F3,CC,CC.4,F3,CC
CPS_0092,CPS,CC,CC.2,F3,HIGH,True,True,True,CC.2,F3,CC,CC.4,F3,CC,CC.4,F3,CC
CPS_0091,CPS,CC,CC.4,F3,HIGH,True,True,True,CC.4,F3,CC,CC.4,F3,CC,CC.4,F3,CC
CPS_0093,CPS,CC,CC.1,F3,HIGH,True,True,True,CC.1,F3,CC,CC.1,F3,CC,CC.1,F3,CC
CPS_0096,CPS,CC,CC.2,F3,HIGH,True,True,True,CC.2,F3,CC,CC.1,F3,CC,CC.1,F3,CC
CPS_0095,CPS,CC,CC.4,F2,MODERATE,True,False,True,CC.4,F3,CC,CC.4,F2,CC,CC.4,F2,CC
CPS_0094,CPS,CC,CC.1,F3,HIGH,True,True,True,CC.1,F3,CC,CC.1,F3,CC,CC.1,F3,CC
CPS_0097,CPS,CC,CC.2,F3,HIGH,True,True,True,CC.2,F3,CC,CC.1,F3,CC,CC.1,F3,CC
CPS_0098,CPS,CC,CC.1,F3,HIGH,True,True,True,CC.1,F3,CC,CC.1,F3,CC,CC.1,F3,CC
CPS_0099,CPS,CC,CC.2,F3,HIGH,True,True,True,CC.2,F3,CC,CC.1,F3,CC,CC.1,F3,CC
CPS_0100,CPS,CC,CC.1,F3,HIGH,True,True,True,CC.1,F3,CC,CC.1,F3,CC,CC.1,F3,CC
CPS_0102,CPS,CC,CC.2,F3,HIGH,True,True,True,CC.2,F3,CC,CC.1,F3,CC,CC.1,F3,CC
CPS_0101,CPS,CC,CC.1,F3,HIGH,True,True,True,CC.1,F3,CC,CC.1,F3,CC,CC.1,F3,CC
CPS_0103,CPS,CC,CC.1,F3,HIGH,True,True,True,CC.1,F3,CC,CC.1,F3,CC,CC.1,F3,CC
CPS_0105,CPS,CC,CC.3,F1,LOW,False,False,True,CC.3,F1,CC,PC.1,F2,PC,CC.3,F1,CC
CPS_0104,CPS,PC,PC.1,F2,MODERATE,True,False,True,PC.1,F3,PC,PC.1,F2,PC,PC.1,F2,PC
CPS_0106,CPS,PC,PC.1,F3,HIGH,True,True,True,PC.1,F3,PC,PC.1,F3,PC,PC.1,F3,PC
CPS_0107,CPS,PC,PC.1,F3,HIGH,True,True,True,PC.1,F3,PC,PC.1,F3,PC,PC.1,F3,PC
CPS_0108,CPS,PC,PC.1,F3,MODERATE,False,True,True,MC.2,F3,MC,PC.1,F3,PC,PC.1,F3,PC
CPS_0109,CPS,CC,CC.1,F3,HIGH,True,True,True,CC.1,F3,CC,CC.1,F3,CC,CC.1,F3,CC
CPS_0110,CPS,CC,CC.1,F3,HIGH,True,True,True,CC.1,F3,CC,CC.1,F3,CC,CC.1,F3,CC
CPS_0111,CPS,CC,CC.2,F3,MODERATE,True,False,True,CC.2,F2,CC,CC.1,F3,CC,CC.1,F3,CC
CPS_0112,CPS,CC,CC.1,F3,HIGH,True,True,True,CC.1,F3,CC,CC.1,F3,CC,CC.1,F3,CC
CPS_0113,CPS,CC,CC.1,F3,HIGH,True,True,True,CC.1,F3,CC,CC.1,F3,CC,CC.1,F3,CC
CPS_0114,CPS,CC,CC.1,F3,HIGH,True,True,True,CC.1,F3,CC,CC.1,F3,CC,CC.1,F3,CC
CPS_0116,CPS,CC,CC.1,F3,HIGH,True,True,True,CC.1,F3,CC,CC.1,F3,CC,CC.1,F3,CC
CPS_0117,CPS,CC,CC.1,F3,HIGH,True,True,True,CC.1,F3,CC,CC.1,F3,CC,CC.1,F3,CC
CPS_0115,CPS,CC,CC.1,F3,HIGH,True,True,True,CC.1,F3,CC,CC.1,F3,CC,CC.1,F3,CC
CPS_0118,CPS,CC,CC.1,F3,HIGH,True,True,True,CC.1,F3,CC,CC.1,F3,CC,CC.1,F3,CC
CPS_0119,CPS,CC,CC.1,F3,HIGH,True,True,True,CC.1,F3,CC,CC.1,F3,CC,CC.1,F3,CC
CPS_0125,CPS,CC,CC.1,F3,HIGH,True,True,True,CC.1,F3,CC,CC.1,F3,CC,CC.1,F3,CC
CPS_0126,CPS,CC,CC.2,F3,HIGH,True,True,True,CC.2,F3,CC,CC.2,F3,CC,CC.2,F3,CC
CPS_0127,CPS,TC,TC.2,F2,HIGH,True,True,True,TC.2,F2,TC,TC.1,F2,TC,TC.1,F2,TC
CPS_0133,CPS,CC,CC.2,F3,HIGH,True,True,True,CC.2,F3,CC,CC.2,F3,CC,CC.2,F3,CC
CPS_0134,CPS,CC,CC.2,F3,HIGH,True,True,True,CC.2,F3,CC,CC.2,F3,CC,CC.2,F3,CC
CPS_0141,CPS,CC,CC.2,F3,HIGH,True,True,True,CC.2,F3,CC,CC.2,F3,CC,CC.2,F3,CC
CPS_0135,CPS,TC,TC.2,F2,HIGH,True,True,True,TC.2,F2,TC,TC.1,F2,TC,TC.1,F2,TC
CPS_0142,CPS,CC,CC.2,F3,HIGH,True,True,True,CC.2,F3,CC,CC.2,F3,CC,CC.2,F3,CC
CPS_0143,CPS,TC,TC.2,F2,HIGH,True,True,True,TC.2,F2,TC,TC.1,F2,TC,TC.1,F2,TC
CPS_0150,CPS,CC,CC.2,F3,HIGH,True,True,True,CC.2,F3,CC,CC.2,F3,CC,CC.2,F3,CC
CPS_0149,CPS,CC,CC.2,F3,HIGH,True,True,True,CC.2,F3,CC,CC.2,F3,CC,CC.2,F3,CC
CPS_0157,CPS,CC,CC.2,F3,HIGH,True,True,True,CC.2,F3,CC,CC.2,F3,CC,CC.2,F3,CC
CPS_0158,CPS,CC,CC.2,F3,HIGH,True,True,True,CC.2,F3,CC,CC.2,F3,CC,CC.2,F3,CC
CPS_0151,CPS,TC,TC.2,F2,HIGH,True,True,True,TC.2,F2,TC,TC.1,F2,TC,TC.1,F2,TC
CPS_0159,CPS,TC,TC.2,F2,HIGH,True,True,True,TC.2,F2,TC,TC.2,F2,TC,TC.1,F2,TC
CPS_0163,CPS,MC,MC.2,F1,HIGH,True,True,True,MC.2,F1,MC,MC.2,F1,MC,MC.2,F1,MC
CPS_0162,CPS,MC,MC.2,F1,HIGH,True,True,True,MC.2,F1,MC,MC.2,F1,MC,MC.2,F1,MC
CPS_0165,CPS,CC,CC.1,F3,HIGH,True,True,True,CC.1,F3,CC,CC.2,F3,CC,CC.2,F3,CC
CPS_0166,CPS,CC,CC.2,F3,HIGH,True,True,True,CC.2,F3,CC,CC.2,F3,CC,CC.2,F3,CC
CPS_0167,CPS,TC,TC.1,F2,HIGH,True,True,True,TC.1,F2,TC,TC.1,F2,TC,TC.1,F2,TC
CPS_0173,CPS,CC,CC.2,F3,HIGH,True,True,True,CC.2,F3,CC,CC.2,F3,CC,CC.2,F3,CC
CPS_0168,CPS,MC,MC.3,F1,HIGH,True,True,True,MC.3,F1,MC,MC.3,F1,MC,MC.3,F1,MC
CPS_0174,CPS,CC,CC.2,F3,HIGH,True,True,True,CC.2,F3,CC,CC.2,F3,CC,CC.2,F3,CC
CPS_0175,CPS,TC,TC.2,F2,HIGH,True,True,True,TC.2,F2,TC,TC.1,F2,TC,TC.2,F2,TC
CPS_0176,CPS,CC,CC.2,F3,HIGH,True,True,True,CC.2,F3,CC,CC.1,F3,CC,CC.1,F3,CC
CPS_0177,CPS,CC,CC.1,F3,HIGH,True,True,True,CC.1,F3,CC,CC.1,F3,CC,CC.1,F3,CC
CPS_0178,CPS,CC,CC.1,F3,HIGH,True,True,True,CC.1,F3,CC,CC.1,F3,CC,CC.1,F3,CC
CPS_0179,CPS,CC,CC.2,F3,HIGH,True,True,True,CC.2,F3,CC,CC.1,F3,CC,CC.1,F3,CC
CPS_0180,CPS,CC,CC.1,F3,HIGH,True,True,True,CC.1,F3,CC,CC.1,F3,CC,CC.1,F3,CC
CPS_0182,CPS,CC,CC.1,F3,MODERATE,True,False,True,CC.1,F3,CC,CC.4,F2,CC,CC.4,F3,CC
CPS_0181,CPS,CC,CC.2,F3,HIGH,True,True,True,CC.2,F3,CC,CC.2,F3,CC,CC.1,F3,CC
CPS_0183,CPS,CC,CC.2,F3,HIGH,True,True,True,CC.2,F3,CC,CC.2,F3,CC,CC.2,F3,CC
CPS_0184,CPS,CC,CC.2,F3,HIGH,True,True,True,CC.2,F3,CC,CC.1,F3,CC,CC.1,F3,CC
CPS_0186,CPS,CC,CC.1,F3,HIGH,True,True,True,CC.1,F3,CC,CC.1,F3,CC,CC.1,F3,CC
CPS_0185,CPS,CC,CC.2,F3,HIGH,True,True,True,CC.2,F3,CC,CC.2,F3,CC,CC.2,F3,CC
CPS_0187,CPS,CC,CC.2,F3,HIGH,True,True,True,CC.2,F3,CC,CC.2,F3,CC,CC.2,F3,CC
CPS_0188,CPS,CC,CC.1,F3,HIGH,True,True,True,CC.1,F3,CC,CC.1,F3,CC,CC.2,F3,CC
CPS_0189,CPS,CC,CC.2,F3,HIGH,True,True,True,CC.2,F3,CC,CC.2,F3,CC,CC.2,F3,CC
CPS_0191,CPS,CC,CC.2,F3,HIGH,True,True,True,CC.2,F3,CC,CC.2,F3,CC,CC.2,F3,CC
CPS_0190,CPS,CC,CC.2,F3,HIGH,True,True,True,CC.2,F3,CC,CC.1,F3,CC,CC.2,F3,CC
CPS_0192,CPS,CC,CC.1,F3,HIGH,True,True,True,CC.1,F3,CC,CC.2,F3,CC,CC.2,F3,CC
CPS_0194,CPS,CC,CC.1,F3,HIGH,True,True,True,CC.1,F3,CC,CC.1,F3,CC,CC.1,F3,CC
CPS_0193,CPS,CC,CC.2,F3,HIGH,True,True,True,CC.2,F3,CC,CC.2,F3,CC,CC.1,F3,CC
CPS_0195,CPS,CC,CC.1,F3,HIGH,True,True,True,CC.1,F3,CC,CC.1,F3,CC,CC.1,F3,CC
CPS_0196,CPS,CC,CC.1,F3,HIGH,True,True,True,CC.1,F3,CC,CC.1,F3,CC,CC.1,F3,CC
CPS_0197,CPS,CC,CC.1,F3,HIGH,True,True,True,CC.1,F3,CC,CC.1,F3,CC,CC.1,F3,CC
CPS_0198,CPS,CC,CC.1,F3,HIGH,True,True,True,CC.1,F3,CC,CC.1,F3,CC,CC.1,F3,CC
CPS_0199,CPS,CC,CC.1,F3,HIGH,True,True,True,CC.1,F3,CC,CC.1,F3,CC,CC.1,F3,CC
CPS_0200,CPS,CC,CC.1,F3,HIGH,True,True,True,CC.1,F3,CC,CC.1,F3,CC,CC.1,F3,CC
CPS_0201,CPS,CC,CC.1,F3,HIGH,True,True,True,CC.1,F3,CC,CC.1,F3,CC,CC.1,F3,CC
CPS_0202,CPS,CC,CC.1,F3,HIGH,True,True,True,CC.1,F3,CC,CC.1,F3,CC,CC.1,F3,CC
CPS_0203,CPS,CC,CC.2,F3,HIGH,True,True,True,CC.2,F3,CC,CC.2,F3,CC,CC.1,F3,CC
CPS_0204,CPS,CC,CC.1,F3,HIGH,True,True,True,CC.1,F3,CC,CC.1,F3,CC,CC.1,F3,CC
CPS_0205,CPS,CC,CC.2,F3,HIGH,True,True,True,CC.2,F3,CC,CC.1,F3,CC,CC.1,F3,CC
CPS_0206,CPS,CC,CC.1,F3,HIGH,True,True,True,CC.1,F3,CC,CC.1,F3,CC,CC.1,F3,CC
CPS_0207,CPS,CC,CC.4,F2,HIGH,True,True,True,CC.4,F2,CC,CC.4,F2,CC,CC.4,F2,CC
CPS_0208,CPS,CC,CC.1,F3,HIGH,True,True,True,CC.1,F3,CC,CC.1,F3,CC,CC.1,F3,CC
CPS_0209,CPS,CC,CC.1,F3,HIGH,True,True,True,CC.1,F3,CC,CC.1,F3,CC,CC.1,F3,CC
CPS_0211,CPS,RS,RS.1,F1,HIGH,True,True,True,RS.1,F1,RS,RS.1,F1,RS,RS.1,F1,RS
CPS_0212,CPS,CC,CC.4,F2,HIGH,True,True,True,CC.4,F2,CC,CC.4,F2,CC,CC.4,F2,CC
CPS_0213,CPS,MC,MC.2,F1,HIGH,True,True,True,MC.2,F1,MC,MC.2,F1,MC,MC.2,F1,MC
CPS_0215,CPS,CC,CC.1,F3,HIGH,True,True,True,CC.1,F3,CC,CC.1,F3,CC,CC.1,F3,CC
CPS_0214,CPS,CC,CC.1,F3,HIGH,True,True,True,CC.1,F3,CC,CC.1,F3,CC,CC.1,F3,CC
CPS_0217,CPS,TC,TC.2,F3,MODERATE,False,True,True,CC.2,F3,CC,TC.2,F3,TC,TC.2,F3,TC
CPS_0218,CPS,CC,CC.1,F3,HIGH,True,True,True,CC.1,F3,CC,CC.1,F3,CC,CC.1,F3,CC
CPS_0216,CPS,TC,TC.2,F2,LOW,False,False,True,CC.1,F3,CC,TC.2,F2,TC,TC.2,F2,TC
CPS_0219,CPS,CC,CC.1,F3,HIGH,True,True,True,CC.1,F3,CC,CC.1,F3,CC,CC.1,F3,CC
CPS_0221,CPS,CC,CC.1,F3,HIGH,True,True,True,CC.1,F3,CC,CC.1,F3,CC,CC.1,F3,CC
CPS_0220,CPS,CC,CC.1,F3,HIGH,True,True,True,CC.1,F3,CC,CC.1,F3,CC,CC.1,F3,CC
CPS_0222,CPS,CC,CC.1,F3,HIGH,True,True,True,CC.1,F3,CC,CC.1,F3,CC,CC.1,F3,CC
CPS_0223,CPS,CC,CC.1,F3,HIGH,True,True,True,CC.1,F3,CC,CC.1,F3,CC,CC.1,F3,CC
CPS_0224,CPS,CC,CC.1,F3,HIGH,True,True,True,CC.1,F3,CC,CC.1,F3,CC,CC.1,F3,CC
CPS_0225,CPS,CC,CC.1,F3,HIGH,True,True,True,CC.1,F3,CC,CC.1,F3,CC,CC.1,F3,CC
CPS_0226,CPS,CC,CC.1,F3,HIGH,True,True,True,CC.1,F3,CC,CC.1,F3,CC,CC.1,F3,CC
CPS_0227,CPS,CC,CC.1,F3,HIGH,True,True,True,CC.1,F3,CC,CC.1,F3,CC,CC.1,F3,CC
CPS_0228,CPS,CC,CC.1,F3,HIGH,True,True,True,CC.1,F3,CC,CC.1,F3,CC,CC.1,F3,CC
CPS_0229,CPS,CC,CC.1,F3,HIGH,True,True,True,CC.1,F3,CC,CC.1,F3,CC,CC.1,F3,CC
CPS_0230,CPS,CC,CC.1,F3,HIGH,True,True,True,CC.1,F3,CC,CC.1,F3,CC,CC.1,F3,CC
CPS_0231,CPS,CC,CC.1,F3,HIGH,True,True,True,CC.1,F3,CC,CC.1,F3,CC,CC.1,F3,CC
CPS_0232,CPS,CC,CC.1,F3,HIGH,True,True,True,CC.1,F3,CC,CC.1,F3,CC,CC.1,F3,CC
CPS_0233,CPS,CC,CC.1,F3,HIGH,True,True,True,CC.1,F3,CC,CC.1,F3,CC,CC.1,F3,CC
CPS_0234,CPS,CC,CC.1,F3,HIGH,True,True,True,CC.1,F3,CC,CC.1,F3,CC,CC.1,F3,CC
CPS_0235,CPS,CC,CC.1,F3,HIGH,True,True,True,CC.1,F3,CC,CC.1,F3,CC,CC.1,F3,CC
CPS_0236,CPS,CC,CC.1,F3,HIGH,True,True,True,CC.1,F3,CC,CC.1,F3,CC,CC.1,F3,CC
CPS_0237,CPS,CC,CC.1,F3,HIGH,True,True,True,CC.1,F3,CC,CC.1,F3,CC,CC.1,F3,CC
CPS_0238,CPS,CC,CC.1,F3,HIGH,True,True,True,CC.1,F3,CC,CC.1,F3,CC,CC.1,F3,CC
CPS_0240,CPS,CC,CC.1,F3,HIGH,True,True,True,CC.1,F3,CC,CC.1,F3,CC,CC.1,F3,CC
CPS_0239,CPS,CC,CC.1,F3,HIGH,True,True,True,CC.1,F3,CC,CC.1,F3,CC,CC.1,F3,CC
CPS_0241,CPS,CC,CC.1,F3,HIGH,True,True,True,CC.1,F3,CC,CC.1,F3,CC,CC.1,F3,CC
CPS_0242,CPS,CC,CC.1,F3,HIGH,True,True,True,CC.1,F3,CC,CC.1,F3,CC,CC.1,F3,CC
CPS_0243,CPS,CC,CC.1,F3,HIGH,True,True,True,CC.1,F3,CC,CC.1,F3,CC,CC.1,F3,CC
CPS_0244,CPS,CC,CC.1,F3,HIGH,True,True,True,CC.1,F3,CC,CC.1,F3,CC,CC.1,F3,CC
CPS_0245,CPS,CC,CC.1,F3,HIGH,True,True,True,CC.1,F3,CC,CC.1,F3,CC,CC.1,F3,CC
CPS_0246,CPS,CC,CC.1,F3,HIGH,True,True,True,CC.1,F3,CC,CC.1,F3,CC,CC.1,F3,CC
CPS_0247,CPS,CC,CC.1,F3,HIGH,True,True,True,CC.1,F3,CC,CC.1,F3,CC,CC.1,F3,CC
CPS_0249,CPS,CC,CC.1,F3,HIGH,True,True,True,CC.1,F3,CC,CC.1,F3,CC,CC.1,F3,CC
CPS_0248,CPS,CC,CC.1,F3,HIGH,True,True,True,CC.1,F3,CC,CC.1,F3,CC,CC.1,F3,CC
CPS_0250,CPS,CC,CC.1,F3,HIGH,True,True,True,CC.1,F3,CC,CC.1,F3,CC,CC.1,F3,CC
CPS_0251,CPS,CC,CC.1,F3,MODERATE,False,True,True,MC.2,F3,MC,CC.1,F3,CC,CC.1,F3,CC
CPS_0252,CPS,CC,CC.1,F3,HIGH,True,True,True,CC.1,F3,CC,CC.1,F3,CC,CC.1,F3,CC
CPS_0253,CPS,CC,CC.1,F3,HIGH,True,True,True,CC.1,F3,CC,CC.1,F3,CC,CC.1,F3,CC
CPS_0254,CPS,CC,CC.1,F3,HIGH,True,True,True,CC.1,F3,CC,CC.1,F3,CC,CC.1,F3,CC
CPS_0255,CPS,CC,CC.1,F3,HIGH,True,True,True,CC.1,F3,CC,CC.1,F3,CC,CC.1,F3,CC
CPS_0256,CPS,CC,CC.1,F3,HIGH,True,True,True,CC.1,F3,CC,CC.1,F3,CC,CC.1,F3,CC
CPS_0257,CPS,CC,CC.1,F3,HIGH,True,True,True,CC.1,F3,CC,CC.1,F3,CC,CC.1,F3,CC
CPS_0258,CPS,CC,CC.1,F3,HIGH,True,True,True,CC.1,F3,CC,CC.1,F3,CC,CC.1,F3,CC
CPS_0259,CPS,CC,CC.1,F3,HIGH,True,True,True,CC.1,F3,CC,CC.1,F3,CC,CC.1,F3,CC
CPS_0260,CPS,CC,CC.1,F3,HIGH,True,True,True,CC.1,F3,CC,CC.1,F3,CC,CC.1,F3,CC
CPS_0261,CPS,CC,CC.1,F3,HIGH,True,True,True,CC.1,F3,CC,CC.1,F3,CC,CC.1,F3,CC
CPS_0262,CPS,CC,CC.1,F3,HIGH,True,True,True,CC.1,F3,CC,CC.1,F3,CC,CC.1,F3,CC
CPS_0264,CPS,CC,CC.1,F3,HIGH,True,True,True,CC.1,F3,CC,CC.1,F3,CC,CC.1,F3,CC
CPS_0263,CPS,CC,CC.1,F3,HIGH,True,True,True,CC.1,F3,CC,CC.1,F3,CC,CC.1,F3,CC
CPS_0266,CPS,CC,CC.1,F3,HIGH,True,True,True,CC.1,F3,CC,CC.1,F3,CC,CC.1,F3,CC
CPS_0265,CPS,CC,CC.1,F3,HIGH,True,True,True,CC.1,F3,CC,CC.1,F3,CC,CC.1,F3,CC
CPS_0267,CPS,CC,CC.1,F3,HIGH,True,True,True,CC.1,F3,CC,CC.1,F3,CC,CC.1,F3,CC
CPS_0269,CPS,CC,CC.1,F3,HIGH,True,True,True,CC.1,F3,CC,CC.1,F3,CC,CC.1,F3,CC
CPS_0270,CPS,CC,CC.1,F3,HIGH,True,True,True,CC.1,F3,CC,CC.1,F3,CC,CC.1,F3,CC
CPS_0268,CPS,CC,CC.1,F3,HIGH,True,True,True,CC.1,F3,CC,CC.1,F3,CC,CC.1,F3,CC
CPS_0271,CPS,CC,CC.1,F3,HIGH,True,True,True,CC.1,F3,CC,CC.1,F3,CC,CC.1,F3,CC
CPS_0272,CPS,CC,CC.2,F3,HIGH,True,True,True,CC.2,F3,CC,CC.2,F3,CC,CC.2,F3,CC
CPS_0273,CPS,TC,TC.3,F2,HIGH,True,True,True,TC.3,F2,TC,TC.3,F2,TC,TC.3,F2,TC
CPS_0275,CPS,CC,CC.1,F3,HIGH,True,True,True,CC.1,F3,CC,CC.1,F3,CC,CC.1,F3,CC
CPS_0274,CPS,TC,TC.3,F1,MODERATE,True,False,True,TC.3,F1,TC,TC.3,F2,TC,TC.3,F1,TC
CPS_0276,CPS,CC,CC.2,F3,HIGH,True,True,True,CC.2,F3,CC,CC.1,F3,CC,CC.1,F3,CC
CPS_0277,CPS,TC,TC.2,F3,HIGH,True,True,True,TC.2,F3,TC,TC.2,F3,TC,TC.2,F3,TC
CPS_0278,CPS,CC,CC.1,F3,HIGH,True,True,True,CC.1,F3,CC,CC.1,F3,CC,CC.1,F2,CC
CPS_0280,CPS,CC,CC.1,F3,HIGH,True,True,True,CC.1,F3,CC,CC.1,F3,CC,CC.1,F3,CC
CPS_0279,CPS,CC,CC.1,F3,HIGH,True,True,True,CC.1,F3,CC,CC.1,F3,CC,CC.1,F2,CC
CPS_0281,CPS,CC,CC.1,F3,HIGH,True,True,True,CC.1,F3,CC,CC.1,F3,CC,CC.1,F3,CC
CPS_0283,CPS,CC,CC.1,F3,HIGH,True,True,True,CC.1,F3,CC,CC.1,F3,CC,CC.1,F3,CC
CPS_0282,CPS,CC,CC.1,F3,HIGH,True,True,True,CC.1,F3,CC,CC.1,F3,CC,CC.1,F3,CC
CPS_0284,CPS,CC,CC.1,F3,HIGH,True,True,True,CC.1,F3,CC,CC.1,F3,CC,CC.1,F3,CC
CPS_0285,CPS,CC,CC.1,F3,HIGH,True,True,True,CC.1,F3,CC,CC.1,F3,CC,CC.1,F3,CC
CPS_0286,CPS,CC,CC.1,F3,HIGH,True,True,True,CC.1,F3,CC,CC.1,F3,CC,CC.1,F3,CC
CPS_0287,CPS,CC,CC.1,F3,HIGH,True,True,True,CC.1,F3,CC,CC.1,F3,CC,CC.1,F3,CC
CPS_0288,CPS,CC,CC.2,F2,HIGH,True,True,True,CC.2,F2,CC,CC.2,F2,CC,CC.2,F2,CC
CPS_0289,CPS,CC,CC.2,F2,HIGH,True,True,True,CC.2,F2,CC,CC.2,F2,CC,CC.2,F2,CC
CPS_0291,CPS,CC,CC.2,F2,HIGH,True,True,True,CC.2,F2,CC,CC.2,F2,CC,CC.4,F2,CC
CPS_0290,CPS,CC,CC.1,F3,HIGH,True,True,True,CC.1,F3,CC,CC.1,F3,CC,CC.1,F3,CC
CPS_0292,CPS,CC,CC.1,F3,HIGH,True,True,True,CC.1,F3,CC,CC.1,F3,CC,CC.1,F3,CC
CPS_0293,CPS,CC,CC.1,F3,HIGH,True,True,True,CC.1,F3,CC,CC.1,F3,CC,CC.1,F3,CC
CPS_0294,CPS,CC,CC.1,F3,HIGH,True,True,True,CC.1,F3,CC,CC.1,F3,CC,CC.1,F3,CC
CPS_0295,CPS,CC,CC.1,F3,HIGH,True,True,True,CC.1,F3,CC,CC.1,F3,CC,CC.1,F3,CC
CPS_0296,CPS,CC,CC.1,F3,HIGH,True,True,True,CC.1,F3,CC,CC.1,F3,CC,CC.1,F3,CC
CPS_0297,CPS,CC,CC.1,F3,HIGH,True,True,True,CC.1,F3,CC,CC.1,F3,CC,CC.1,F3,CC
CPS_0298,CPS,CC,CC.1,F3,HIGH,True,True,True,CC.1,F3,CC,CC.1,F3,CC,CC.1,F3,CC
CPS_0299,CPS,CC,CC.1,F3,HIGH,True,True,True,CC.1,F3,CC,CC.1,F3,CC,CC.1,F3,CC
CPS_0300,CPS,TC,TC.3,F2,HIGH,True,True,True,TC.3,F2,TC,TC.3,F2,TC,TC.3,F2,TC
CPS_0301,CPS,CC,CC.1,F3,MODERATE,True,False,True,CC.1,F3,CC,CC.1,F2,CC,CC.1,F3,CC
CPS_0302,CPS,CC,CC.1,F3,HIGH,True,True,True,CC.1,F3,CC,CC.1,F3,CC,CC.1,F3,CC
CPS_0303,CPS,CC,CC.1,F3,HIGH,True,True,True,CC.1,F3,CC,CC.1,F3,CC,CC.1,F3,CC
CPS_0304,CPS,CC,CC.1,F3,HIGH,True,True,True,CC.1,F3,CC,CC.1,F3,CC,CC.1,F3,CC
CPS_0305,CPS,CC,CC.1,F3,HIGH,True,True,True,CC.1,F3,CC,CC.1,F3,CC,CC.1,F3,CC
CPS_0306,CPS,CC,CC.1,F3,HIGH,True,True,True,CC.1,F3,CC,CC.1,F3,CC,CC.1,F3,CC
CPS_0307,CPS,CC,CC.1,F3,HIGH,True,True,True,CC.1,F3,CC,CC.1,F3,CC,CC.1,F3,CC
CPS_0309,CPS,CC,CC.2,F3,HIGH,True,True,True,CC.2,F3,CC,CC.1,F3,CC,CC.1,F3,CC
CPS_0308,CPS,CC,CC.1,F3,HIGH,True,True,True,CC.1,F3,CC,CC.1,F3,CC,CC.1,F3,CC
CPS_0310,CPS,CC,CC.1,F3,HIGH,True,True,True,CC.1,F3,CC,CC.1,F3,CC,CC.1,F3,CC
CPS_0311,CPS,CC,CC.2,F2,HIGH,True,True,True,CC.2,F2,CC,CC.2,F2,CC,CC.1,F2,CC
CPS_0312,CPS,CC,CC.1,F3,HIGH,True,True,True,CC.1,F3,CC,CC.1,F3,CC,CC.1,F3,CC
CPS_0313,CPS,CC,CC.2,F3,HIGH,True,True,True,CC.2,F3,CC,CC.2,F3,CC,CC.2,F3,CC
CPS_0315,CPS,CC,CC.1,F3,HIGH,True,True,True,CC.1,F3,CC,CC.1,F3,CC,CC.1,F3,CC
CPS_0314,CPS,CC,CC.1,F3,HIGH,True,True,True,CC.1,F3,CC,CC.1,F3,CC,CC.1,F3,CC
CPS_0316,CPS,CC,CC.1,F3,HIGH,True,True,True,CC.1,F3,CC,CC.1,F3,CC,CC.1,F3,CC
CPS_0317,CPS,CC,CC.2,F3,HIGH,True,True,True,CC.2,F3,CC,CC.1,F3,CC,CC.1,F3,CC
CPS_0318,CPS,CC,CC.2,F3,HIGH,True,True,True,CC.2,F3,CC,CC.1,F3,CC,CC.2,F3,CC
CPS_0320,CPS,CC,CC.1,F3,HIGH,True,True,True,CC.1,F3,CC,CC.1,F3,CC,CC.1,F3,CC
CPS_0319,CPS,CC,CC.2,F3,HIGH,True,True,True,CC.2,F3,CC,CC.2,F3,CC,CC.2,F3,CC
CPS_0321,CPS,CC,CC.1,F3,HIGH,True,True,True,CC.1,F3,CC,CC.1,F3,CC,CC.1,F3,CC
CPS_0322,CPS,CC,CC.2,F3,HIGH,True,True,True,CC.2,F3,CC,CC.1,F3,CC,CC.1,F3,CC
CPS_0323,CPS,CC,CC.1,F3,HIGH,True,True,True,CC.1,F3,CC,CC.1,F3,CC,CC.1,F3,CC
CPS_0324,CPS,CC,CC.1,F3,HIGH,True,True,True,CC.1,F3,CC,CC.1,F3,CC,CC.1,F3,CC
CPS_0325,CPS,CC,CC.1,F3,HIGH,True,True,True,CC.1,F3,CC,CC.1,F3,CC,CC.1,F3,CC
CPS_0326,CPS,CC,CC.1,F3,HIGH,True,True,True,CC.1,F3,CC,CC.1,F3,CC,CC.1,F3,CC
CPS_0327,CPS,CC,CC.1,F3,HIGH,True,True,True,CC.1,F3,CC,CC.1,F3,CC,CC.1,F3,CC
CPS_0328,CPS,CC,CC.1,F3,HIGH,True,True,True,CC.1,F3,CC,CC.1,F3,CC,CC.1,F3,CC
CPS_0329,CPS,CC,CC.1,F3,HIGH,True,True,True,CC.1,F3,CC,CC.1,F3,CC,CC.1,F3,CC
CPS_0330,CPS,CC,CC.1,F3,HIGH,True,True,True,CC.1,F3,CC,CC.1,F3,CC,CC.1,F3,CC
CPS_0332,CPS,CC,CC.1,F3,HIGH,True,True,True,CC.1,F3,CC,CC.1,F3,CC,CC.1,F3,CC
CPS_0333,CPS,CC,CC.1,F3,HIGH,True,True,True,CC.1,F3,CC,CC.1,F3,CC,CC.1,F3,CC
CPS_0331,CPS,CC,CC.1,F3,HIGH,True,True,True,CC.1,F3,CC,CC.1,F3,CC,CC.1,F3,CC
CPS_0334,CPS,CC,CC.1,F3,HIGH,True,True,True,CC.1,F3,CC,CC.1,F3,CC,CC.1,F3,CC
CPS_0336,CPS,CC,CC.1,F3,HIGH,True,True,True,CC.1,F3,CC,CC.1,F3,CC,CC.1,F3,CC
CPS_0335,CPS,CC,CC.1,F3,HIGH,True,True,True,CC.1,F3,CC,CC.1,F3,CC,CC.1,F3,CC
CPS_0337,CPS,CC,CC.1,F3,HIGH,True,True,True,CC.1,F3,CC,CC.1,F3,CC,CC.1,F3,CC
CPS_0338,CPS,CC,CC.2,F3,HIGH,True,True,True,CC.2,F3,CC,CC.2,F3,CC,CC.2,F3,CC
CPS_0339,CPS,CC,CC.1,F3,HIGH,True,True,True,CC.1,F3,CC,CC.1,F3,CC,CC.1,F3,CC
CPS_0340,CPS,CC,CC.1,F3,HIGH,True,True,True,CC.1,F3,CC,CC.1,F3,CC,CC.1,F3,CC
CPS_0341,CPS,CC,CC.2,F3,MODERATE,True,False,True,CC.2,F2,CC,CC.1,F3,CC,CC.1,F3,CC
CPS_0343,CPS,CC,CC.1,F3,HIGH,True,True,True,CC.1,F3,CC,CC.1,F3,CC,CC.1,F3,CC
CPS_0342,CPS,CC,CC.1,F3,HIGH,True,True,True,CC.1,F3,CC,CC.1,F3,CC,CC.1,F3,CC
CPS_0344,CPS,CC,CC.2,F3,HIGH,True,True,True,CC.2,F3,CC,CC.2,F3,CC,CC.1,F3,CC
CPS_0345,CPS,CC,CC.1,F3,HIGH,True,True,True,CC.1,F3,CC,CC.1,F3,CC,CC.1,F3,CC
CPS_0347,CPS,CC,CC.1,F3,HIGH,True,True,True,CC.1,F3,CC,CC.1,F3,CC,CC.1,F3,CC
CPS_0346,CPS,CC,CC.1,F3,HIGH,True,True,True,CC.1,F3,CC,CC.1,F3,CC,CC.1,F3,CC
CPS_0348,CPS,CC,CC.1,F3,HIGH,True,True,True,CC.1,F3,CC,CC.1,F3,CC,CC.1,F3,CC
CPS_0349,CPS,CC,CC.1,F3,HIGH,True,True,True,CC.1,F3,CC,CC.1,F3,CC,CC.1,F3,CC
CPS_0350,CPS,CC,CC.2,F2,HIGH,True,True,True,CC.2,F2,CC,CC.2,F2,CC,CC.2,F2,CC
CPS_0351,CPS,CC,CC.1,F3,HIGH,True,True,True,CC.1,F3,CC,CC.1,F3,CC,CC.1,F3,CC
CPS_0352,CPS,CC,CC.1,F3,HIGH,True,True,True,CC.1,F3,CC,CC.1,F3,CC,CC.1,F3,CC
CPS_0353,CPS,CC,CC.1,F3,HIGH,True,True,True,CC.1,F3,CC,CC.1,F3,CC,CC.1,F3,CC
CPS_0354,CPS,CC,CC.1,F3,HIGH,True,True,True,CC.1,F3,CC,CC.1,F3,CC,CC.1,F3,CC
CPS_0355,CPS,CC,CC.1,F2,HIGH,True,True,True,CC.1,F2,CC,CC.1,F2,CC,CC.1,F3,CC
CPS_0356,CPS,CC,CC.1,F3,HIGH,True,True,True,CC.1,F3,CC,CC.1,F3,CC,CC.1,F3,CC
CPS_0358,CPS,CC,CC.1,F3,HIGH,True,True,True,CC.1,F3,CC,CC.1,F3,CC,CC.1,F3,CC
CPS_0357,CPS,CC,CC.2,F3,HIGH,True,True,True,CC.2,F3,CC,CC.1,F3,CC,CC.1,F3,CC
CPS_0359,CPS,CC,CC.2,F3,HIGH,True,True,True,CC.2,F3,CC,CC.1,F3,CC,CC.1,F3,CC
CPS_0360,CPS,CC,CC.1,F2,HIGH,True,True,True,CC.1,F2,CC,CC.1,F2,CC,CC.1,F2,CC
CPS_0361,CPS,CC,CC.1,F3,HIGH,True,True,True,CC.1,F3,CC,CC.1,F3,CC,CC.1,F3,CC
CPS_0362,CPS,CC,CC.2,F3,HIGH,True,True,True,CC.2,F3,CC,CC.2,F3,CC,CC.2,F3,CC
CPS_0363,CPS,CC,CC.1,F3,HIGH,True,True,True,CC.1,F3,CC,CC.1,F3,CC,CC.1,F3,CC
CPS_0365,CPS,CC,CC.2,F2,MODERATE,False,True,True,CC.2,F2,CC,RS.1,F2,RS,CC.2,F2,CC
CPS_0364,CPS,CC,CC.1,F3,HIGH,True,True,True,CC.1,F3,CC,CC.1,F3,CC,CC.1,F3,CC
CPS_0366,CPS,CC,CC.1,F3,HIGH,True,True,True,CC.1,F3,CC,CC.1,F3,CC,CC.1,F3,CC
CPS_0367,CPS,CC,CC.2,F3,MODERATE,True,False,True,CC.2,F2,CC,CC.2,F3,CC,CC.2,F3,CC
CPS_0368,CPS,CC,CC.1,F3,HIGH,True,True,True,CC.1,F3,CC,CC.1,F3,CC,CC.1,F3,CC
CPS_0369,CPS,CC,CC.1,F3,HIGH,True,True,True,CC.1,F3,CC,CC.1,F3,CC,CC.1,F3,CC
CPS_0370,CPS,RS,RS.1,F2,HIGH,True,True,True,RS.1,F2,RS,RS.1,F2,RS,RS.1,F2,RS
CPS_0371,CPS,CC,CC.1,F3,HIGH,True,True,True,CC.1,F3,CC,CC.1,F3,CC,CC.1,F3,CC
CPS_0372,CPS,CC,CC.2,F2,HIGH,True,True,True,CC.2,F2,CC,CC.2,F2,CC,CC.2,F2,CC
CPS_0374,CPS,CC,CC.1,F3,HIGH,True,True,True,CC.1,F3,CC,CC.1,F3,CC,CC.1,F3,CC
CPS_0373,CPS,CC,CC.1,F3,HIGH,True,True,True,CC.1,F3,CC,CC.1,F3,CC,CC.1,F3,CC
CPS_0375,CPS,CC,CC.1,F3,HIGH,True,True,True,CC.1,F3,CC,CC.1,F3,CC,CC.1,F3,CC
CPS_0377,CPS,CC,CC.1,F3,HIGH,True,True,True,CC.1,F3,CC,CC.1,F3,CC,CC.1,F3,CC
CPS_0376,CPS,CC,CC.1,F3,HIGH,True,True,True,CC.1,F3,CC,CC.1,F3,CC,CC.1,F3,CC
CPS_0378,CPS,TC,TC.2,F3,MODERATE,False,True,True,CC.2,F3,CC,TC.2,F3,TC,TC.2,F3,TC
CPS_0380,CPS,CC,CC.2,F3,HIGH,True,True,True,CC.2,F3,CC,CC.2,F3,CC,TC.2,F3,TC
CPS_0379,CPS,TC,TC.2,F3,MODERATE,False,True,True,CC.1,F3,CC,TC.2,F3,TC,TC.2,F3,TC
CPS_0381,CPS,CC,CC.2,F3,HIGH,True,True,True,CC.2,F3,CC,CC.2,F3,CC,TC.2,F3,TC
CPS_0383,CPS,CC,CC.1,F3,HIGH,True,True,True,CC.1,F3,CC,CC.1,F3,CC,CC.1,F3,CC
CPS_0382,CPS,CC,CC.2,F3,HIGH,True,True,True,CC.2,F3,CC,CC.2,F3,CC,CC.2,F3,CC
CPS_0384,CPS,CC,CC.1,F3,HIGH,True,True,True,CC.1,F3,CC,CC.1,F3,CC,CC.1,F3,CC
CPS_0385,CPS,CC,CC.1,F3,HIGH,True,True,True,CC.1,F3,CC,CC.1,F3,CC,CC.1,F2,CC
CPS_0387,CPS,CC,CC.1,F3,HIGH,True,True,True,CC.1,F3,CC,CC.1,F3,CC,CC.1,F3,CC
CPS_0386,CPS,CC,CC.1,F3,HIGH,True,True,True,CC.1,F3,CC,CC.1,F3,CC,CC.1,F3,CC
CPS_0388,CPS,TC,TC.2,F3,HIGH,True,True,True,TC.2,F3,TC,TC.1,F3,TC,TC.2,F3,TC
CPS_0390,CPS,CC,CC.1,F3,HIGH,True,True,True,CC.1,F3,CC,CC.1,F3,CC,CC.1,F3,CC
CPS_0389,CPS,TC,TC.1,F3,HIGH,True,True,True,TC.1,F3,TC,TC.1,F3,TC,TC.1,F3,TC
CPS_0391,CPS,CC,CC.1,F3,HIGH,True,True,True,CC.1,F3,CC,CC.1,F3,CC,CC.1,F3,CC
CPS_0393,CPS,TC,TC.2,F3,HIGH,True,True,True,TC.2,F3,TC,TC.1,F3,TC,TC.2,F3,TC
CPS_0392,CPS,CC,CC.4,F2,HIGH,True,True,True,CC.4,F2,CC,CC.4,F2,CC,CC.4,F2,CC
CPS_0394,CPS,CC,CC.2,F3,HIGH,True,True,True,CC.2,F3,CC,CC.2,F3,CC,CC.1,F3,CC
CPS_0395,CPS,CC,CC.1,F3,HIGH,True,True,True,CC.1,F3,CC,CC.1,F3,CC,CC.1,F3,CC
CPS_0396,CPS,CC,CC.1,F3,HIGH,True,True,True,CC.1,F3,CC,CC.1,F3,CC,CC.1,F3,CC
CPS_0397,CPS,RS,RS.1,F1,HIGH,True,True,True,RS.1,F1,RS,RS.2,F1,RS,RS.2,F1,RS
CPS_0398,CPS,CC,CC.1,F3,HIGH,True,True,True,CC.1,F3,CC,CC.1,F3,CC,CC.1,F3,CC
CPS_0399,CPS,CC,CC.1,F3,HIGH,True,True,True,CC.1,F3,CC,CC.1,F3,CC,CC.1,F3,CC
CPS_0400,CPS,CC,CC.1,F3,HIGH,True,True,True,CC.1,F3,CC,CC.1,F3,CC,CC.1,F3,CC
CPS_0402,CPS,CC,CC.1,F3,HIGH,True,True,True,CC.1,F3,CC,CC.1,F3,CC,CC.1,F3,CC
CPS_0403,CPS,TC,TC.1,F2,HIGH,True,True,True,TC.1,F2,TC,TC.1,F2,TC,TC.1,F2,TC
CPS_0401,CPS,CC,CC.1,F3,HIGH,True,True,True,CC.1,F3,CC,CC.1,F3,CC,CC.1,F3,CC
CPS_0404,CPS,TC,TC.1,F2,HIGH,True,True,True,TC.1,F2,TC,TC.1,F2,TC,TC.1,F2,TC
CPS_0405,CPS,CC,CC.1,F3,HIGH,True,True,True,CC.1,F3,CC,CC.1,F3,CC,CC.1,F3,CC
CPS_0406,CPS,CC,CC.1,F3,HIGH,True,True,True,CC.1,F3,CC,CC.1,F3,CC,CC.1,F3,CC
CPS_0407,CPS,TC,TC.1,F1,HIGH,True,True,True,TC.1,F1,TC,TC.1,F1,TC,TC.1,F1,TC
CPS_0408,CPS,TC,TC.1,F2,HIGH,True,True,True,TC.1,F2,TC,TC.1,F2,TC,TC.1,F2,TC
CPS_0409,CPS,TC,TC.1,F2,HIGH,True,True,True,TC.1,F2,TC,TC.1,F2,TC,TC.1,F2,TC
CPS_0410,CPS,CC,CC.1,F3,HIGH,True,True,True,CC.1,F3,CC,CC.1,F3,CC,CC.1,F3,CC
CPS_0411,CPS,CC,CC.1,F3,HIGH,True,True,True,CC.1,F3,CC,CC.1,F3,CC,CC.1,F3,CC
CPS_0412,CPS,TC,TC.1,F1,HIGH,True,True,True,TC.1,F1,TC,TC.1,F1,TC,TC.1,F1,TC
CPS_0413,CPS,TC,TC.1,F2,HIGH,True,True,True,TC.1,F2,TC,TC.1,F2,TC,TC.1,F2,TC
CPS_0414,CPS,TC,TC.1,F2,HIGH,True,True,True,TC.1,F2,TC,TC.1,F2,TC,TC.1,F2,TC
CPS_0415,CPS,CC,CC.1,F3,HIGH,True,True,True,CC.1,F3,CC,CC.1,F3,CC,CC.1,F3,CC
CPS_0416,CPS,CC,CC.1,F3,HIGH,True,True,True,CC.1,F3,CC,CC.1,F3,CC,CC.1,F3,CC
CPS_0417,CPS,TC,TC.2,F3,HIGH,True,True,True,TC.2,F3,TC,TC.2,F3,TC,TC.2,F3,TC
CPS_0418,CPS,TC,TC.1,F2,MODERATE,True,False,True,TC.1,F3,TC,TC.1,F2,TC,TC.1,F2,TC
CPS_0419,CPS,TC,TC.1,F2,MODERATE,True,False,True,TC.1,F3,TC,TC.1,F2,TC,TC.1,F2,TC
CPS_0420,CPS,CC,CC.1,F3,HIGH,True,True,True,CC.1,F3,CC,CC.1,F3,CC,CC.1,F3,CC
CPS_0421,CPS,CC,CC.1,F3,HIGH,True,True,True,CC.1,F3,CC,CC.1,F3,CC,CC.1,F3,CC
CPS_0422,CPS,RS,RS.1,F1,LOW,False,False,True,TC.2,F2,TC,RS.1,F1,RS,RS.1,F1,RS
CPS_0424,CPS,TC,TC.1,F2,HIGH,True,True,True,TC.1,F2,TC,TC.1,F2,TC,TC.1,F2,TC
CPS_0423,CPS,TC,TC.1,F2,HIGH,True,True,True,TC.1,F2,TC,TC.1,F2,TC,TC.1,F2,TC
CPS_0425,CPS,CC,CC.1,F3,HIGH,True,True,True,CC.1,F3,CC,CC.1,F3,CC,CC.1,F3,CC
CPS_0426,CPS,CC,CC.1,F3,HIGH,True,True,True,CC.1,F3,CC,CC.1,F3,CC,CC.1,F3,CC
CPS_0427,CPS,TC,TC.2,F2,HIGH,True,True,True,TC.2,F2,TC,TC.2,F2,TC,TC.2,F2,TC
CPS_0428,CPS,TC,TC.1,F2,HIGH,True,True,True,TC.1,F2,TC,TC.1,F2,TC,TC.1,F2,TC
CPS_0430,CPS,CC,CC.1,F3,HIGH,True,True,True,CC.1,F3,CC,CC.1,F3,CC,CC.1,F3,CC
CPS_0429,CPS,TC,TC.1,F2,HIGH,True,True,True,TC.1,F2,TC,TC.1,F2,TC,TC.1,F2,TC
CPS_0431,CPS,CC,CC.1,F3,HIGH,True,True,True,CC.1,F3,CC,CC.1,F3,CC,CC.1,F3,CC
CPS_0434,CPS,CC,CC.1,F3,HIGH,True,True,True,CC.1,F3,CC,CC.1,F3,CC,CC.1,F3,CC
CPS_0432,CPS,TC,TC.2,F2,HIGH,True,True,True,TC.2,F2,TC,TC.2,F2,TC,TC.2,F2,TC
CPS_0433,CPS,CC,CC.1,F3,HIGH,True,True,True,CC.1,F3,CC,CC.1,F3,CC,CC.1,F3,CC
CPS_0436,CPS,CC,CC.1,F3,HIGH,True,True,True,CC.1,F3,CC,CC.1,F3,CC,CC.1,F3,CC
CPS_0437,CPS,CC,CC.1,F3,HIGH,True,True,True,CC.1,F3,CC,CC.1,F3,CC,CC.1,F3,CC
CPS_0435,CPS,CC,CC.1,F3,HIGH,True,True,True,CC.1,F3,CC,CC.1,F3,CC,CC.1,F3,CC
CPS_0440,CPS,CC,CC.1,F3,HIGH,True,True,True,CC.1,F3,CC,CC.1,F3,CC,CC.1,F3,CC
CPS_0439,CPS,CC,CC.1,F2,HIGH,True,True,True,CC.1,F2,CC,CC.4,F2,CC,CC.4,F2,CC
CPS_0438,CPS,CC,CC.1,F2,LOW,False,False,True,CC.1,F3,CC,TC.1,F2,TC,CC.2,F2,CC
CPS_0441,CPS,CC,CC.1,F3,HIGH,True,True,True,CC.1,F3,CC,CC.1,F3,CC,CC.1,F3,CC
CPS_0442,CPS,CC,CC.4,F3,HIGH,True,True,True,CC.4,F3,CC,CC.1,F3,CC,CC.1,F3,CC
CPS_0443,CPS,TC,TC.2,F2,HIGH,True,True,True,TC.2,F2,TC,TC.2,F2,TC,TC.2,F2,TC
CPS_0445,CPS,CC,CC.1,F3,HIGH,True,True,True,CC.1,F3,CC,CC.1,F3,CC,CC.1,F3,CC
CPS_0444,CPS,TC,TC.2,F2,HIGH,True,True,True,TC.2,F2,TC,TC.2,F2,TC,TC.3,F2,TC
CPS_0446,CPS,CC,CC.1,F3,HIGH,True,True,True,CC.1,F3,CC,CC.1,F3,CC,CC.1,F3,CC
CPS_0447,CPS,TC,TC.2,F3,HIGH,True,True,True,TC.2,F3,TC,TC.2,F3,TC,TC.2,F3,TC
CPS_0448,CPS,TC,TC.2,F2,HIGH,True,True,True,TC.2,F2,TC,TC.2,F2,TC,TC.2,F2,TC
CPS_0449,CPS,TC,TC.2,F2,HIGH,True,True,True,TC.2,F2,TC,TC.2,F2,TC,TC.2,F2,TC
CPS_0451,CPS,CC,CC.1,F3,HIGH,True,True,True,CC.1,F3,CC,CC.1,F3,CC,CC.1,F3,CC
CPS_0450,CPS,CC,CC.1,F3,HIGH,True,True,True,CC.1,F3,CC,CC.1,F3,CC,CC.1,F3,CC
CPS_0452,CPS,TC,TC.2,F3,HIGH,True,True,True,TC.2,F3,TC,TC.2,F3,TC,TC.2,F3,TC
CPS_0453,CPS,TC,TC.2,F2,HIGH,True,True,True,TC.2,F2,TC,TC.2,F2,TC,TC.2,F2,TC
CPS_0454,CPS,TC,TC.2,F2,HIGH,True,True,True,TC.2,F2,TC,TC.1,F2,TC,TC.2,F2,TC
CPS_0455,CPS,CC,CC.1,F3,HIGH,True,True,True,CC.1,F3,CC,CC.1,F3,CC,CC.1,F3,CC
CPS_0456,CPS,CC,CC.1,F3,HIGH,True,True,True,CC.1,F3,CC,CC.1,F3,CC,CC.1,F3,CC
CPS_0458,CPS,TC,TC.2,F2,HIGH,True,True,True,TC.2,F2,TC,TC.1,F2,TC,TC.1,F2,TC
CPS_0457,CPS,TC,TC.2,F3,LOW,False,False,True,CC.2,F3,CC,TC.2,F2,TC,TC.2,F3,TC
CPS_0460,CPS,CC,CC.1,F3,HIGH,True,True,True,CC.1,F3,CC,CC.1,F3,CC,CC.1,F3,CC
CPS_0459,CPS,TC,TC.2,F2,HIGH,True,True,True,TC.2,F2,TC,TC.1,F2,TC,TC.1,F2,TC
CPS_0463,CPS,TC,TC.2,F2,HIGH,True,True,True,TC.2,F2,TC,TC.1,F2,TC,TC.1,F2,TC
CPS_0461,CPS,CC,CC.1,F3,HIGH,True,True,True,CC.1,F3,CC,CC.1,F3,CC,CC.1,F3,CC
CPS_0462,CPS,CC,CC.2,F3,HIGH,True,True,True,CC.2,F3,CC,CC.2,F3,CC,TC.2,F3,TC
CPS_0465,CPS,CC,CC.1,F3,HIGH,True,True,True,CC.1,F3,CC,CC.1,F3,CC,CC.1,F3,CC
CPS_0466,CPS,CC,CC.1,F3,HIGH,True,True,True,CC.1,F3,CC,CC.1,F3,CC,CC.1,F3,CC
CPS_0464,CPS,TC,TC.2,F2,HIGH,True,True,True,TC.2,F2,TC,TC.2,F2,TC,TC.2,F2,TC
CPS_0468,CPS,CC,CC.1,F3,HIGH,True,True,True,CC.1,F3,CC,CC.1,F3,CC,CC.1,F3,CC
CPS_0469,CPS,CC,CC.1,F3,HIGH,True,True,True,CC.1,F3,CC,CC.1,F3,CC,CC.1,F3,CC
CPS_0467,CPS,CC,CC.2,F3,HIGH,True,True,True,CC.2,F3,CC,CC.1,F3,CC,TC.2,F3,TC
CPS_0472,CPS,CC,CC.1,F3,HIGH,True,True,True,CC.1,F3,CC,CC.1,F3,CC,CC.1,F3,CC
CPS_0471,CPS,CC,CC.1,F3,HIGH,True,True,True,CC.1,F3,CC,CC.1,F3,CC,CC.1,F3,CC
CPS_0470,CPS,CC,CC.1,F3,HIGH,True,True,True,CC.1,F3,CC,CC.1,F3,CC,CC.1,F3,CC
CPS_0473,CPS,TC,TC.2,F3,MODERATE,True,False,True,TC.2,F2,TC,TC.2,F3,TC,TC.2,F3,TC
CPS_0475,CPS,CC,CC.1,F3,HIGH,True,True,True,CC.1,F3,CC,CC.1,F3,CC,CC.1,F3,CC
CPS_0474,CPS,TC,TC.2,F2,HIGH,True,True,True,TC.2,F2,TC,TC.1,F2,TC,TC.1,F2,TC
CPS_0478,CPS,CC,CC.1,F3,HIGH,True,True,True,CC.1,F3,CC,CC.1,F3,CC,CC.1,F3,CC
CPS_0477,CPS,CC,CC.4,F1,HIGH,True,True,True,CC.4,F1,CC,CC.4,F1,CC,CC.4,F1,CC
CPS_0476,CPS,CC,CC.1,F3,HIGH,True,True,True,CC.1,F3,CC,CC.1,F3,CC,CC.1,F3,CC
CPS_0479,CPS,CC,CC.1,F3,HIGH,True,True,True,CC.1,F3,CC,CC.1,F3,CC,CC.1,F3,CC
CPS_0480,CPS,CC,CC.1,F3,HIGH,True,True,True,CC.1,F3,CC,CC.1,F3,CC,CC.1,F3,CC
CPS_0481,CPS,CC,CC.1,F3,HIGH,True,True,True,CC.1,F3,CC,CC.1,F3,CC,CC.1,F3,CC
CPS_0484,CPS,CC,CC.1,F3,HIGH,True,True,True,CC.1,F3,CC,CC.1,F3,CC,CC.1,F3,CC
CPS_0483,CPS,CC,CC.2,F2,HIGH,True,True,True,CC.2,F2,CC,CC.2,F2,CC,CC.2,F2,CC
CPS_0482,CPS,CC,CC.2,F2,HIGH,True,True,True,CC.2,F2,CC,CC.1,F2,CC,CC.1,F2,CC
CPS_0485,CPS,CC,CC.2,F2,HIGH,True,True,True,CC.2,F2,CC,CC.2,F2,CC,CC.2,F2,CC
CPS_0486,CPS,CC,CC.2,F3,HIGH,True,True,True,CC.2,F3,CC,CC.2,F3,CC,CC.2,F3,CC
CPS_0487,CPS,CC,CC.1,F3,HIGH,True,True,True,CC.1,F3,CC,CC.1,F3,CC,CC.1,F3,CC
CPS_0490,CPS,CC,CC.1,F3,HIGH,True,True,True,CC.1,F3,CC,CC.1,F3,CC,CC.1,F3,CC
CPS_0489,CPS,CC,CC.1,F3,MODERATE,True,False,True,CC.1,F3,CC,CC.1,F2,CC,CC.1,F3,CC
CPS_0491,CPS,CC,CC.1,F3,HIGH,True,True,True,CC.1,F3,CC,CC.1,F3,CC,CC.1,F3,CC
CPS_0492,CPS,CC,CC.1,F3,HIGH,True,True,True,CC.1,F3,CC,CC.1,F3,CC,CC.1,F3,CC
CPS_0493,CPS,CC,CC.1,F3,HIGH,True,True,True,CC.1,F3,CC,CC.1,F3,CC,CC.1,F3,CC
CPS_0494,CPS,RS,RS.2,F1,MODERATE,False,True,True,MC.2,F1,MC,RS.2,F1,RS,RS.2,F1,RS
CPS_0497,CPS,CC,CC.4,F3,HIGH,True,True,True,CC.4,F3,CC,CC.4,F3,CC,CC.2,F3,CC
CPS_0498,CPS,CC,CC.2,F3,HIGH,True,True,True,CC.2,F3,CC,CC.2,F3,CC,CC.2,F3,CC
CPS_0499,CPS,CC,CC.2,F3,HIGH,True,True,True,CC.2,F3,CC,CC.4,F3,CC,CC.2,F3,CC
CPS_0500,CPS,CC,CC.2,F2,HIGH,True,True,True,CC.2,F2,CC,CC.2,F2,CC,CC.2,F2,CC
CPS_0502,CPS,CC,CC.2,F3,MODERATE,True,False,True,CC.2,F3,CC,CC.2,F2,CC,PM.2,F1,PM
CPS_0503,CPS,PM,PM.2,F1,HIGH,True,True,True,PM.2,F1,PM,PM.2,F1,PM,PM.2,F1,PM
CPS_0504,CPS,CC,CC.2,F2,MODERATE,True,False,True,CC.2,F1,CC,CC.4,F2,CC,CC.4,F2,CC
CPS_0505,CPS,PM,PM.2,F1,LOW,False,False,True,PM.2,F1,PM,CC.4,F2,CC,PM.2,F1,PM
CPS_0506,CPS,CC,CC.2,F2,HIGH,True,True,True,CC.2,F2,CC,CC.2,F2,CC,CC.3,F2,CC
CPS_0507,CPS,CC,CC.2,F2,HIGH,True,True,True,CC.2,F2,CC,CC.2,F2,CC,CC.2,F2,CC
CPS_0508,CPS,CC,CC.2,F2,MODERATE,False,True,True,CC.2,F2,CC,RS.2,F2,RS,CC.1,F2,CC
CPS_0509,CPS,CC,CC.2,F2,HIGH,True,True,True,CC.2,F2,CC,CC.2,F2,CC,CC.2,F2,CC
CPS_0510,CPS,CC,CC.1,F3,HIGH,True,True,True,CC.1,F3,CC,CC.1,F3,CC,CC.2,F3,CC
CPS_0512,CPS,CC,CC.2,F3,HIGH,True,True,True,CC.2,F3,CC,CC.2,F3,CC,CC.1,F2,CC
CPS_0511,CPS,CC,CC.2,F2,MODERATE,True,False,True,CC.2,F3,CC,CC.2,F2,CC,CC.2,F2,CC
CPS_0514,CPS,CC,CC.2,F2,MODERATE,True,False,True,CC.2,F3,CC,CC.2,F2,CC,RS.2,F2,RS
CPS_0513,CPS,CC,CC.2,F2,MODERATE,False,True,True,CC.2,F2,CC,RS.2,F2,RS,CC.2,F2,CC
CPS_0515,CPS,CC,CC.2,F2,HIGH,True,True,True,CC.2,F2,CC,CC.2,F2,CC,CC.2,F2,CC
CPS_0516,CPS,CC,CC.2,F2,HIGH,True,True,True,CC.2,F2,CC,CC.2,F2,CC,CC.2,F2,CC
CPS_0517,CPS,CC,CC.2,F2,HIGH,True,True,True,CC.2,F2,CC,CC.2,F2,CC,CC.2,F2,CC
CPS_0518,CPS,RS,RS.1,F2,MODERATE,True,False,True,RS.1,F3,RS,RS.1,F2,RS,RS.1,F2,RS
CPS_0519,CPS,RS,RS.1,F2,MODERATE,True,False,True,RS.1,F1,RS,RS.1,F2,RS,RS.1,F2,RS
CPS_0520,CPS,RS,RS.1,F2,HIGH,True,True,True,RS.1,F2,RS,RS.1,F2,RS,RS.1,F2,RS
CPS_0521,CPS,CC,CC.2,F1,HIGH,True,True,True,CC.2,F1,CC,CC.2,F1,CC,CC.2,F1,CC
CPS_0522,CPS,CC,CC.2,F1,HIGH,True,True,True,CC.2,F1,CC,CC.2,F1,CC,CC.2,F1,CC
CPS_0523,CPS,PC,PC.1,F3,MODERATE,False,True,True,CC.1,F3,CC,PC.1,F3,PC,PC.1,F3,PC
CPS_0524,CPS,CC,CC.1,F3,HIGH,True,True,True,CC.1,F3,CC,CC.1,F3,CC,CC.1,F3,CC
CPS_0525,CPS,CC,CC.1,F3,HIGH,True,True,True,CC.1,F3,CC,CC.1,F3,CC,CC.1,F3,CC
CPS_0526,CPS,CC,CC.1,F3,HIGH,True,True,True,CC.1,F3,CC,CC.1,F3,CC,CC.1,F3,CC
CPS_0527,CPS,CC,CC.1,F3,HIGH,True,True,True,CC.1,F3,CC,CC.1,F3,CC,CC.1,F3,CC
CPS_0528,CPS,CC,CC.1,F3,HIGH,True,True,True,CC.1,F3,CC,CC.1,F3,CC,CC.1,F3,CC
CPS_0530,CPS,CC,CC.1,F3,HIGH,True,True,True,CC.1,F3,CC,CC.1,F3,CC,CC.1,F3,CC
CPS_0529,CPS,CC,CC.1,F3,HIGH,True,True,True,CC.1,F3,CC,CC.1,F3,CC,CC.1,F3,CC
CPS_0531,CPS,CC,CC.1,F3,HIGH,True,True,True,CC.1,F3,CC,CC.1,F3,CC,CC.1,F3,CC
CPS_0532,CPS,CC,CC.1,F3,HIGH,True,True,True,CC.1,F3,CC,CC.1,F3,CC,CC.1,F3,CC
CPS_0533,CPS,CC,CC.1,F3,HIGH,True,True,True,CC.1,F3,CC,CC.1,F3,CC,CC.1,F3,CC
CPS_0534,CPS,CC,CC.1,F3,HIGH,True,True,True,CC.1,F3,CC,CC.1,F3,CC,CC.1,F3,CC
CPS_0535,CPS,CC,CC.1,F3,HIGH,True,True,True,CC.1,F3,CC,CC.1,F3,CC,CC.1,F3,CC
CPS_0536,CPS,CC,CC.1,F3,HIGH,True,True,True,CC.1,F3,CC,CC.1,F3,CC,CC.1,F3,CC
CPS_0538,CPS,CC,CC.1,F3,HIGH,True,True,True,CC.1,F3,CC,CC.1,F3,CC,CC.1,F3,CC
CPS_0537,CPS,CC,CC.1,F3,HIGH,True,True,True,CC.1,F3,CC,CC.1,F3,CC,CC.1,F3,CC
CPS_0539,CPS,CC,CC.1,F3,HIGH,True,True,True,CC.1,F3,CC,CC.1,F3,CC,CC.1,F3,CC
CPS_0540,CPS,CC,CC.2,F3,HIGH,True,True,True,CC.2,F3,CC,CC.1,F3,CC,CC.1,F3,CC
CPS_0541,CPS,CC,CC.1,F3,HIGH,True,True,True,CC.1,F3,CC,CC.1,F3,CC,CC.1,F3,CC
CPS_0542,CPS,CC,CC.1,F3,HIGH,True,True,True,CC.1,F3,CC,CC.1,F3,CC,CC.1,F3,CC
CPS_0543,CPS,CC,CC.1,F3,HIGH,True,True,True,CC.1,F3,CC,CC.1,F3,CC,CC.1,F3,CC
CPS_0544,CPS,CC,CC.1,F3,HIGH,True,True,True,CC.1,F3,CC,CC.1,F3,CC,CC.1,F3,CC
CPS_0545,CPS,CC,CC.1,F3,HIGH,True,True,True,CC.1,F3,CC,CC.1,F3,CC,CC.1,F3,CC
CPS_0546,CPS,CC,CC.1,F3,HIGH,True,True,True,CC.1,F3,CC,CC.1,F3,CC,CC.1,F3,CC
CPS_0547,CPS,CC,CC.1,F3,HIGH,True,True,True,CC.1,F3,CC,CC.1,F3,CC,CC.1,F3,CC
CPS_0548,CPS,CC,CC.1,F3,HIGH,True,True,True,CC.1,F3,CC,CC.1,F3,CC,CC.1,F3,CC
CPS_0549,CPS,CC,CC.1,F3,HIGH,True,True,True,CC.1,F3,CC,CC.1,F3,CC,CC.1,F3,CC
CPS_0550,CPS,CC,CC.1,F3,HIGH,True,True,True,CC.1,F3,CC,CC.1,F3,CC,CC.1,F3,CC
CPS_0551,CPS,CC,CC.1,F3,HIGH,True,True,True,CC.1,F3,CC,CC.1,F3,CC,CC.1,F3,CC
CPS_0552,CPS,CC,CC.1,F3,HIGH,True,True,True,CC.1,F3,CC,CC.1,F3,CC,CC.1,F3,CC
CPS_0553,CPS,CC,CC.1,F3,HIGH,True,True,True,CC.1,F3,CC,CC.1,F3,CC,CC.1,F3,CC
CPS_0554,CPS,CC,CC.1,F3,HIGH,True,True,True,CC.1,F3,CC,CC.1,F3,CC,CC.1,F3,CC
CPS_0555,CPS,CC,CC.1,F3,HIGH,True,True,True,CC.1,F3,CC,CC.1,F3,CC,CC.1,F3,CC
CPS_0557,CPS,CC,CC.1,F3,HIGH,True,True,True,CC.1,F3,CC,CC.1,F3,CC,CC.1,F3,CC
CPS_0556,CPS,CC,CC.1,F3,HIGH,True,True,True,CC.1,F3,CC,CC.1,F3,CC,CC.1,F3,CC
CPS_0558,CPS,CC,CC.1,F3,HIGH,True,True,True,CC.1,F3,CC,CC.2,F3,CC,CC.2,F3,CC
CPS_0560,CPS,CC,CC.2,F3,HIGH,True,True,True,CC.2,F3,CC,CC.2,F3,CC,CC.2,F3,CC
CPS_0561,CPS,CC,CC.2,F3,HIGH,True,True,True,CC.2,F3,CC,CC.2,F3,CC,CC.2,F3,CC
CPS_0559,CPS,CC,CC.2,F3,HIGH,True,True,True,CC.2,F3,CC,CC.2,F3,CC,CC.2,F3,CC
CPS_0564,CPS,CC,CC.2,F3,HIGH,True,True,True,CC.2,F3,CC,CC.2,F3,CC,CC.2,F3,CC
CPS_0562,CPS,CC,CC.2,F3,HIGH,True,True,True,CC.2,F3,CC,CC.2,F3,CC,CC.1,F3,CC
CPS_0563,CPS,CC,CC.1,F3,HIGH,True,True,True,CC.1,F3,CC,CC.2,F3,CC,CC.2,F3,CC
CPS_0566,CPS,CC,CC.1,F3,HIGH,True,True,True,CC.1,F3,CC,CC.1,F3,CC,CC.2,F3,CC
CPS_0565,CPS,CC,CC.2,F3,HIGH,True,True,True,CC.2,F3,CC,CC.2,F3,CC,CC.2,F3,CC
CPS_0567,CPS,CC,CC.2,F3,HIGH,True,True,True,CC.2,F3,CC,CC.2,F3,CC,CC.1,F3,CC
CPS_0568,CPS,CC,CC.1,F3,HIGH,True,True,True,CC.1,F3,CC,CC.1,F3,CC,CC.1,F3,CC
CPS_0569,CPS,CC,CC.2,F3,HIGH,True,True,True,CC.2,F3,CC,CC.1,F3,CC,CC.1,F3,CC
CPS_0570,CPS,CC,CC.2,F3,HIGH,True,True,True,CC.2,F3,CC,CC.1,F3,CC,CC.1,F3,CC
CPS_0571,CPS,CC,CC.1,F2,MODERATE,True,False,True,CC.1,F3,CC,CC.2,F2,CC,CC.2,F2,CC
CPS_0572,CPS,CC,CC.1,F3,HIGH,True,True,True,CC.1,F3,CC,CC.1,F3,CC,CC.1,F3,CC
CPS_0573,CPS,CC,CC.1,F3,HIGH,True,True,True,CC.1,F3,CC,CC.1,F3,CC,CC.1,F3,CC
CPS_0574,CPS,CC,CC.1,F3,MODERATE,True,False,True,CC.1,F3,CC,CC.2,F2,CC,CC.1,F3,CC
CPS_0575,CPS,CC,CC.2,F3,HIGH,True,True,True,CC.2,F3,CC,CC.1,F3,CC,CC.1,F3,CC
CPS_0576,CPS,CC,CC.2,F3,HIGH,True,True,True,CC.2,F3,CC,CC.1,F3,CC,CC.1,F3,CC
CPS_0577,CPS,CC,CC.2,F3,HIGH,True,True,True,CC.2,F3,CC,CC.1,F3,CC,CC.1,F3,CC
CPS_0578,CPS,CC,CC.1,F3,HIGH,True,True,True,CC.1,F3,CC,CC.1,F3,CC,CC.1,F3,CC
CPS_0579,CPS,CC,CC.1,F3,HIGH,True,True,True,CC.1,F3,CC,CC.1,F3,CC,CC.1,F3,CC
CPS_0580,CPS,CC,CC.1,F3,HIGH,True,True,True,CC.1,F3,CC,CC.1,F3,CC,CC.1,F3,CC
CPS_0581,CPS,CC,CC.1,F3,HIGH,True,True,True,CC.1,F3,CC,CC.1,F3,CC,CC.1,F3,CC
CPS_0582,CPS,CC,CC.1,F3,HIGH,True,True,True,CC.1,F3,CC,CC.1,F3,CC,CC.1,F3,CC
CPS_0583,CPS,CC,CC.1,F3,HIGH,True,True,True,CC.1,F3,CC,CC.1,F3,CC,CC.1,F3,CC
CPS_0584,CPS,CC,CC.1,F3,HIGH,True,True,True,CC.1,F3,CC,CC.1,F3,CC,CC.1,F3,CC
CPS_0585,CPS,CC,CC.1,F3,HIGH,True,True,True,CC.1,F3,CC,CC.1,F3,CC,CC.1,F3,CC
CPS_0586,CPS,CC,CC.1,F3,HIGH,True,True,True,CC.1,F3,CC,CC.1,F3,CC,CC.1,F3,CC
CPS_0588,CPS,CC,CC.1,F3,HIGH,True,True,True,CC.1,F3,CC,CC.1,F3,CC,CC.1,F3,CC
CPS_0587,CPS,CC,CC.1,F3,HIGH,True,True,True,CC.1,F3,CC,CC.1,F3,CC,CC.1,F3,CC
CPS_0589,CPS,CC,CC.1,F3,HIGH,True,True,True,CC.1,F3,CC,CC.1,F3,CC,CC.1,F3,CC
CPS_0590,CPS,CC,CC.1,F3,HIGH,True,True,True,CC.1,F3,CC,CC.1,F3,CC,CC.1,F3,CC
CPS_0591,CPS,CC,CC.1,F3,HIGH,True,True,True,CC.1,F3,CC,CC.1,F3,CC,CC.1,F3,CC
CPS_0592,CPS,CC,CC.2,F3,HIGH,True,True,True,CC.2,F3,CC,CC.1,F3,CC,CC.1,F3,CC
CPS_0593,CPS,CC,CC.1,F3,HIGH,True,True,True,CC.1,F3,CC,CC.1,F3,CC,CC.1,F3,CC
CPS_0594,CPS,CC,CC.2,F3,HIGH,True,True,True,CC.2,F3,CC,CC.1,F3,CC,CC.1,F3,CC
CPS_0595,CPS,CC,CC.1,F3,HIGH,True,True,True,CC.1,F3,CC,CC.1,F3,CC,CC.1,F3,CC
CPS_0596,CPS,CC,CC.1,F3,HIGH,True,True,True,CC.1,F3,CC,CC.1,F3,CC,CC.1,F3,CC
CPS_0597,CPS,CC,CC.1,F3,HIGH,True,True,True,CC.1,F3,CC,CC.1,F3,CC,CC.1,F3,CC
CPS_0598,CPS,CC,CC.1,F3,HIGH,True,True,True,CC.1,F3,CC,CC.1,F3,CC,CC.1,F3,CC
CPS_0600,CPS,CC,CC.1,F3,HIGH,True,True,True,CC.1,F3,CC,CC.1,F3,CC,CC.1,F3,CC
CPS_0599,CPS,CC,CC.1,F3,HIGH,True,True,True,CC.1,F3,CC,CC.1,F3,CC,CC.1,F3,CC
CPS_0602,CPS,CC,CC.1,F3,HIGH,True,True,True,CC.1,F3,CC,CC.1,F3,CC,CC.1,F3,CC
CPS_0601,CPS,CC,CC.1,F3,HIGH,True,True,True,CC.1,F3,CC,CC.1,F3,CC,CC.1,F3,CC
CPS_0603,CPS,CC,CC.1,F3,HIGH,True,True,True,CC.1,F3,CC,CC.1,F3,CC,CC.1,F3,CC
CPS_0605,CPS,CC,CC.1,F3,HIGH,True,True,True,CC.1,F3,CC,CC.1,F3,CC,CC.1,F3,CC
CPS_0606,CPS,CC,CC.1,F3,HIGH,True,True,True,CC.1,F3,CC,CC.1,F3,CC,CC.1,F3,CC
CPS_0604,CPS,CC,CC.1,F3,HIGH,True,True,True,CC.1,F3,CC,CC.1,F3,CC,CC.1,F3,CC
CPS_0608,CPS,CC,CC.1,F3,HIGH,True,True,True,CC.1,F3,CC,CC.1,F3,CC,CC.1,F3,CC
CPS_0609,CPS,CC,CC.1,F3,HIGH,True,True,True,CC.1,F3,CC,CC.1,F3,CC,CC.1,F3,CC
CPS_0607,CPS,CC,CC.1,F3,HIGH,True,True,True,CC.1,F3,CC,CC.1,F3,CC,CC.1,F3,CC
CPS_0610,CPS,CC,CC.1,F3,HIGH,True,True,True,CC.1,F3,CC,CC.1,F3,CC,CC.1,F3,CC
CPS_0612,CPS,CC,CC.1,F3,HIGH,True,True,True,CC.1,F3,CC,CC.1,F3,CC,CC.1,F3,CC
CPS_0611,CPS,CC,CC.1,F3,HIGH,True,True,True,CC.1,F3,CC,CC.1,F3,CC,CC.1,F3,CC
CPS_0613,CPS,CC,CC.1,F3,HIGH,True,True,True,CC.1,F3,CC,CC.1,F3,CC,CC.1,F3,CC
CPS_0615,CPS,CC,CC.1,F3,HIGH,True,True,True,CC.1,F3,CC,CC.1,F3,CC,CC.1,F3,CC
CPS_0614,CPS,CC,CC.1,F3,HIGH,True,True,True,CC.1,F3,CC,CC.1,F3,CC,CC.1,F3,CC
CPS_0616,CPS,CC,CC.1,F3,HIGH,True,True,True,CC.1,F3,CC,CC.1,F3,CC,CC.1,F3,CC
CPS_0617,CPS,CC,CC.1,F3,HIGH,True,True,True,CC.1,F3,CC,CC.1,F3,CC,CC.1,F3,CC
CPS_0618,CPS,CC,CC.1,F3,HIGH,True,True,True,CC.1,F3,CC,CC.1,F3,CC,CC.1,F3,CC
CPS_0619,CPS,CC,CC.1,F3,HIGH,True,True,True,CC.1,F3,CC,CC.1,F3,CC,CC.1,F3,CC
CPS_0621,CPS,CC,CC.1,F3,HIGH,True,True,True,CC.1,F3,CC,CC.1,F3,CC,CC.1,F3,CC
CPS_0620,CPS,CC,CC.1,F3,HIGH,True,True,True,CC.1,F3,CC,CC.1,F3,CC,CC.1,F3,CC
CPS_0624,CPS,CC,CC.1,F3,HIGH,True,True,True,CC.1,F3,CC,CC.1,F3,CC,CC.1,F3,CC
CPS_0622,CPS,CC,CC.1,F3,HIGH,True,True,True,CC.1,F3,CC,CC.1,F3,CC,CC.1,F3,CC
CPS_0623,CPS,CC,CC.1,F3,HIGH,True,True,True,CC.1,F3,CC,CC.1,F3,CC,CC.1,F3,CC
CPS_0626,CPS,CC,CC.1,F3,HIGH,True,True,True,CC.1,F3,CC,CC.1,F3,CC,CC.1,F3,CC
CPS_0627,CPS,CC,CC.1,F3,HIGH,True,True,True,CC.1,F3,CC,CC.1,F3,CC,CC.1,F3,CC
CPS_0625,CPS,CC,CC.1,F3,HIGH,True,True,True,CC.1,F3,CC,CC.1,F3,CC,CC.1,F3,CC
CPS_0629,CPS,CC,CC.1,F3,HIGH,True,True,True,CC.1,F3,CC,CC.1,F3,CC,CC.1,F3,CC
CPS_0630,CPS,CC,CC.2,F3,HIGH,True,True,True,CC.2,F3,CC,CC.1,F3,CC,CC.1,F3,CC
CPS_0628,CPS,CC,CC.1,F3,HIGH,True,True,True,CC.1,F3,CC,CC.1,F3,CC,CC.1,F3,CC
CPS_0631,CPS,CC,CC.1,F3,HIGH,True,True,True,CC.1,F3,CC,CC.1,F3,CC,CC.1,F3,CC
CPS_0632,CPS,CC,CC.1,F3,HIGH,True,True,True,CC.1,F3,CC,CC.1,F3,CC,CC.1,F3,CC
CPS_0633,CPS,CC,CC.1,F3,HIGH,True,True,True,CC.1,F3,CC,CC.1,F3,CC,CC.1,F3,CC
CPS_0634,CPS,CC,CC.1,F3,HIGH,True,True,True,CC.1,F3,CC,CC.1,F3,CC,CC.1,F3,CC
CPS_0635,CPS,CC,CC.2,F3,HIGH,True,True,True,CC.2,F3,CC,CC.1,F3,CC,CC.1,F3,CC
CPS_0636,CPS,CC,CC.1,F3,HIGH,True,True,True,CC.1,F3,CC,CC.1,F3,CC,CC.1,F3,CC
CPS_0637,CPS,CC,CC.1,F3,HIGH,True,True,True,CC.1,F3,CC,CC.1,F3,CC,CC.1,F3,CC
CPS_0638,CPS,CC,CC.1,F3,HIGH,True,True,True,CC.1,F3,CC,CC.1,F3,CC,CC.1,F3,CC
CPS_0639,CPS,CC,CC.1,F3,HIGH,True,True,True,CC.1,F3,CC,CC.1,F3,CC,CC.1,F3,CC
CPS_0640,CPS,CC,CC.1,F3,HIGH,True,True,True,CC.1,F3,CC,CC.1,F3,CC,CC.2,F3,CC
CPS_0641,CPS,CC,CC.1,F3,HIGH,True,True,True,CC.1,F3,CC,CC.1,F3,CC,CC.1,F3,CC
CPS_0642,CPS,CC,CC.1,F3,HIGH,True,True,True,CC.1,F3,CC,CC.1,F3,CC,CC.1,F3,CC
CPS_0643,CPS,CC,CC.1,F3,HIGH,True,True,True,CC.1,F3,CC,CC.1,F3,CC,CC.1,F3,CC
CPS_0644,CPS,CC,CC.1,F3,HIGH,True,True,True,CC.1,F3,CC,CC.1,F3,CC,CC.1,F3,CC
CPS_0645,CPS,CC,CC.1,F3,HIGH,True,True,True,CC.1,F3,CC,CC.1,F3,CC,CC.1,F3,CC
CPS_0647,CPS,CC,CC.1,F3,HIGH,True,True,True,CC.1,F3,CC,CC.1,F3,CC,CC.1,F3,CC
CPS_0646,CPS,CC,CC.1,F3,MODERATE,True,False,True,CC.1,F3,CC,CC.2,F2,CC,CC.2,F3,CC
CPS_0648,CPS,CC,CC.1,F3,HIGH,True,True,True,CC.1,F3,CC,CC.1,F3,CC,CC.1,F3,CC
CPS_0649,CPS,CC,CC.1,F3,HIGH,True,True,True,CC.1,F3,CC,CC.1,F3,CC,CC.1,F3,CC
CPS_0651,CPS,CC,CC.1,F3,HIGH,True,True,True,CC.1,F3,CC,CC.1,F3,CC,CC.1,F3,CC
CPS_0650,CPS,CC,CC.1,F3,HIGH,True,True,True,CC.1,F3,CC,CC.1,F3,CC,CC.1,F3,CC
CPS_0653,CPS,CC,CC.1,F3,HIGH,True,True,True,CC.1,F3,CC,CC.1,F3,CC,CC.1,F3,CC
CPS_0654,CPS,CC,CC.1,F3,HIGH,True,True,True,CC.1,F3,CC,CC.1,F3,CC,CC.1,F3,CC
CPS_0652,CPS,CC,CC.1,F3,HIGH,True,True,True,CC.1,F3,CC,CC.1,F3,CC,CC.1,F3,CC
CPS_0655,CPS,CC,CC.1,F3,HIGH,True,True,True,CC.1,F3,CC,CC.1,F3,CC,CC.1,F3,CC
CPS_0657,CPS,CC,CC.1,F3,HIGH,True,True,True,CC.1,F3,CC,CC.1,F3,CC,CC.1,F3,CC
CPS_0656,CPS,CC,CC.1,F3,HIGH,True,True,True,CC.1,F3,CC,CC.1,F3,CC,CC.1,F3,CC
CPS_0658,CPS,CC,CC.1,F3,HIGH,True,True,True,CC.1,F3,CC,CC.1,F3,CC,CC.1,F3,CC
CPS_0659,CPS,CC,CC.1,F3,HIGH,True,True,True,CC.1,F3,CC,CC.1,F3,CC,CC.1,F3,CC
CPS_0660,CPS,CC,CC.1,F3,HIGH,True,True,True,CC.1,F3,CC,CC.1,F3,CC,CC.1,F3,CC
CPS_0661,CPS,CC,CC.1,F3,HIGH,True,True,True,CC.1,F3,CC,CC.1,F3,CC,CC.1,F2,CC
CPS_0663,CPS,CC,CC.1,F3,HIGH,True,True,True,CC.1,F3,CC,CC.1,F3,CC,CC.1,F3,CC
CPS_0662,CPS,CC,CC.1,F3,HIGH,True,True,True,CC.1,F3,CC,CC.1,F3,CC,CC.1,F3,CC
CPS_0665,CPS,CC,CC.1,F3,HIGH,True,True,True,CC.1,F3,CC,CC.1,F3,CC,CC.1,F3,CC
CPS_0666,CPS,CC,CC.1,F3,HIGH,True,True,True,CC.1,F3,CC,CC.1,F3,CC,CC.1,F3,CC
CPS_0664,CPS,CC,CC.1,F3,HIGH,True,True,True,CC.1,F3,CC,CC.1,F3,CC,CC.1,F3,CC
CPS_0667,CPS,CC,CC.1,F3,HIGH,True,True,True,CC.1,F3,CC,CC.1,F3,CC,CC.1,F3,CC
CPS_0668,CPS,CC,CC.1,F3,HIGH,True,True,True,CC.1,F3,CC,CC.1,F3,CC,CC.1,F3,CC
CPS_0669,CPS,CC,CC.1,F3,HIGH,True,True,True,CC.1,F3,CC,CC.1,F3,CC,CC.1,F3,CC
CPS_0671,CPS,CC,CC.1,F3,HIGH,True,True,True,CC.1,F3,CC,CC.1,F3,CC,CC.1,F3,CC
CPS_0670,CPS,CC,CC.1,F2,HIGH,True,True,True,CC.1,F2,CC,CC.1,F2,CC,CC.1,F2,CC
CPS_0672,CPS,CC,CC.1,F3,HIGH,True,True,True,CC.1,F3,CC,CC.1,F3,CC,CC.1,F3,CC
CPS_0674,CPS,CC,CC.1,F3,HIGH,True,True,True,CC.1,F3,CC,CC.1,F3,CC,CC.1,F3,CC
CPS_0673,CPS,CC,CC.1,F2,MODERATE,True,False,True,CC.1,F3,CC,CC.1,F2,CC,CC.1,F2,CC
CPS_0675,CPS,CC,CC.1,F3,HIGH,True,True,True,CC.1,F3,CC,CC.1,F3,CC,CC.1,F3,CC
CPS_0676,CPS,CC,CC.1,F2,HIGH,True,True,True,CC.1,F2,CC,CC.1,F2,CC,CC.1,F2,CC
CPS_0677,CPS,CC,CC.1,F3,HIGH,True,True,True,CC.1,F3,CC,CC.1,F3,CC,CC.1,F3,CC
CPS_0678,CPS,CC,CC.1,F3,HIGH,True,True,True,CC.1,F3,CC,CC.1,F3,CC,CC.1,F3,CC
CPS_0679,CPS,CC,CC.1,F3,HIGH,True,True,True,CC.1,F3,CC,CC.2,F3,CC,CC.1,F3,CC
CPS_0680,CPS,CC,CC.1,F3,HIGH,True,True,True,CC.1,F3,CC,CC.1,F3,CC,CC.1,F3,CC
CPS_0681,CPS,CC,CC.1,F3,HIGH,True,True,True,CC.1,F3,CC,CC.1,F3,CC,CC.1,F3,CC
CPS_0683,CPS,CC,CC.1,F3,HIGH,True,True,True,CC.1,F3,CC,CC.1,F3,CC,CC.1,F3,CC
CPS_0682,CPS,CC,CC.1,F3,HIGH,True,True,True,CC.1,F3,CC,CC.2,F3,CC,CC.1,F3,CC
CPS_0684,CPS,CC,CC.2,F3,HIGH,True,True,True,CC.2,F3,CC,CC.1,F3,CC,CC.1,F3,CC
CPS_0685,CPS,CC,CC.2,F3,HIGH,True,True,True,CC.2,F3,CC,CC.2,F3,CC,CC.1,F3,CC
CPS_0686,CPS,CC,CC.1,F3,HIGH,True,True,True,CC.1,F3,CC,CC.1,F3,CC,CC.1,F3,CC
CPS_0689,CPS,CC,CC.2,F3,HIGH,True,True,True,CC.2,F3,CC,CC.2,F3,CC,CC.2,F3,CC
CPS_0688,CPS,CC,CC.2,F3,HIGH,True,True,True,CC.2,F3,CC,CC.2,F3,CC,CC.2,F3,CC
CPS_0687,CPS,CC,CC.1,F3,HIGH,True,True,True,CC.1,F3,CC,CC.1,F3,CC,CC.1,F3,CC
CPS_0691,CPS,CC,CC.2,F3,HIGH,True,True,True,CC.2,F3,CC,CC.2,F3,CC,CC.2,F3,CC
CPS_0690,CPS,CC,CC.2,F3,HIGH,True,True,True,CC.2,F3,CC,CC.2,F3,CC,CC.2,F3,CC
CPS_0692,CPS,CC,CC.2,F3,HIGH,True,True,True,CC.2,F3,CC,CC.2,F3,CC,CC.2,F3,CC
CPS_0693,CPS,CC,CC.1,F3,HIGH,True,True,True,CC.1,F3,CC,CC.2,F3,CC,CC.2,F3,CC
CPS_0694,CPS,CC,CC.2,F3,HIGH,True,True,True,CC.2,F3,CC,CC.1,F3,CC,CC.2,F3,CC
CPS_0695,CPS,CC,CC.2,F3,HIGH,True,True,True,CC.2,F3,CC,CC.2,F3,CC,CC.2,F3,CC
CPS_0696,CPS,CC,CC.2,F3,HIGH,True,True,True,CC.2,F3,CC,CC.2,F3,CC,CC.1,F3,CC
CPS_0697,CPS,CC,CC.2,F3,HIGH,True,True,True,CC.2,F3,CC,CC.2,F3,CC,CC.2,F3,CC
CPS_0698,CPS,CC,CC.1,F3,HIGH,True,True,True,CC.1,F3,CC,CC.1,F3,CC,CC.1,F3,CC
CPS_0699,CPS,CC,CC.1,F3,HIGH,True,True,True,CC.1,F3,CC,CC.1,F3,CC,CC.1,F3,CC
CPS_0700,CPS,CC,CC.1,F3,HIGH,True,True,True,CC.1,F3,CC,CC.1,F3,CC,CC.1,F3,CC
CPS_0701,CPS,CC,CC.1,F3,HIGH,True,True,True,CC.1,F3,CC,CC.1,F3,CC,CC.1,F3,CC
CPS_0702,CPS,CC,CC.1,F3,HIGH,True,True,True,CC.1,F3,CC,CC.1,F3,CC,CC.1,F3,CC
CPS_0704,CPS,CC,CC.1,F3,HIGH,True,True,True,CC.1,F3,CC,CC.1,F3,CC,CC.1,F3,CC
CPS_0703,CPS,CC,CC.1,F3,HIGH,True,True,True,CC.1,F3,CC,CC.1,F3,CC,CC.1,F3,CC
CPS_0705,CPS,CC,CC.1,F3,HIGH,True,True,True,CC.1,F3,CC,CC.1,F3,CC,CC.1,F3,CC
CPS_0707,CPS,CC,CC.1,F3,HIGH,True,True,True,CC.1,F3,CC,CC.1,F3,CC,CC.1,F3,CC
CPS_0706,CPS,CC,CC.1,F3,HIGH,True,True,True,CC.1,F3,CC,CC.1,F3,CC,CC.1,F3,CC
CPS_0708,CPS,CC,CC.1,F3,HIGH,True,True,True,CC.1,F3,CC,CC.1,F3,CC,CC.1,F3,CC
CPS_0711,CPS,CC,CC.1,F3,HIGH,True,True,True,CC.1,F3,CC,CC.1,F3,CC,CC.1,F3,CC
CPS_0709,CPS,CC,CC.1,F3,HIGH,True,True,True,CC.1,F3,CC,CC.1,F3,CC,CC.1,F3,CC
CPS_0710,CPS,CC,CC.1,F3,HIGH,True,True,True,CC.1,F3,CC,CC.1,F3,CC,CC.1,F3,CC
CPS_0714,CPS,CC,CC.1,F3,HIGH,True,True,True,CC.1,F3,CC,CC.1,F3,CC,CC.1,F3,CC
CPS_0713,CPS,CC,CC.1,F3,HIGH,True,True,True,CC.1,F3,CC,CC.1,F3,CC,CC.1,F3,CC
CPS_0712,CPS,CC,CC.1,F3,HIGH,True,True,True,CC.1,F3,CC,CC.1,F3,CC,CC.1,F3,CC
CPS_0715,CPS,CC,CC.1,F3,HIGH,True,True,True,CC.1,F3,CC,CC.1,F3,CC,CC.1,F3,CC
CPS_0716,CPS,CC,CC.1,F3,HIGH,True,True,True,CC.1,F3,CC,CC.1,F3,CC,CC.1,F3,CC
CPS_0717,CPS,CC,CC.1,F3,HIGH,True,True,True,CC.1,F3,CC,CC.1,F3,CC,CC.1,F3,CC
CPS_0718,CPS,CC,CC.1,F3,HIGH,True,True,True,CC.1,F3,CC,CC.1,F3,CC,CC.1,F3,CC
CPS_0720,CPS,CC,CC.1,F3,HIGH,True,True,True,CC.1,F3,CC,CC.1,F3,CC,CC.1,F3,CC
CPS_0719,CPS,CC,CC.1,F3,HIGH,True,True,True,CC.1,F3,CC,CC.1,F3,CC,CC.1,F3,CC
CPS_0721,CPS,CC,CC.1,F3,HIGH,True,True,True,CC.1,F3,CC,CC.1,F3,CC,CC.1,F3,CC
CPS_0722,CPS,CC,CC.1,F3,HIGH,True,True,True,CC.1,F3,CC,CC.1,F3,CC,CC.1,F3,CC
CPS_0723,CPS,CC,CC.1,F3,HIGH,True,True,True,CC.1,F3,CC,CC.1,F3,CC,CC.1,F3,CC
CPS_0724,CPS,CC,CC.1,F3,HIGH,True,True,True,CC.1,F3,CC,CC.1,F3,CC,CC.1,F3,CC
CPS_0725,CPS,CC,CC.1,F3,HIGH,True,True,True,CC.1,F3,CC,CC.1,F3,CC,CC.1,F3,CC
CPS_0726,CPS,CC,CC.1,F3,HIGH,True,True,True,CC.1,F3,CC,CC.1,F3,CC,CC.1,F3,CC
CPS_0727,CPS,CC,CC.1,F3,HIGH,True,True,True,CC.1,F3,CC,CC.1,F3,CC,CC.1,F3,CC
CPS_0728,CPS,CC,CC.1,F3,HIGH,True,True,True,CC.1,F3,CC,CC.1,F3,CC,CC.1,F3,CC
CPS_0729,CPS,CC,CC.1,F3,HIGH,True,True,True,CC.1,F3,CC,CC.1,F3,CC,CC.1,F3,CC
CPS_0730,CPS,CC,CC.1,F3,HIGH,True,True,True,CC.1,F3,CC,CC.1,F3,CC,CC.1,F3,CC
CPS_0731,CPS,CC,CC.1,F3,HIGH,True,True,True,CC.1,F3,CC,CC.1,F3,CC,CC.1,F3,CC
CPS_0732,CPS,CC,CC.1,F3,HIGH,True,True,True,CC.1,F3,CC,CC.1,F3,CC,CC.1,F3,CC
CPS_0733,CPS,CC,CC.2,F2,MODERATE,True,False,True,CC.2,F3,CC,CC.2,F2,CC,CC.1,F2,CC
CPS_0734,CPS,CC,CC.1,F3,HIGH,True,True,True,CC.1,F3,CC,CC.1,F3,CC,CC.1,F3,CC
CPS_0735,CPS,CC,CC.1,F3,HIGH,True,True,True,CC.1,F3,CC,CC.1,F3,CC,CC.1,F3,CC
CPS_0736,CPS,CC,CC.1,F3,HIGH,True,True,True,CC.1,F3,CC,CC.1,F3,CC,CC.1,F3,CC
CPS_0737,CPS,CC,CC.1,F3,HIGH,True,True,True,CC.1,F3,CC,CC.1,F3,CC,CC.1,F3,CC
CPS_0739,CPS,CC,CC.1,F3,HIGH,True,True,True,CC.1,F3,CC,CC.2,F3,CC,CC.2,F3,CC
CPS_0738,CPS,CC,CC.2,F3,HIGH,True,True,True,CC.2,F3,CC,CC.2,F3,CC,CC.2,F2,CC
CPS_0740,CPS,CC,CC.1,F3,HIGH,True,True,True,CC.1,F3,CC,CC.2,F3,CC,CC.2,F3,CC
CPS_0741,CPS,CC,CC.2,F3,HIGH,True,True,True,CC.2,F3,CC,CC.2,F3,CC,CC.2,F3,CC
CPS_0742,CPS,CC,CC.1,F3,HIGH,True,True,True,CC.1,F3,CC,CC.2,F3,CC,CC.2,F3,CC
CPS_0743,CPS,CC,CC.2,F3,HIGH,True,True,True,CC.2,F3,CC,CC.2,F3,CC,CC.2,F3,CC
CPS_0744,CPS,CC,CC.2,F3,HIGH,True,True,True,CC.2,F3,CC,CC.2,F3,CC,CC.2,F3,CC
CPS_0745,CPS,CC,CC.1,F3,HIGH,True,True,True,CC.1,F3,CC,CC.2,F3,CC,CC.2,F3,CC
CPS_0746,CPS,CC,CC.1,F3,HIGH,True,True,True,CC.1,F3,CC,CC.2,F3,CC,CC.2,F3,CC
CPS_0747,CPS,CC,CC.1,F3,HIGH,True,True,True,CC.1,F3,CC,CC.2,F3,CC,CC.2,F3,CC
CPS_0748,CPS,CC,CC.1,F3,HIGH,True,True,True,CC.1,F3,CC,CC.2,F3,CC,CC.2,F3,CC
CPS_0749,CPS,CC,CC.2,F3,HIGH,True,True,True,CC.2,F3,CC,CC.2,F3,CC,CC.2,F3,CC
CPS_0750,CPS,CC,CC.2,F3,HIGH,True,True,True,CC.2,F3,CC,CC.2,F3,CC,CC.2,F3,CC
CPS_0751,CPS,CC,CC.2,F3,HIGH,True,True,True,CC.2,F3,CC,CC.2,F3,CC,CC.2,F3,CC
CPS_0752,CPS,CC,CC.1,F3,HIGH,True,True,True,CC.1,F3,CC,CC.2,F3,CC,CC.2,F3,CC
CPS_0753,CPS,CC,CC.2,F3,HIGH,True,True,True,CC.2,F3,CC,CC.2,F3,CC,CC.2,F3,CC
CPS_0754,CPS,CC,CC.1,F3,HIGH,True,True,True,CC.1,F3,CC,CC.2,F3,CC,CC.2,F3,CC
CPS_0755,CPS,CC,CC.1,F3,HIGH,True,True,True,CC.1,F3,CC,CC.2,F3,CC,CC.2,F3,CC
CPS_0756,CPS,CC,CC.1,F3,HIGH,True,True,True,CC.1,F3,CC,CC.2,F3,CC,CC.2,F3,CC
CPS_0758,CPS,CC,CC.1,F3,HIGH,True,True,True,CC.1,F3,CC,CC.1,F3,CC,CC.1,F3,CC
CPS_0757,CPS,CC,CC.1,F3,HIGH,True,True,True,CC.1,F3,CC,CC.2,F3,CC,CC.2,F3,CC
CPS_0759,CPS,CC,CC.1,F3,HIGH,True,True,True,CC.1,F3,CC,CC.1,F3,CC,CC.1,F3,CC
CPS_0760,CPS,CC,CC.1,F3,HIGH,True,True,True,CC.1,F3,CC,CC.1,F3,CC,CC.1,F3,CC
CPS_0762,CPS,CC,CC.1,F3,HIGH,True,True,True,CC.1,F3,CC,CC.1,F3,CC,CC.1,F3,CC
CPS_0761,CPS,CC,CC.1,F3,HIGH,True,True,True,CC.1,F3,CC,CC.1,F3,CC,CC.1,F3,CC
CPS_0763,CPS,CC,CC.1,F3,HIGH,True,True,True,CC.1,F3,CC,CC.1,F3,CC,CC.1,F3,CC
CPS_0765,CPS,CC,CC.1,F3,HIGH,True,True,True,CC.1,F3,CC,CC.1,F3,CC,CC.1,F3,CC
CPS_0764,CPS,CC,CC.1,F3,HIGH,True,True,True,CC.1,F3,CC,CC.1,F3,CC,CC.1,F3,CC
CPS_0766,CPS,CC,CC.1,F3,HIGH,True,True,True,CC.1,F3,CC,CC.1,F3,CC,CC.1,F3,CC
CPS_0767,CPS,CC,CC.1,F3,HIGH,True,True,True,CC.1,F3,CC,CC.1,F3,CC,CC.1,F3,CC
CPS_0768,CPS,CC,CC.1,F3,HIGH,True,True,True,CC.1,F3,CC,CC.1,F3,CC,CC.1,F3,CC
CPS_0769,CPS,CC,CC.1,F3,HIGH,True,True,True,CC.1,F3,CC,CC.1,F3,CC,CC.1,F3,CC
CPS_0770,CPS,CC,CC.1,F3,HIGH,True,True,True,CC.1,F3,CC,CC.1,F3,CC,CC.1,F3,CC
CPS_0772,CPS,CC,CC.1,F3,HIGH,True,True,True,CC.1,F3,CC,CC.1,F3,CC,CC.1,F3,CC
CPS_0773,CPS,CC,CC.1,F3,HIGH,True,True,True,CC.1,F3,CC,CC.1,F3,CC,CC.1,F3,CC
CPS_0771,CPS,CC,CC.1,F3,HIGH,True,True,True,CC.1,F3,CC,CC.1,F3,CC,CC.1,F3,CC
CPS_0774,CPS,CC,CC.1,F3,HIGH,True,True,True,CC.1,F3,CC,CC.1,F3,CC,CC.1,F3,CC
CPS_0775,CPS,CC,CC.1,F3,HIGH,True,True,True,CC.1,F3,CC,CC.1,F3,CC,CC.1,F3,CC
CPS_0776,CPS,CC,CC.1,F3,HIGH,True,True,True,CC.1,F3,CC,CC.1,F3,CC,CC.1,F3,CC
CPS_0777,CPS,CC,CC.1,F3,HIGH,True,True,True,CC.1,F3,CC,CC.1,F3,CC,CC.1,F3,CC
CPS_0778,CPS,CC,CC.1,F3,HIGH,True,True,True,CC.1,F3,CC,CC.1,F3,CC,CC.1,F3,CC
CPS_0779,CPS,CC,CC.1,F3,HIGH,True,True,True,CC.1,F3,CC,CC.1,F3,CC,CC.1,F3,CC
CPS_0780,CPS,CC,CC.1,F3,HIGH,True,True,True,CC.1,F3,CC,CC.1,F3,CC,CC.1,F3,CC
CPS_0782,CPS,CC,CC.1,F3,HIGH,True,True,True,CC.1,F3,CC,CC.1,F3,CC,CC.1,F3,CC
CPS_0781,CPS,CC,CC.1,F3,HIGH,True,True,True,CC.1,F3,CC,CC.1,F3,CC,CC.1,F3,CC
CPS_0783,CPS,CC,CC.1,F3,HIGH,True,True,True,CC.1,F3,CC,CC.1,F3,CC,CC.1,F3,CC
CPS_0785,CPS,CC,CC.1,F3,HIGH,True,True,True,CC.1,F3,CC,CC.1,F3,CC,CC.1,F3,CC
CPS_0784,CPS,CC,CC.1,F3,HIGH,True,True,True,CC.1,F3,CC,CC.1,F3,CC,CC.1,F3,CC
CPS_0786,CPS,CC,CC.1,F3,HIGH,True,True,True,CC.1,F3,CC,CC.1,F3,CC,CC.1,F3,CC
CPS_0788,CPS,CC,CC.1,F3,HIGH,True,True,True,CC.1,F3,CC,CC.1,F3,CC,CC.1,F3,CC
CPS_0787,CPS,CC,CC.1,F3,HIGH,True,True,True,CC.1,F3,CC,CC.1,F3,CC,CC.1,F3,CC
CPS_0789,CPS,CC,CC.1,F3,HIGH,True,True,False,CC.1,F3,CC,CC.1,F3,CC,,,
CPS_0791,CPS,CC,CC.1,F3,HIGH,True,True,False,CC.1,F3,CC,CC.1,F3,CC,,,
CPS_0790,CPS,CC,CC.1,F3,HIGH,True,True,False,CC.1,F3,CC,CC.1,F3,CC,,,
CPS_0792,CPS,CC,CC.1,F3,HIGH,True,True,False,CC.1,F3,CC,CC.1,F3,CC,,,
CPS_0794,CPS,CC,CC.1,F3,HIGH,True,True,False,CC.1,F3,CC,CC.1,F3,CC,,,
CPS_0793,CPS,CC,CC.1,F3,HIGH,True,True,False,CC.1,F3,CC,CC.1,F3,CC,,,
CPS_0795,CPS,CC,CC.1,F3,HIGH,True,True,False,CC.1,F3,CC,CC.1,F3,CC,,,
CPS_0796,CPS,CC,CC.1,F3,HIGH,True,True,False,CC.1,F3,CC,CC.1,F3,CC,,,
CPS_0797,CPS,CC,CC.1,F3,HIGH,True,True,False,CC.1,F3,CC,CC.1,F3,CC,,,
CPS_0798,CPS,CC,CC.1,F3,HIGH,True,True,False,CC.1,F3,CC,CC.1,F3,CC,,,
CPS_0799,CPS,CC,CC.1,F3,HIGH,True,True,False,CC.1,F3,CC,CC.1,F3,CC,,,
CPS_0800,CPS,CC,CC.1,F3,HIGH,True,True,False,CC.1,F3,CC,CC.1,F3,CC,,,
CPS_0801,CPS,CC,CC.1,F3,HIGH,True,True,False,CC.1,F3,CC,CC.1,F3,CC,,,
CPS_0802,CPS,CC,CC.1,F3,HIGH,True,True,False,CC.1,F3,CC,CC.1,F3,CC,,,
CPS_0804,CPS,CC,CC.1,F3,HIGH,True,True,False,CC.1,F3,CC,CC.1,F3,CC,,,
CPS_0803,CPS,CC,CC.1,F3,HIGH,True,True,False,CC.1,F3,CC,CC.1,F3,CC,,,
CPS_0806,CPS,CC,CC.1,F3,HIGH,True,True,False,CC.1,F3,CC,CC.1,F3,CC,,,
CPS_0807,CPS,CC,CC.1,F3,HIGH,True,True,False,CC.1,F3,CC,CC.1,F3,CC,,,
CPS_0805,CPS,CC,CC.1,F3,HIGH,True,True,False,CC.1,F3,CC,CC.1,F3,CC,,,
CPS_0808,CPS,CC,CC.1,F3,HIGH,True,True,False,CC.1,F3,CC,CC.1,F3,CC,,,
CPS_0809,CPS,CC,CC.1,F3,HIGH,True,True,False,CC.1,F3,CC,CC.1,F3,CC,,,
CPS_0810,CPS,CC,CC.1,F3,HIGH,True,True,False,CC.1,F3,CC,CC.1,F3,CC,,,
CPS_0811,CPS,CC,CC.1,F3,HIGH,True,True,False,CC.1,F3,CC,CC.1,F3,CC,,,
CPS_0812,CPS,CC,CC.1,F3,HIGH,True,True,False,CC.1,F3,CC,CC.1,F3,CC,,,
CPS_0813,CPS,CC,CC.1,F3,HIGH,True,True,False,CC.1,F3,CC,CC.1,F3,CC,,,
CPS_0814,CPS,CC,CC.1,F3,HIGH,True,True,False,CC.1,F3,CC,CC.1,F3,CC,,,
CPS_0816,CPS,CC,CC.1,F3,HIGH,True,True,False,CC.1,F3,CC,CC.1,F3,CC,,,
CPS_0815,CPS,CC,CC.1,F3,HIGH,True,True,False,CC.1,F3,CC,CC.1,F3,CC,,,
CPS_0817,CPS,CC,CC.1,F3,HIGH,True,True,False,CC.1,F3,CC,CC.1,F3,CC,,,
CPS_0819,CPS,CC,CC.1,F3,HIGH,True,True,False,CC.1,F3,CC,CC.1,F3,CC,,,
CPS_0818,CPS,CC,CC.1,F3,HIGH,True,True,False,CC.1,F3,CC,CC.1,F3,CC,,,
CPS_0820,CPS,CC,CC.1,F3,HIGH,True,True,False,CC.1,F3,CC,CC.1,F3,CC,,,
CPS_0821,CPS,CC,CC.1,F3,HIGH,True,True,False,CC.1,F3,CC,CC.1,F3,CC,,,
CPS_0822,CPS,CC,CC.1,F3,HIGH,True,True,False,CC.1,F3,CC,CC.1,F3,CC,,,
CPS_0823,CPS,CC,CC.1,F3,HIGH,True,True,False,CC.1,F3,CC,CC.1,F3,CC,,,
CPS_0825,CPS,CC,CC.1,F3,HIGH,True,True,False,CC.1,F3,CC,CC.1,F3,CC,,,
CPS_0824,CPS,CC,CC.1,F3,HIGH,True,True,False,CC.1,F3,CC,CC.1,F3,CC,,,
CPS_0826,CPS,CC,CC.1,F3,HIGH,True,True,False,CC.1,F3,CC,CC.1,F3,CC,,,
CPS_0827,CPS,CC,CC.1,F3,HIGH,True,True,False,CC.1,F3,CC,CC.1,F3,CC,,,
CPS_0828,CPS,CC,CC.1,F3,HIGH,True,True,False,CC.1,F3,CC,CC.1,F3,CC,,,
CPS_0829,CPS,CC,CC.1,F3,HIGH,True,True,False,CC.1,F3,CC,CC.1,F3,CC,,,
CPS_0830,CPS,MC,MC.2,F1,HIGH,True,True,False,MC.2,F1,MC,MC.2,F1,MC,,,
CPS_0831,CPS,CC,CC.1,F3,HIGH,True,True,False,CC.1,F3,CC,CC.1,F3,CC,,,
CPS_0832,CPS,CC,CC.1,F3,HIGH,True,True,False,CC.1,F3,CC,CC.1,F3,CC,,,
CPS_0833,CPS,CC,CC.1,F3,HIGH,True,True,False,CC.1,F3,CC,CC.1,F3,CC,,,
CPS_0834,CPS,CC,CC.1,F3,HIGH,True,True,False,CC.1,F3,CC,CC.1,F3,CC,,,
CPS_0835,CPS,CC,CC.1,F3,HIGH,True,True,False,CC.1,F3,CC,CC.1,F3,CC,,,
CPS_0836,CPS,CC,CC.1,F3,HIGH,True,True,False,CC.1,F3,CC,CC.1,F3,CC,,,
CPS_0838,CPS,CC,CC.1,F3,HIGH,True,True,False,CC.1,F3,CC,CC.1,F3,CC,,,
CPS_0839,CPS,CC,CC.1,F3,HIGH,True,True,False,CC.1,F3,CC,CC.1,F3,CC,,,
CPS_0840,CPS,CC,CC.1,F3,HIGH,True,True,False,CC.1,F3,CC,CC.1,F3,CC,,,
CPS_0842,CPS,CC,CC.1,F3,HIGH,True,True,False,CC.1,F3,CC,CC.1,F3,CC,,,
CPS_0841,CPS,CC,CC.1,F3,HIGH,True,True,False,CC.1,F3,CC,CC.1,F3,CC,,,
CPS_0843,CPS,CC,CC.1,F3,HIGH,True,True,False,CC.1,F3,CC,CC.1,F3,CC,,,
CPS_0845,CPS,CC,CC.1,F3,HIGH,True,True,False,CC.1,F3,CC,CC.1,F3,CC,,,
CPS_0846,CPS,CC,CC.1,F3,HIGH,True,True,False,CC.1,F3,CC,CC.1,F3,CC,,,
CPS_0848,CPS,CC,CC.1,F3,HIGH,True,True,False,CC.1,F3,CC,CC.1,F3,CC,,,
CPS_0847,CPS,CC,CC.2,F3,HIGH,True,True,False,CC.2,F3,CC,CC.2,F3,CC,,,
CPS_0849,CPS,CC,CC.1,F3,HIGH,True,True,False,CC.1,F3,CC,CC.1,F3,CC,,,
CPS_0850,CPS,CC,CC.1,F3,HIGH,True,True,False,CC.1,F3,CC,CC.1,F3,CC,,,
CPS_0853,CPS,CC,CC.1,F3,HIGH,True,True,False,CC.1,F3,CC,CC.1,F3,CC,,,
CPS_0852,CPS,CC,CC.1,F3,HIGH,True,True,False,CC.1,F3,CC,CC.1,F3,CC,,,
CPS_0854,CPS,CC,CC.1,F3,HIGH,True,True,False,CC.1,F3,CC,CC.1,F3,CC,,,
CPS_0855,CPS,CC,CC.1,F3,HIGH,True,True,False,CC.1,F3,CC,CC.1,F3,CC,,,
CPS_0856,CPS,CC,CC.1,F3,HIGH,True,True,False,CC.1,F3,CC,CC.1,F3,CC,,,
CPS_0857,CPS,CC,CC.1,F3,HIGH,True,True,False,CC.1,F3,CC,CC.1,F3,CC,,,
CPS_0858,CPS,NHB,NHB.0,F1,HIGH,True,True,False,NHB.0,F1,NHB,NHB.0,F1,NHB,,,
CPS_0860,CPS,CC,CC.1,F3,HIGH,True,True,False,CC.1,F3,CC,CC.1,F3,CC,,,
CPS_0859,CPS,CC,CC.1,F3,HIGH,True,True,False,CC.1,F3,CC,CC.1,F3,CC,,,
CPS_0861,CPS,CC,CC.1,F3,HIGH,True,True,False,CC.1,F3,CC,CC.1,F3,CC,,,
CPS_0862,CPS,CC,CC.1,F3,HIGH,True,True,False,CC.1,F3,CC,CC.1,F3,CC,,,
CPS_0863,CPS,CC,CC.1,F3,HIGH,True,True,False,CC.1,F3,CC,CC.1,F3,CC,,,
CPS_0864,CPS,CC,CC.1,F3,HIGH,True,True,False,CC.1,F3,CC,CC.1,F3,CC,,,
CPS_0865,CPS,MC,MC.4,F2,HIGH,True,True,False,MC.4,F2,MC,MC.4,F2,MC,,,
CPS_0867,CPS,CC,CC.2,F3,MODERATE,True,False,False,CC.2,F3,CC,CC.2,F2,CC,,,
CPS_0866,CPS,CC,CC.2,F2,HIGH,True,True,False,CC.2,F2,CC,CC.2,F2,CC,,,
CPS_0868,CPS,CC,CC.1,F3,HIGH,True,True,False,CC.1,F3,CC,CC.1,F3,CC,,,
CPS_0869,CPS,CC,CC.1,F3,HIGH,True,True,False,CC.1,F3,CC,CC.1,F3,CC,,,
CPS_0870,CPS,CC,CC.1,F3,HIGH,True,True,False,CC.1,F3,CC,CC.1,F3,CC,,,
CPS_0874,CPS,CC,CC.1,F3,HIGH,True,True,False,CC.1,F3,CC,CC.1,F3,CC,,,
CPS_0875,CPS,CC,CC.1,F3,HIGH,True,True,False,CC.1,F3,CC,CC.1,F3,CC,,,
CPS_0876,CPS,CC,CC.1,F3,HIGH,True,True,False,CC.1,F3,CC,CC.1,F3,CC,,,
CPS_0877,CPS,CC,CC.1,F3,HIGH,True,True,False,CC.1,F3,CC,CC.1,F3,CC,,,
CPS_0878,CPS,CC,CC.1,F3,HIGH,True,True,False,CC.1,F3,CC,CC.1,F3,CC,,,
CPS_0879,CPS,CC,CC.1,F3,HIGH,True,True,False,CC.1,F3,CC,CC.1,F3,CC,,,
CPS_0880,CPS,CC,CC.1,F3,HIGH,True,True,False,CC.1,F3,CC,CC.1,F3,CC,,,
CPS_0881,CPS,CC,CC.1,F3,HIGH,True,True,False,CC.1,F3,CC,CC.1,F3,CC,,,
CPS_0882,CPS,CC,CC.1,F3,HIGH,True,True,False,CC.1,F3,CC,CC.1,F3,CC,,,
CPS_0883,CPS,CC,CC.1,F3,HIGH,True,True,False,CC.1,F3,CC,CC.1,F3,CC,,,
CPS_0884,CPS,CC,CC.2,F3,HIGH,True,True,False,CC.2,F3,CC,CC.2,F3,CC,,,
CPS_0885,CPS,CC,CC.2,F3,HIGH,True,True,False,CC.2,F3,CC,CC.2,F3,CC,,,
CPS_0887,CPS,CC,CC.1,F3,HIGH,True,True,False,CC.1,F3,CC,CC.1,F3,CC,,,
CPS_0886,CPS,CC,CC.1,F3,HIGH,True,True,False,CC.1,F3,CC,CC.2,F3,CC,,,
CPS_0888,CPS,CC,CC.2,F3,MODERATE,False,True,False,CC.2,F3,CC,TC.2,F3,TC,,,
CPS_0889,CPS,CC,CC.1,F3,HIGH,True,True,False,CC.1,F3,CC,CC.1,F3,CC,,,
CPS_0894,CPS,RS,RS.1,F1,HIGH,True,True,False,RS.1,F1,RS,RS.2,F1,RS,,,
CPS_0896,CPS,CC,CC.4,F1,MODERATE,True,False,False,CC.4,F1,CC,CC.4,F2,CC,,,
CPS_0897,CPS,CC,CC.2,F3,HIGH,True,True,False,CC.2,F3,CC,CC.2,F3,CC,,,
CPS_0898,CPS,CC,CC.2,F3,HIGH,True,True,False,CC.2,F3,CC,CC.2,F3,CC,,,
CPS_0899,CPS,CC,CC.1,F3,HIGH,True,True,False,CC.1,F3,CC,CC.1,F3,CC,,,
CPS_0900,CPS,TC,TC.2,F2,HIGH,True,True,False,TC.2,F2,TC,TC.2,F2,TC,,,
CPS_0901,CPS,CC,CC.2,F3,HIGH,True,True,False,CC.2,F3,CC,CC.2,F3,CC,,,
CPS_0903,CPS,TC,TC.1,F2,HIGH,True,True,False,TC.1,F2,TC,TC.1,F2,TC,,,
CPS_0902,CPS,CC,CC.2,F3,HIGH,True,True,False,CC.2,F3,CC,CC.2,F3,CC,,,
CPS_0904,CPS,CC,CC.2,F3,HIGH,True,True,False,CC.2,F3,CC,CC.2,F3,CC,,,
CPS_0906,CPS,CC,CC.2,F3,HIGH,True,True,False,CC.2,F3,CC,CC.2,F3,CC,,,
CPS_0905,CPS,CC,CC.2,F3,HIGH,True,True,False,CC.2,F3,CC,CC.2,F3,CC,,,
CPS_0908,CPS,CC,CC.2,F3,LOW,False,False,False,CC.2,F3,CC,TC.1,F2,TC,,,
CPS_0909,CPS,CC,CC.2,F3,HIGH,True,True,False,CC.2,F3,CC,CC.2,F3,CC,,,
CPS_0911,CPS,CC,CC.1,F3,HIGH,True,True,False,CC.1,F3,CC,CC.1,F3,CC,,,
CPS_0912,CPS,CC,CC.4,F3,MODERATE,True,False,False,CC.4,F3,CC,CC.4,F2,CC,,,
CPS_0913,CPS,CC,CC.1,F3,HIGH,True,True,False,CC.1,F3,CC,CC.1,F3,CC,,,
CPS_0914,CPS,CC,CC.1,F3,HIGH,True,True,False,CC.1,F3,CC,CC.1,F3,CC,,,
CPS_0915,CPS,CC,CC.1,F3,HIGH,True,True,False,CC.1,F3,CC,CC.1,F3,CC,,,
CPS_0916,CPS,CC,CC.1,F3,HIGH,True,True,False,CC.1,F3,CC,CC.1,F3,CC,,,
CPS_0917,CPS,CC,CC.1,F3,HIGH,True,True,False,CC.1,F3,CC,CC.1,F3,CC,,,
CPS_0918,CPS,CC,CC.1,F3,HIGH,True,True,False,CC.1,F3,CC,CC.1,F3,CC,,,
CPS_0920,CPS,CC,CC.1,F3,HIGH,True,True,False,CC.1,F3,CC,CC.1,F3,CC,,,
CPS_0921,CPS,CC,CC.2,F3,HIGH,True,True,False,CC.2,F3,CC,CC.1,F3,CC,,,
CPS_0922,CPS,CC,CC.2,F3,HIGH,True,True,False,CC.2,F3,CC,CC.1,F3,CC,,,
CPS_0923,CPS,CC,CC.4,F3,HIGH,True,True,False,CC.4,F3,CC,CC.4,F3,CC,,,
CPS_0924,CPS,CC,CC.4,F3,HIGH,True,True,False,CC.4,F3,CC,CC.4,F3,CC,,,
CPS_0927,CPS,CC,CC.4,F2,HIGH,True,True,False,CC.4,F2,CC,CC.4,F2,CC,,,
CPS_0925,CPS,CC,CC.1,F3,HIGH,True,True,False,CC.1,F3,CC,CC.1,F3,CC,,,
CPS_0929,CPS,CC,CC.4,F3,HIGH,True,True,False,CC.4,F3,CC,CC.4,F3,CC,,,
CPS_0928,CPS,CC,CC.4,F2,HIGH,True,True,False,CC.4,F2,CC,CC.4,F2,CC,,,
CPS_0930,CPS,CC,CC.4,F3,HIGH,True,True,False,CC.4,F3,CC,CC.4,F3,CC,,,
CPS_0931,CPS,CC,CC.1,F3,HIGH,True,True,False,CC.1,F3,CC,CC.1,F3,CC,,,
CPS_0932,CPS,CC,CC.4,F2,HIGH,True,True,False,CC.4,F2,CC,CC.4,F2,CC,,,
CPS_0933,CPS,CC,CC.4,F2,HIGH,True,True,False,CC.4,F2,CC,CC.4,F2,CC,,,
CPS_0934,CPS,NHB,NHB.0,F1,MODERATE,False,True,False,NHB.0,F1,NHB,MC.4,F1,MC,,,
CPS_0935,CPS,CC,CC.4,F3,HIGH,True,True,False,CC.4,F3,CC,CC.1,F3,CC,,,
CPS_0936,CPS,CC,CC.4,F3,HIGH,True,True,False,CC.4,F3,CC,CC.4,F3,CC,,,
CPS_0937,CPS,CC,CC.2,F3,HIGH,True,True,False,CC.2,F3,CC,CC.2,F3,CC,,,
CPS_0938,CPS,CC,CC.4,F3,HIGH,True,True,False,CC.4,F3,CC,CC.4,F3,CC,,,
CPS_0939,CPS,CC,CC.4,F3,HIGH,True,True,False,CC.4,F3,CC,CC.4,F3,CC,,,
CPS_0940,CPS,CC,CC.4,F3,HIGH,True,True,False,CC.4,F3,CC,CC.4,F3,CC,,,
CPS_0941,CPS,TC,TC.1,F2,HIGH,True,True,False,TC.1,F2,TC,TC.1,F2,TC,,,
CPS_0942,CPS,NHB,NHB.0,F1,HIGH,True,True,False,NHB.0,F1,NHB,NHB.0,F1,NHB,,,
CPS_0944,CPS,CC,CC.4,F3,HIGH,True,True,False,CC.4,F3,CC,CC.4,F3,CC,,,
CPS_0943,CPS,CC,CC.2,F3,HIGH,True,True,False,CC.2,F3,CC,CC.2,F3,CC,,,
CPS_0945,CPS,CC,CC.4,F3,HIGH,True,True,False,CC.4,F3,CC,CC.4,F3,CC,,,
CPS_0946,CPS,CC,CC.4,F3,HIGH,True,True,False,CC.4,F3,CC,CC.4,F3,CC,,,
CPS_0947,CPS,RS,RS.1,F2,HIGH,True,True,False,RS.1,F2,RS,RS.1,F2,RS,,,
CPS_0948,CPS,TC,TC.1,F2,HIGH,True,True,False,TC.1,F2,TC,TC.1,F2,TC,,,
CPS_0949,CPS,CC,CC.2,F3,MODERATE,False,True,False,CC.2,F3,CC,RS.1,F3,RS,,,
CPS_0951,CPS,CC,CC.2,F2,HIGH,True,True,False,CC.2,F2,CC,CC.2,F2,CC,,,
CPS_0950,CPS,CC,CC.4,F3,HIGH,True,True,False,CC.4,F3,CC,CC.4,F3,CC,,,
CPS_0953,CPS,CC,CC.4,F3,HIGH,True,True,False,CC.4,F3,CC,CC.4,F3,CC,,,
CPS_0952,CPS,CC,CC.2,F2,HIGH,True,True,False,CC.2,F2,CC,CC.2,F2,CC,,,
CPS_0954,CPS,CC,CC.4,F3,HIGH,True,True,False,CC.4,F3,CC,CC.4,F3,CC,,,
CPS_0955,CPS,CC,CC.1,F3,HIGH,True,True,False,CC.1,F3,CC,CC.1,F3,CC,,,
CPS_0956,CPS,CC,CC.1,F3,HIGH,True,True,False,CC.1,F3,CC,CC.1,F3,CC,,,
CPS_0958,CPS,CC,CC.1,F3,HIGH,True,True,False,CC.1,F3,CC,CC.1,F3,CC,,,
CPS_0957,CPS,CC,CC.1,F3,HIGH,True,True,False,CC.1,F3,CC,CC.1,F3,CC,,,
CPS_0959,CPS,CC,CC.1,F3,HIGH,True,True,False,CC.1,F3,CC,CC.1,F3,CC,,,
CPS_0960,CPS,CC,CC.1,F3,HIGH,True,True,False,CC.1,F3,CC,CC.1,F3,CC,,,
CPS_0962,CPS,NHB,NHB.0,F1,HIGH,True,True,False,NHB.0,F1,NHB,NHB.0,F1,NHB,,,
CPS_0961,CPS,CC,CC.1,F3,HIGH,True,True,False,CC.1,F3,CC,CC.1,F3,CC,,,
CPS_0963,CPS,CC,CC.4,F2,HIGH,True,True,False,CC.4,F2,CC,CC.4,F2,CC,,,
CPS_0964,CPS,CC,CC.4,F2,HIGH,True,True,False,CC.4,F2,CC,CC.4,F2,CC,,,
CPS_0965,CPS,CC,CC.4,F3,HIGH,True,True,False,CC.4,F3,CC,CC.1,F3,CC,,,
CPS_0966,CPS,CC,CC.1,F3,HIGH,True,True,False,CC.1,F3,CC,CC.1,F3,CC,,,
CPS_0967,CPS,CC,CC.2,F3,HIGH,True,True,False,CC.2,F3,CC,CC.1,F3,CC,,,
CPS_0968,CPS,CC,CC.1,F3,HIGH,True,True,False,CC.1,F3,CC,CC.1,F3,CC,,,
CPS_0970,CPS,CC,CC.1,F3,HIGH,True,True,False,CC.1,F3,CC,CC.1,F3,CC,,,
CPS_0969,CPS,CC,CC.4,F3,HIGH,True,True,False,CC.4,F3,CC,CC.1,F3,CC,,,
CPS_0971,CPS,TC,TC.1,F2,HIGH,True,True,False,TC.1,F2,TC,TC.1,F2,TC,,,
CPS_0973,CPS,CC,CC.1,F3,HIGH,True,True,False,CC.1,F3,CC,CC.1,F3,CC,,,
CPS_0972,CPS,TC,TC.1,F1,MODERATE,True,False,False,TC.1,F1,TC,TC.1,F2,TC,,,
CPS_0974,CPS,CC,CC.4,F3,HIGH,True,True,False,CC.4,F3,CC,CC.4,F3,CC,,,
CPS_0975,CPS,CC,CC.4,F3,HIGH,True,True,False,CC.4,F3,CC,CC.4,F3,CC,,,
CPS_0976,CPS,CC,CC.4,F3,HIGH,True,True,False,CC.4,F3,CC,CC.4,F3,CC,,,
CPS_0977,CPS,RS,RS.1,F2,MODERATE,False,True,False,RS.1,F2,RS,TC.1,F2,TC,,,
CPS_0978,CPS,TC,TC.1,F2,HIGH,True,True,False,TC.1,F2,TC,TC.1,F2,TC,,,
CPS_0979,CPS,RS,RS.1,F3,MODERATE,False,True,False,RS.1,F3,RS,CC.1,F3,CC,,,
CPS_0980,CPS,CC,CC.4,F3,HIGH,True,True,False,CC.4,F3,CC,CC.4,F3,CC,,,
CPS_0981,CPS,CC,CC.1,F2,MODERATE,False,True,False,CC.1,F2,CC,RS.1,F2,RS,,,
CPS_0983,CPS,CC,CC.4,F3,HIGH,True,True,False,CC.4,F3,CC,CC.4,F3,CC,,,
CPS_0982,CPS,CC,CC.1,F2,MODERATE,False,True,False,CC.1,F2,CC,TC.1,F2,TC,,,
CPS_0984,CPS,CC,CC.4,F3,HIGH,True,True,False,CC.4,F3,CC,CC.4,F3,CC,,,
CPS_0985,CPS,CC,CC.2,F3,MODERATE,False,True,False,CC.2,F3,CC,RS.1,F3,RS,,,
CPS_0986,CPS,CC,CC.4,F2,MODERATE,True,False,False,CC.4,F2,CC,CC.4,F3,CC,,,
CPS_0987,CPS,CC,CC.2,F2,LOW,False,False,False,CC.2,F2,CC,RS.1,F3,RS,,,
CPS_0988,CPS,CC,CC.2,F2,MODERATE,False,True,False,CC.2,F2,CC,RS.1,F2,RS,,,
CPS_0989,CPS,CC,CC.4,F3,HIGH,True,True,False,CC.4,F3,CC,CC.4,F3,CC,,,
CPS_0992,CPS,CC,CC.4,F2,MODERATE,True,False,False,CC.4,F2,CC,CC.4,F3,CC,,,
CPS_0990,CPS,CC,CC.4,F3,HIGH,True,True,False,CC.4,F3,CC,CC.4,F3,CC,,,
CPS_0991,CPS,CC,CC.2,F3,HIGH,True,True,False,CC.2,F3,CC,CC.2,F3,CC,,,
CPS_0993,CPS,CC,CC.1,F2,MODERATE,False,True,False,CC.1,F2,CC,RS.1,F2,RS,,,
CPS_0995,CPS,CC,CC.4,F3,HIGH,True,True,False,CC.4,F3,CC,CC.4,F3,CC,,,
CPS_0994,CPS,RS,RS.1,F2,HIGH,True,True,False,RS.1,F2,RS,RS.1,F2,RS,,,
CPS_0997,CPS,CC,CC.2,F3,HIGH,True,True,False,CC.2,F3,CC,CC.2,F3,CC,,,
CPS_0996,CPS,CC,CC.4,F3,HIGH,True,True,False,CC.4,F3,CC,CC.4,F3,CC,,,
CPS_0998,CPS,CC,CC.4,F3,HIGH,True,True,False,CC.4,F3,CC,CC.4,F3,CC,,,
CPS_0999,CPS,CC,CC.2,F2,MODERATE,False,True,False,CC.2,F2,CC,RS.1,F2,RS,,,
CPS_1000,CPS,CC,CC.1,F2,MODERATE,False,True,False,CC.1,F2,CC,RS.1,F2,RS,,,
CPS_1001,CPS,CC,CC.4,F3,HIGH,True,True,False,CC.4,F3,CC,CC.4,F3,CC,,,
CPS_1002,CPS,CC,CC.4,F3,HIGH,True,True,False,CC.4,F3,CC,CC.4,F3,CC,,,
CPS_1003,CPS,RS,RS.1,F3,HIGH,True,True,False,RS.1,F3,RS,RS.1,F3,RS,,,
CPS_1004,CPS,CC,CC.4,F3,HIGH,True,True,False,CC.4,F3,CC,CC.4,F3,CC,,,
CPS_1005,CPS,RS,RS.1,F2,HIGH,True,True,False,RS.1,F2,RS,RS.1,F2,RS,,,
CPS_1006,CPS,CC,CC.1,F2,MODERATE,False,True,False,CC.1,F2,CC,RS.1,F2,RS,,,
CPS_1007,CPS,CC,CC.4,F3,HIGH,True,True,False,CC.4,F3,CC,CC.4,F3,CC,,,
CPS_1008,CPS,CC,CC.4,F3,HIGH,True,True,False,CC.4,F3,CC,CC.4,F3,CC,,,
CPS_1009,CPS,RS,RS.1,F3,HIGH,True,True,False,RS.1,F3,RS,RS.1,F3,RS,,,
CPS_1010,CPS,CC,CC.4,F3,HIGH,True,True,False,CC.4,F3,CC,CC.4,F3,CC,,,
CPS_1011,CPS,CC,CC.2,F2,MODERATE,False,True,False,CC.2,F2,CC,RS.1,F2,RS,,,
CPS_1012,CPS,RS,RS.1,F2,HIGH,True,True,False,RS.1,F2,RS,RS.1,F2,RS,,,
CPS_1013,CPS,CC,CC.4,F3,HIGH,True,True,False,CC.4,F3,CC,CC.4,F3,CC,,,
CPS_1014,CPS,CC,CC.4,F3,HIGH,True,True,False,CC.4,F3,CC,CC.4,F3,CC,,,
CPS_1015,CPS,CC,CC.1,F3,HIGH,True,True,False,CC.1,F3,CC,CC.1,F3,CC,,,
CPS_1016,CPS,CC,CC.4,F3,HIGH,True,True,False,CC.4,F3,CC,CC.4,F3,CC,,,
CPS_1018,CPS,RS,RS.1,F2,HIGH,True,True,False,RS.1,F2,RS,RS.1,F2,RS,,,
CPS_1019,CPS,CC,CC.4,F3,HIGH,True,True,False,CC.4,F3,CC,CC.4,F3,CC,,,
CPS_1017,CPS,RS,RS.1,F2,HIGH,True,True,False,RS.1,F2,RS,RS.1,F2,RS,,,
CPS_1020,CPS,CC,CC.4,F3,HIGH,True,True,False,CC.4,F3,CC,CC.4,F3,CC,,,
CPS_1021,CPS,RS,RS.1,F3,MODERATE,False,True,False,RS.1,F3,RS,CC.1,F3,CC,,,
CPS_1022,CPS,CC,CC.4,F2,HIGH,True,True,False,CC.4,F2,CC,CC.4,F2,CC,,,
CPS_1023,CPS,CC,CC.2,F2,HIGH,True,True,False,CC.2,F2,CC,CC.2,F2,CC,,,
CPS_1024,CPS,CC,CC.2,F2,HIGH,True,True,False,CC.2,F2,CC,CC.2,F2,CC,,,
CPS_1025,CPS,CC,CC.4,F3,HIGH,True,True,False,CC.4,F3,CC,CC.4,F3,CC,,,
CPS_1026,CPS,CC,CC.4,F3,HIGH,True,True,False,CC.4,F3,CC,CC.4,F3,CC,,,
CPS_1027,CPS,CC,CC.2,F3,HIGH,True,True,False,CC.2,F3,CC,CC.2,F3,CC,,,
CPS_1028,CPS,CC,CC.4,F3,HIGH,True,True,False,CC.4,F3,CC,CC.4,F3,CC,,,
CPS_1029,CPS,CC,CC.2,F2,MODERATE,True,False,False,CC.2,F2,CC,CC.2,F3,CC,,,
CPS_1030,CPS,CC,CC.2,F2,HIGH,True,True,False,CC.2,F2,CC,CC.2,F2,CC,,,
CPS_1031,CPS,CC,CC.4,F3,HIGH,True,True,False,CC.4,F3,CC,CC.4,F3,CC,,,
CPS_1032,CPS,CC,CC.4,F3,HIGH,True,True,False,CC.4,F3,CC,CC.4,F3,CC,,,
CPS_1033,CPS,CC,CC.1,F3,HIGH,True,True,False,CC.1,F3,CC,CC.1,F3,CC,,,
CPS_1034,CPS,CC,CC.4,F3,HIGH,True,True,False,CC.4,F3,CC,CC.4,F3,CC,,,
CPS_1035,CPS,RS,RS.1,F2,HIGH,True,True,False,RS.1,F2,RS,RS.1,F2,RS,,,
CPS_1037,CPS,CC,CC.4,F3,HIGH,True,True,False,CC.4,F3,CC,CC.4,F3,CC,,,
CPS_1036,CPS,CC,CC.1,F3,LOW,False,False,False,CC.1,F3,CC,RS.1,F2,RS,,,
CPS_1038,CPS,CC,CC.4,F2,MODERATE,True,False,False,CC.4,F2,CC,CC.4,F3,CC,,,
CPS_1039,CPS,CC,CC.1,F3,HIGH,True,True,False,CC.1,F3,CC,CC.1,F3,CC,,,
CPS_1040,CPS,RS,RS.1,F3,HIGH,True,True,False,RS.1,F3,RS,RS.1,F3,RS,,,
CPS_1042,CPS,RS,RS.1,F3,MODERATE,False,True,False,RS.1,F3,RS,CC.1,F3,CC,,,
CPS_1041,CPS,RS,RS.1,F3,HIGH,True,True,False,RS.1,F3,RS,RS.1,F3,RS,,,
CPS_1043,CPS,CC,CC.1,F3,HIGH,True,True,False,CC.1,F3,CC,CC.1,F3,CC,,,
CPS_1044,CPS,CC,CC.1,F3,HIGH,True,True,False,CC.1,F3,CC,CC.1,F3,CC,,,
CPS_1045,CPS,CC,CC.1,F3,HIGH,True,True,False,CC.1,F3,CC,CC.1,F3,CC,,,
CPS_1047,CPS,CC,CC.4,F2,HIGH,True,True,False,CC.4,F2,CC,CC.4,F2,CC,,,
CPS_1048,CPS,CC,CC.4,F2,HIGH,True,True,False,CC.4,F2,CC,CC.4,F2,CC,,,
CPS_1049,CPS,CC,CC.4,F3,HIGH,True,True,False,CC.4,F3,CC,CC.4,F3,CC,,,
CPS_1050,CPS,CC,CC.4,F3,HIGH,True,True,False,CC.4,F3,CC,CC.4,F3,CC,,,
CPS_1051,CPS,RS,RS.1,F1,MODERATE,False,True,False,RS.1,F1,RS,NHB.0,F1,NHB,,,
CPS_1052,CPS,RS,RS.1,F2,LOW,False,False,False,RS.1,F2,RS,NHB.0,F1,NHB,,,
CPS_1053,CPS,RS,RS.1,F1,MODERATE,True,False,False,RS.1,F1,RS,RS.1,F2,RS,,,
CPS_1055,CPS,RS,RS.2,F1,HIGH,True,True,False,RS.2,F1,RS,RS.2,F1,RS,,,
CPS_1054,CPS,RS,RS.2,F2,MODERATE,True,False,False,RS.2,F2,RS,RS.2,F1,RS,,,
CPS_1056,CPS,RS,RS.2,F2,MODERATE,True,False,False,RS.2,F2,RS,RS.2,F1,RS,,,
CPS_1057,CPS,RS,RS.2,F1,HIGH,True,True,False,RS.2,F1,RS,RS.2,F1,RS,,,
CPS_1058,CPS,RS,RS.2,F1,HIGH,True,True,False,RS.2,F1,RS,RS.2,F1,RS,,,
CPS_1059,CPS,CC,CC.4,F2,MODERATE,True,False,False,CC.4,F2,CC,CC.4,F1,CC,,,
CPS_1063,CPS,RS,RS.1,F3,MODERATE,True,False,False,RS.1,F3,RS,RS.1,F2,RS,,,
CPS_1064,CPS,RS,RS.1,F1,MODERATE,True,False,False,RS.1,F1,RS,RS.1,F2,RS,,,
CPS_1065,CPS,RS,RS.1,F2,HIGH,True,True,False,RS.1,F2,RS,RS.1,F2,RS,,,
CPS_1067,CPS,CC,CC.2,F2,LOW,False,False,False,CC.2,F2,CC,RS.1,F1,RS,,,
CPS_1066,CPS,CC,CC.2,F1,HIGH,True,True,False,CC.2,F1,CC,CC.2,F1,CC,,,
CPS_1068,CPS,CC,CC.2,F2,LOW,False,False,False,CC.2,F2,CC,RS.1,F1,RS,,,
CPS_1070,CPS,CC,CC.2,F2,HIGH,True,True,False,CC.2,F2,CC,CC.2,F2,CC,,,
CPS_1071,CPS,CC,CC.1,F3,HIGH,True,True,False,CC.1,F3,CC,CC.1,F3,CC,,,
CPS_1072,CPS,CC,CC.1,F3,HIGH,True,True,False,CC.1,F3,CC,CC.1,F3,CC,,,
CPS_1073,CPS,RS,RS.2,F1,HIGH,True,True,False,RS.2,F1,RS,RS.2,F1,RS,,,
CPS_1074,CPS,CC,CC.1,F3,HIGH,True,True,False,CC.1,F3,CC,CC.1,F3,CC,,,
CPS_1075,CPS,CC,CC.1,F3,HIGH,True,True,False,CC.1,F3,CC,CC.1,F3,CC,,,
CPS_1076,CPS,CC,CC.2,F3,HIGH,True,True,False,CC.2,F3,CC,CC.2,F3,CC,,,
CPS_1077,CPS,MC,MC.3,F2,HIGH,True,True,False,MC.3,F2,MC,MC.3,F2,MC,,,
CPS_1078,CPS,CC,CC.2,F3,HIGH,True,True,False,CC.2,F3,CC,CC.1,F3,CC,,,
CPS_1083,CPS,NHB,NHB.0,F1,HIGH,True,True,False,NHB.0,F1,NHB,NHB.0,F1,NHB,,,
CPS_1084,CPS,NHB,NHB.0,F1,LOW,False,False,False,NHB.0,F1,NHB,TC.2,F2,TC,,,
CPS_1082,CPS,CC,CC.1,F3,HIGH,True,True,False,CC.1,F3,CC,CC.1,F3,CC,,,
CPS_1085,CPS,NHB,NHB.0,F1,HIGH,True,True,False,NHB.0,F1,NHB,NHB.0,F1,NHB,,,
CPS_1087,CPS,NHB,NHB.0,F1,HIGH,True,True,False,NHB.0,F1,NHB,NHB.0,F1,NHB,,,
CPS_1086,CPS,CC,CC.2,F3,HIGH,True,True,False,CC.2,F3,CC,CC.1,F3,CC,,,
CPS_1088,CPS,NHB,NHB.0,F1,HIGH,True,True,False,NHB.0,F1,NHB,NHB.0,F1,NHB,,,
CPS_1091,CPS,CC,CC.1,F3,HIGH,True,True,False,CC.1,F3,CC,CC.1,F3,CC,,,
FOODAPS_0000,FOODAPS,CC,CC.1,F3,HIGH,True,True,False,CC.1,F3,CC,CC.1,F3,CC,,,
CPS_1089,CPS,NHB,NHB.0,F1,LOW,False,False,False,NHB.0,F1,NHB,TC.2,F2,TC,,,
FOODAPS_0003,FOODAPS,CC,CC.1,F3,HIGH,True,True,False,CC.1,F3,CC,CC.1,F3,CC,,,
FOODAPS_0001,FOODAPS,CC,CC.1,F3,HIGH,True,True,False,CC.1,F3,CC,CC.1,F3,CC,,,
FOODAPS_0002,FOODAPS,CC,CC.1,F3,HIGH,True,True,False,CC.1,F3,CC,CC.1,F3,CC,,,
FOODAPS_0004,FOODAPS,CC,CC.1,F3,HIGH,True,True,False,CC.1,F3,CC,CC.1,F3,CC,,,
FOODAPS_0005,FOODAPS,CC,CC.1,F3,HIGH,True,True,False,CC.1,F3,CC,CC.1,F3,CC,,,
FOODAPS_0006,FOODAPS,CC,CC.1,F3,HIGH,True,True,False,CC.1,F3,CC,CC.1,F3,CC,,,
FOODAPS_0007,FOODAPS,CC,CC.1,F3,HIGH,True,True,False,CC.1,F3,CC,CC.1,F3,CC,,,
FOODAPS_0008,FOODAPS,CC,CC.1,F3,HIGH,True,True,False,CC.1,F3,CC,CC.1,F3,CC,,,
FOODAPS_0009,FOODAPS,CC,CC.2,F3,HIGH,True,True,False,CC.2,F3,CC,CC.1,F3,CC,,,
FOODAPS_0011,FOODAPS,CC,CC.1,F3,HIGH,True,True,False,CC.1,F3,CC,CC.1,F3,CC,,,
FOODAPS_0010,FOODAPS,CC,CC.1,F3,HIGH,True,True,False,CC.1,F3,CC,CC.1,F3,CC,,,
FOODAPS_0012,FOODAPS,CC,CC.1,F3,HIGH,True,True,False,CC.1,F3,CC,CC.1,F3,CC,,,
FOODAPS_0014,FOODAPS,CC,CC.1,F3,HIGH,True,True,False,CC.1,F3,CC,CC.1,F3,CC,,,
FOODAPS_0013,FOODAPS,CC,CC.1,F3,HIGH,True,True,False,CC.1,F3,CC,CC.1,F3,CC,,,
FOODAPS_0015,FOODAPS,CC,CC.1,F3,HIGH,True,True,False,CC.1,F3,CC,CC.1,F3,CC,,,
FOODAPS_0017,FOODAPS,CC,CC.1,F3,HIGH,True,True,False,CC.1,F3,CC,CC.1,F3,CC,,,
FOODAPS_0018,FOODAPS,CC,CC.2,F3,HIGH,True,True,False,CC.2,F3,CC,CC.1,F3,CC,,,
FOODAPS_0016,FOODAPS,CC,CC.2,F3,MODERATE,True,False,False,CC.2,F3,CC,CC.2,F2,CC,,,
FOODAPS_0021,FOODAPS,CC,CC.1,F3,HIGH,True,True,False,CC.1,F3,CC,CC.1,F3,CC,,,
FOODAPS_0019,FOODAPS,CC,CC.2,F2,HIGH,True,True,False,CC.2,F2,CC,CC.2,F2,CC,,,
FOODAPS_0020,FOODAPS,CC,CC.1,F3,HIGH,True,True,False,CC.1,F3,CC,CC.1,F3,CC,,,
FOODAPS_0022,FOODAPS,CC,CC.1,F3,HIGH,True,True,False,CC.1,F3,CC,CC.1,F3,CC,,,
FOODAPS_0024,FOODAPS,TC,TC.2,F2,HIGH,True,True,False,TC.2,F2,TC,TC.2,F2,TC,,,
FOODAPS_0023,FOODAPS,CC,CC.2,F3,HIGH,True,True,False,CC.2,F3,CC,CC.1,F3,CC,,,
FOODAPS_0025,FOODAPS,CC,CC.1,F3,HIGH,True,True,False,CC.1,F3,CC,CC.1,F3,CC,,,
FOODAPS_0027,FOODAPS,CC,CC.1,F3,HIGH,True,True,False,CC.1,F3,CC,CC.1,F3,CC,,,
FOODAPS_0026,FOODAPS,CC,CC.1,F3,HIGH,True,True,False,CC.1,F3,CC,CC.1,F3,CC,,,
FOODAPS_0028,FOODAPS,CC,CC.2,F3,HIGH,True,True,False,CC.2,F3,CC,CC.1,F3,CC,,,
FOODAPS_0029,FOODAPS,TC,TC.2,F2,HIGH,True,True,False,TC.2,F2,TC,TC.2,F2,TC,,,
FOODAPS_0030,FOODAPS,CC,CC.1,F3,HIGH,True,True,False,CC.1,F3,CC,CC.1,F3,CC,,,
FOODAPS_0031,FOODAPS,CC,CC.2,F3,HIGH,True,True,False,CC.2,F3,CC,CC.1,F3,CC,,,
FOODAPS_0032,FOODAPS,CC,CC.2,F3,HIGH,True,True,False,CC.2,F3,CC,CC.1,F3,CC,,,
FOODAPS_0033,FOODAPS,CC,CC.2,F3,HIGH,True,True,False,CC.2,F3,CC,CC.2,F3,CC,,,
FOODAPS_0034,FOODAPS,TC,TC.2,F2,HIGH,True,True,False,TC.2,F2,TC,TC.2,F2,TC,,,
FOODAPS_0035,FOODAPS,CC,CC.1,F3,HIGH,True,True,False,CC.1,F3,CC,CC.1,F3,CC,,,
FOODAPS_0036,FOODAPS,CC,CC.2,F3,HIGH,True,True,False,CC.2,F3,CC,CC.1,F3,CC,,,
FOODAPS_0037,FOODAPS,CC,CC.2,F3,HIGH,True,True,False,CC.2,F3,CC,CC.1,F3,CC,,,
FOODAPS_0038,FOODAPS,CC,CC.2,F3,HIGH,True,True,False,CC.2,F3,CC,CC.2,F3,CC,,,
FOODAPS_0039,FOODAPS,TC,TC.2,F2,HIGH,True,True,False,TC.2,F2,TC,TC.2,F2,TC,,,
FOODAPS_0040,FOODAPS,CC,CC.1,F3,HIGH,True,True,False,CC.1,F3,CC,CC.1,F3,CC,,,
FOODAPS_0041,FOODAPS,CC,CC.1,F3,HIGH,True,True,False,CC.1,F3,CC,CC.1,F3,CC,,,
FOODAPS_0042,FOODAPS,CC,CC.1,F3,HIGH,True,True,False,CC.1,F3,CC,CC.1,F3,CC,,,
FOODAPS_0043,FOODAPS,CC,CC.1,F3,HIGH,True,True,False,CC.1,F3,CC,CC.1,F3,CC,,,
FOODAPS_0045,FOODAPS,CC,CC.1,F3,HIGH,True,True,False,CC.1,F3,CC,CC.1,F3,CC,,,
FOODAPS_0044,FOODAPS,CC,CC.2,F3,HIGH,True,True,False,CC.2,F3,CC,CC.1,F3,CC,,,
FOODAPS_0046,FOODAPS,CC,CC.1,F3,HIGH,True,True,False,CC.1,F3,CC,CC.1,F3,CC,,,
FOODAPS_0047,FOODAPS,CC,CC.1,F3,HIGH,True,True,False,CC.1,F3,CC,CC.1,F3,CC,,,
FOODAPS_0049,FOODAPS,TC,TC.2,F2,HIGH,True,True,False,TC.2,F2,TC,TC.2,F2,TC,,,
FOODAPS_0048,FOODAPS,CC,CC.1,F3,HIGH,True,True,False,CC.1,F3,CC,CC.1,F3,CC,,,
FOODAPS_0050,FOODAPS,CC,CC.2,F3,HIGH,True,True,False,CC.2,F3,CC,CC.1,F3,CC,,,
FOODAPS_0052,FOODAPS,CC,CC.2,F3,HIGH,True,True,False,CC.2,F3,CC,CC.1,F3,CC,,,
FOODAPS_0051,FOODAPS,CC,CC.2,F3,HIGH,True,True,False,CC.2,F3,CC,CC.1,F3,CC,,,
FOODAPS_0053,FOODAPS,CC,CC.2,F3,HIGH,True,True,False,CC.2,F3,CC,CC.1,F3,CC,,,
FOODAPS_0054,FOODAPS,TC,TC.2,F2,HIGH,True,True,False,TC.2,F2,TC,TC.2,F2,TC,,,
FOODAPS_0057,FOODAPS,CC,CC.1,F3,HIGH,True,True,False,CC.1,F3,CC,CC.1,F3,CC,,,
FOODAPS_0058,FOODAPS,CC,CC.2,F3,HIGH,True,True,False,CC.2,F3,CC,CC.1,F3,CC,,,
FOODAPS_0059,FOODAPS,TC,TC.2,F3,HIGH,True,True,False,TC.2,F3,TC,TC.2,F3,TC,,,
FOODAPS_0061,FOODAPS,CC,CC.3,F1,MODERATE,False,True,False,CC.3,F1,CC,NHB.0,F1,NHB,,,
FOODAPS_0062,FOODAPS,CC,CC.1,F3,HIGH,True,True,False,CC.1,F3,CC,CC.1,F3,CC,,,
FOODAPS_0063,FOODAPS,CC,CC.2,F3,HIGH,True,True,False,CC.2,F3,CC,CC.2,F3,CC,,,
FOODAPS_0065,FOODAPS,CC,CC.1,F3,HIGH,True,True,False,CC.1,F3,CC,CC.1,F3,CC,,,
FOODAPS_0064,FOODAPS,TC,TC.2,F2,HIGH,True,True,False,TC.2,F2,TC,TC.2,F2,TC,,,
FOODAPS_0066,FOODAPS,CC,CC.1,F3,HIGH,True,True,False,CC.1,F3,CC,CC.1,F3,CC,,,
FOODAPS_0067,FOODAPS,CC,CC.1,F3,HIGH,True,True,False,CC.1,F3,CC,CC.1,F3,CC,,,
FOODAPS_0068,FOODAPS,CC,CC.1,F3,HIGH,True,True,False,CC.1,F3,CC,CC.1,F3,CC,,,
FOODAPS_0069,FOODAPS,CC,CC.1,F2,HIGH,True,True,False,CC.1,F2,CC,CC.1,F2,CC,,,
FOODAPS_0070,FOODAPS,CC,CC.1,F2,MODERATE,True,False,False,CC.1,F2,CC,CC.1,F3,CC,,,
FOODAPS_0071,FOODAPS,CC,CC.1,F3,HIGH,True,True,False,CC.1,F3,CC,CC.1,F3,CC,,,
FOODAPS_0072,FOODAPS,CC,CC.1,F3,HIGH,True,True,False,CC.1,F3,CC,CC.1,F3,CC,,,
FOODAPS_0073,FOODAPS,CC,CC.1,F3,HIGH,True,True,False,CC.1,F3,CC,CC.1,F3,CC,,,
FOODAPS_0075,FOODAPS,CC,CC.2,F3,HIGH,True,True,False,CC.2,F3,CC,CC.2,F3,CC,,,
FOODAPS_0074,FOODAPS,CC,CC.2,F2,HIGH,True,True,False,CC.2,F2,CC,CC.2,F2,CC,,,
FOODAPS_0076,FOODAPS,CC,CC.2,F3,HIGH,True,True,False,CC.2,F3,CC,CC.2,F3,CC,,,
FOODAPS_0077,FOODAPS,CC,CC.2,F2,HIGH,True,True,False,CC.2,F2,CC,CC.4,F2,CC,,,
FOODAPS_0078,FOODAPS,CC,CC.2,F2,HIGH,True,True,False,CC.2,F2,CC,CC.4,F2,CC,,,
FOODAPS_0079,FOODAPS,CC,CC.2,F3,HIGH,True,True,False,CC.2,F3,CC,CC.2,F3,CC,,,
FOODAPS_0080,FOODAPS,CC,CC.2,F3,HIGH,True,True,False,CC.2,F3,CC,CC.2,F3,CC,,,
FOODAPS_0081,FOODAPS,CC,CC.2,F3,HIGH,True,True,False,CC.2,F3,CC,CC.2,F3,CC,,,
FOODAPS_0082,FOODAPS,CC,CC.4,F2,HIGH,True,True,False,CC.4,F2,CC,CC.4,F2,CC,,,
FOODAPS_0084,FOODAPS,CC,CC.1,F3,HIGH,True,True,False,CC.1,F3,CC,CC.1,F3,CC,,,
FOODAPS_0083,FOODAPS,CC,CC.2,F3,HIGH,True,True,False,CC.2,F3,CC,CC.2,F3,CC,,,
FOODAPS_0085,FOODAPS,CC,CC.1,F3,HIGH,True,True,False,CC.1,F3,CC,CC.1,F3,CC,,,
FOODAPS_0086,FOODAPS,CC,CC.1,F3,HIGH,True,True,False,CC.1,F3,CC,CC.1,F3,CC,,,
FOODAPS_0087,FOODAPS,CC,CC.1,F3,HIGH,True,True,False,CC.1,F3,CC,CC.1,F3,CC,,,
FOODAPS_0088,FOODAPS,CC,CC.1,F3,HIGH,True,True,False,CC.1,F3,CC,CC.1,F3,CC,,,
FOODAPS_0089,FOODAPS,CC,CC.1,F3,HIGH,True,True,False,CC.1,F3,CC,CC.1,F3,CC,,,
FOODAPS_0090,FOODAPS,CC,CC.4,F2,HIGH,True,True,False,CC.4,F2,CC,CC.4,F2,CC,,,
FOODAPS_0091,FOODAPS,CC,CC.4,F3,HIGH,True,True,False,CC.4,F3,CC,CC.4,F3,CC,,,
FOODAPS_0092,FOODAPS,CC,CC.1,F3,HIGH,True,True,False,CC.1,F3,CC,CC.1,F3,CC,,,
FOODAPS_0093,FOODAPS,CC,CC.1,F3,HIGH,True,True,False,CC.1,F3,CC,CC.1,F3,CC,,,
FOODAPS_0097,FOODAPS,CC,CC.2,F3,HIGH,True,True,False,CC.2,F3,CC,CC.1,F3,CC,,,
FOODAPS_0094,FOODAPS,CC,CC.1,F3,HIGH,True,True,False,CC.1,F3,CC,CC.1,F3,CC,,,
FOODAPS_0098,FOODAPS,CC,CC.2,F2,HIGH,True,True,False,CC.2,F2,CC,CC.2,F2,CC,,,
FOODAPS_0100,FOODAPS,CC,CC.1,F3,HIGH,True,True,False,CC.1,F3,CC,CC.1,F3,CC,,,
FOODAPS_0099,FOODAPS,TC,TC.1,F3,HIGH,True,True,False,TC.1,F3,TC,TC.1,F3,TC,,,
FOODAPS_0101,FOODAPS,CC,CC.1,F3,HIGH,True,True,False,CC.1,F3,CC,CC.1,F3,CC,,,
FOODAPS_0102,FOODAPS,CC,CC.1,F3,HIGH,True,True,False,CC.1,F3,CC,CC.1,F3,CC,,,
FOODAPS_0103,FOODAPS,CC,CC.1,F3,HIGH,True,True,False,CC.1,F3,CC,CC.1,F3,CC,,,
FOODAPS_0104,FOODAPS,CC,CC.1,F2,HIGH,True,True,False,CC.1,F2,CC,CC.1,F2,CC,,,
FOODAPS_0105,FOODAPS,CC,CC.1,F3,HIGH,True,True,False,CC.1,F3,CC,CC.1,F3,CC,,,
FOODAPS_0106,FOODAPS,CC,CC.1,F3,HIGH,True,True,False,CC.1,F3,CC,CC.1,F3,CC,,,
FOODAPS_0107,FOODAPS,CC,CC.1,F3,HIGH,True,True,False,CC.1,F3,CC,CC.1,F3,CC,,,
FOODAPS_0108,FOODAPS,CC,CC.1,F3,HIGH,True,True,False,CC.1,F3,CC,CC.1,F3,CC,,,
FOODAPS_0109,FOODAPS,CC,CC.1,F3,HIGH,True,True,False,CC.1,F3,CC,CC.1,F3,CC,,,
FOODAPS_0110,FOODAPS,CC,CC.2,F3,HIGH,True,True,False,CC.2,F3,CC,CC.2,F3,CC,,,
FOODAPS_0112,FOODAPS,CC,CC.2,F2,MODERATE,True,False,False,CC.2,F2,CC,CC.2,F3,CC,,,
FOODAPS_0111,FOODAPS,CC,CC.2,F3,HIGH,True,True,False,CC.2,F3,CC,CC.2,F3,CC,,,
FOODAPS_0113,FOODAPS,CC,CC.2,F3,HIGH,True,True,False,CC.2,F3,CC,CC.2,F3,CC,,,
FOODAPS_0114,FOODAPS,CC,CC.2,F3,HIGH,True,True,False,CC.2,F3,CC,CC.1,F3,CC,,,
FOODAPS_0116,FOODAPS,RS,RS.1,F1,HIGH,True,True,False,RS.1,F1,RS,RS.1,F1,RS,,,
FOODAPS_0117,FOODAPS,CC,CC.1,F3,HIGH,True,True,False,CC.1,F3,CC,CC.1,F3,CC,,,
FOODAPS_0120,FOODAPS,RS,RS.1,F1,HIGH,True,True,False,RS.1,F1,RS,RS.1,F1,RS,,,
FOODAPS_0121,FOODAPS,CC,CC.1,F3,HIGH,True,True,False,CC.1,F3,CC,CC.1,F3,CC,,,
FOODAPS_0118,FOODAPS,CC,CC.1,F3,HIGH,True,True,False,CC.1,F3,CC,CC.1,F3,CC,,,
FOODAPS_0122,FOODAPS,CC,CC.1,F3,HIGH,True,True,False,CC.1,F3,CC,CC.1,F3,CC,,,
FOODAPS_0125,FOODAPS,CC,CC.1,F3,HIGH,True,True,False,CC.1,F3,CC,CC.1,F3,CC,,,
FOODAPS_0124,FOODAPS,RS,RS.1,F1,HIGH,True,True,False,RS.1,F1,RS,RS.1,F1,RS,,,
FOODAPS_0126,FOODAPS,CC,CC.1,F3,HIGH,True,True,False,CC.1,F3,CC,CC.1,F3,CC,,,
FOODAPS_0128,FOODAPS,RS,RS.1,F1,HIGH,True,True,False,RS.1,F1,RS,RS.1,F1,RS,,,
FOODAPS_0129,FOODAPS,CC,CC.1,F3,HIGH,True,True,False,CC.1,F3,CC,CC.1,F3,CC,,,
FOODAPS_0130,FOODAPS,CC,CC.1,F3,HIGH,True,True,False,CC.1,F3,CC,CC.1,F3,CC,,,
FOODAPS_0131,FOODAPS,CC,CC.3,F2,HIGH,True,True,False,CC.3,F2,CC,CC.3,F2,CC,,,
FOODAPS_0132,FOODAPS,CC,CC.2,F3,HIGH,True,True,False,CC.2,F3,CC,CC.1,F3,CC,,,
FOODAPS_0134,FOODAPS,CC,CC.1,F3,HIGH,True,True,False,CC.1,F3,CC,CC.1,F3,CC,,,
FOODAPS_0133,FOODAPS,CC,CC.1,F3,HIGH,True,True,False,CC.1,F3,CC,CC.1,F3,CC,,,
FOODAPS_0135,FOODAPS,CC,CC.3,F3,MODERATE,True,False,False,CC.3,F3,CC,CC.3,F2,CC,,,
FOODAPS_0137,FOODAPS,CC,CC.1,F3,HIGH,True,True,False,CC.1,F3,CC,CC.1,F3,CC,,,
FOODAPS_0136,FOODAPS,CC,CC.2,F3,HIGH,True,True,False,CC.2,F3,CC,CC.2,F3,CC,,,
FOODAPS_0138,FOODAPS,CC,CC.1,F3,HIGH,True,True,False,CC.1,F3,CC,CC.1,F3,CC,,,
FOODAPS_0140,FOODAPS,CC,CC.2,F3,LOW,False,False,False,CC.2,F3,CC,RS.1,F1,RS,,,
FOODAPS_0141,FOODAPS,CC,CC.1,F3,HIGH,True,True,False,CC.1,F3,CC,CC.1,F3,CC,,,
FOODAPS_0142,FOODAPS,CC,CC.1,F3,HIGH,True,True,False,CC.1,F3,CC,CC.1,F3,CC,,,
FOODAPS_0144,FOODAPS,CC,CC.1,F3,HIGH,True,True,False,CC.1,F3,CC,CC.1,F3,CC,,,
FOODAPS_0143,FOODAPS,CC,CC.4,F3,HIGH,True,True,False,CC.4,F3,CC,CC.3,F3,CC,,,
FOODAPS_0145,FOODAPS,CC,CC.1,F3,HIGH,True,True,False,CC.1,F3,CC,CC.1,F3,CC,,,
FOODAPS_0146,FOODAPS,CC,CC.1,F3,HIGH,True,True,False,CC.1,F3,CC,CC.1,F3,CC,,,
FOODAPS_0147,FOODAPS,TC,TC.2,F3,HIGH,True,True,False,TC.2,F3,TC,TC.2,F3,TC,,,
FOODAPS_0148,FOODAPS,TC,TC.2,F3,HIGH,True,True,False,TC.2,F3,TC,TC.2,F3,TC,,,
FOODAPS_0149,FOODAPS,CC,CC.1,F3,HIGH,True,True,False,CC.1,F3,CC,CC.1,F3,CC,,,
FOODAPS_0150,FOODAPS,CC,CC.1,F3,HIGH,True,True,False,CC.1,F3,CC,CC.1,F3,CC,,,
FOODAPS_0152,FOODAPS,CC,CC.2,F3,HIGH,True,True,False,CC.2,F3,CC,CC.1,F3,CC,,,
FOODAPS_0151,FOODAPS,CC,CC.2,F3,HIGH,True,True,False,CC.2,F3,CC,CC.1,F3,CC,,,
FOODAPS_0153,FOODAPS,CC,CC.1,F3,HIGH,True,True,False,CC.1,F3,CC,CC.1,F3,CC,,,
FOODAPS_0154,FOODAPS,CC,CC.1,F3,HIGH,True,True,False,CC.1,F3,CC,CC.1,F3,CC,,,
FOODAPS_0156,FOODAPS,CC,CC.1,F3,HIGH,True,True,False,CC.1,F3,CC,CC.1,F3,CC,,,
FOODAPS_0155,FOODAPS,CC,CC.1,F3,HIGH,True,True,False,CC.1,F3,CC,CC.1,F3,CC,,,
FOODAPS_0157,FOODAPS,CC,CC.1,F3,HIGH,True,True,False,CC.1,F3,CC,CC.1,F3,CC,,,
FOODAPS_0159,FOODAPS,CC,CC.1,F3,HIGH,True,True,False,CC.1,F3,CC,CC.1,F3,CC,,,
FOODAPS_0160,FOODAPS,CC,CC.1,F3,HIGH,True,True,False,CC.1,F3,CC,CC.1,F3,CC,,,
FOODAPS_0158,FOODAPS,CC,CC.1,F3,HIGH,True,True,False,CC.1,F3,CC,CC.1,F3,CC,,,
FOODAPS_0161,FOODAPS,CC,CC.1,F3,HIGH,True,True,False,CC.1,F3,CC,CC.1,F3,CC,,,
FOODAPS_0162,FOODAPS,CC,CC.1,F3,HIGH,True,True,False,CC.1,F3,CC,CC.1,F3,CC,,,
FOODAPS_0163,FOODAPS,CC,CC.1,F3,HIGH,True,True,False,CC.1,F3,CC,CC.1,F3,CC,,,
FOODAPS_0164,FOODAPS,CC,CC.2,F2,HIGH,True,True,False,CC.2,F2,CC,CC.2,F2,CC,,,
FOODAPS_0165,FOODAPS,RS,RS.3,F2,LOW,False,False,False,RS.3,F2,RS,PC.1,F1,PC,,,
FOODAPS_0167,FOODAPS,CC,CC.2,F1,HIGH,True,True,False,CC.2,F1,CC,CC.2,F1,CC,,,
FOODAPS_0168,FOODAPS,CC,CC.2,F1,HIGH,True,True,False,CC.2,F1,CC,CC.2,F1,CC,,,
FOODAPS_0169,FOODAPS,CC,CC.2,F1,HIGH,True,True,False,CC.2,F1,CC,CC.2,F1,CC,,,
FOODAPS_0170,FOODAPS,CC,CC.1,F2,HIGH,True,True,False,CC.1,F2,CC,CC.1,F2,CC,,,
FOODAPS_0171,FOODAPS,CC,CC.1,F2,HIGH,True,True,False,CC.1,F2,CC,CC.1,F2,CC,,,
FOODAPS_0173,FOODAPS,CC,CC.1,F2,HIGH,True,True,False,CC.1,F2,CC,CC.1,F2,CC,,,
FOODAPS_0172,FOODAPS,CC,CC.1,F2,HIGH,True,True,False,CC.1,F2,CC,CC.1,F2,CC,,,
FOODAPS_0174,FOODAPS,CC,CC.1,F2,HIGH,True,True,False,CC.1,F2,CC,CC.1,F2,CC,,,
FOODAPS_0175,FOODAPS,CC,CC.1,F2,HIGH,True,True,False,CC.1,F2,CC,CC.1,F2,CC,,,
FOODAPS_0176,FOODAPS,RS,RS.2,F1,HIGH,True,True,False,RS.2,F1,RS,RS.2,F1,RS,,,
FOODAPS_0178,FOODAPS,CC,CC.1,F3,HIGH,True,True,False,CC.1,F3,CC,CC.1,F3,CC,,,
FOODAPS_0179,FOODAPS,CC,CC.1,F3,HIGH,True,True,False,CC.1,F3,CC,CC.1,F3,CC,,,
FOODAPS_0177,FOODAPS,CC,CC.4,F2,HIGH,True,True,False,CC.4,F2,CC,CC.4,F2,CC,,,
FOODAPS_0181,FOODAPS,CC,CC.1,F3,HIGH,True,True,False,CC.1,F3,CC,CC.1,F3,CC,,,
FOODAPS_0180,FOODAPS,RS,RS.1,F1,HIGH,True,True,False,RS.1,F1,RS,RS.1,F1,RS,,,
FOODAPS_0182,FOODAPS,CC,CC.1,F3,HIGH,True,True,False,CC.1,F3,CC,CC.1,F3,CC,,,
FOODAPS_0183,FOODAPS,NHB,NHB.0,F1,HIGH,True,True,False,NHB.0,F1,NHB,NHB.0,F1,NHB,,,
FOODAPS_0184,FOODAPS,CC,CC.2,F3,HIGH,True,True,False,CC.2,F3,CC,CC.2,F3,CC,,,
FOODAPS_0185,FOODAPS,CC,CC.2,F3,HIGH,True,True,False,CC.2,F3,CC,CC.2,F3,CC,,,
FOODAPS_0186,FOODAPS,CC,CC.2,F3,HIGH,True,True,False,CC.2,F3,CC,CC.2,F3,CC,,,
FOODAPS_0189,FOODAPS,CC,CC.2,F3,HIGH,True,True,False,CC.2,F3,CC,CC.2,F3,CC,,,
FOODAPS_0188,FOODAPS,CC,CC.2,F3,HIGH,True,True,False,CC.2,F3,CC,CC.2,F3,CC,,,
FOODAPS_0190,FOODAPS,CC,CC.2,F3,HIGH,True,True,False,CC.2,F3,CC,CC.2,F3,CC,,,
FOODAPS_0193,FOODAPS,CC,CC.1,F3,HIGH,True,True,False,CC.1,F3,CC,CC.1,F3,CC,,,
FOODAPS_0192,FOODAPS,CC,CC.1,F3,HIGH,True,True,False,CC.1,F3,CC,CC.1,F3,CC,,,
FOODAPS_0194,FOODAPS,CC,CC.1,F3,HIGH,True,True,False,CC.1,F3,CC,CC.1,F3,CC,,,
FOODAPS_0191,FOODAPS,CC,CC.2,F2,MODERATE,False,True,False,CC.2,F2,CC,TC.1,F2,TC,,,
FOODAPS_0195,FOODAPS,CC,CC.1,F3,HIGH,True,True,False,CC.1,F3,CC,CC.1,F3,CC,,,
FOODAPS_0197,FOODAPS,CC,CC.1,F3,HIGH,True,True,False,CC.1,F3,CC,CC.1,F3,CC,,,
FOODAPS_0196,FOODAPS,CC,CC.1,F3,HIGH,True,True,False,CC.1,F3,CC,CC.1,F3,CC,,,
FOODAPS_0198,FOODAPS,CC,CC.4,F1,HIGH,True,True,False,CC.4,F1,CC,CC.4,F1,CC,,,
FOODAPS_0200,FOODAPS,CC,CC.1,F3,HIGH,True,True,False,CC.1,F3,CC,CC.1,F3,CC,,,
FOODAPS_0201,FOODAPS,CC,CC.1,F3,HIGH,True,True,False,CC.1,F3,CC,CC.1,F3,CC,,,
FOODAPS_0202,FOODAPS,CC,CC.1,F3,HIGH,True,True,False,CC.1,F3,CC,CC.1,F3,CC,,,
FOODAPS_0204,FOODAPS,CC,CC.1,F3,HIGH,True,True,False,CC.1,F3,CC,CC.1,F3,CC,,,
FOODAPS_0205,FOODAPS,CC,CC.1,F3,HIGH,True,True,False,CC.1,F3,CC,CC.1,F3,CC,,,
FOODAPS_0203,FOODAPS,CC,CC.1,F3,HIGH,True,True,False,CC.1,F3,CC,CC.1,F3,CC,,,
FOODAPS_0206,FOODAPS,CC,CC.1,F3,HIGH,True,True,False,CC.1,F3,CC,CC.1,F3,CC,,,
FOODAPS_0208,FOODAPS,CC,CC.1,F3,HIGH,True,True,False,CC.1,F3,CC,CC.1,F3,CC,,,
FOODAPS_0209,FOODAPS,CC,CC.1,F3,HIGH,True,True,False,CC.1,F3,CC,CC.1,F3,CC,,,
FOODAPS_0207,FOODAPS,CC,CC.1,F3,HIGH,True,True,False,CC.1,F3,CC,CC.1,F3,CC,,,
FOODAPS_0210,FOODAPS,CC,CC.1,F3,HIGH,True,True,False,CC.1,F3,CC,CC.1,F3,CC,,,
FOODAPS_0212,FOODAPS,CC,CC.1,F3,HIGH,True,True,False,CC.1,F3,CC,CC.1,F3,CC,,,
FOODAPS_0211,FOODAPS,CC,CC.1,F3,HIGH,True,True,False,CC.1,F3,CC,CC.1,F3,CC,,,
FOODAPS_0213,FOODAPS,CC,CC.1,F3,HIGH,True,True,False,CC.1,F3,CC,CC.1,F3,CC,,,
FOODAPS_0214,FOODAPS,CC,CC.1,F3,HIGH,True,True,False,CC.1,F3,CC,CC.1,F3,CC,,,
FOODAPS_0215,FOODAPS,MC,MC.2,F3,MODERATE,False,True,False,MC.2,F3,MC,CC.1,F3,CC,,,
FOODAPS_0216,FOODAPS,CC,CC.1,F3,HIGH,True,True,False,CC.1,F3,CC,CC.1,F3,CC,,,
FOODAPS_0217,FOODAPS,CC,CC.1,F3,HIGH,True,True,False,CC.1,F3,CC,CC.1,F3,CC,,,
FOODAPS_0218,FOODAPS,CC,CC.1,F3,HIGH,True,True,False,CC.1,F3,CC,CC.1,F3,CC,,,
FOODAPS_0219,FOODAPS,CC,CC.1,F3,HIGH,True,True,False,CC.1,F3,CC,CC.1,F3,CC,,,
FOODAPS_0220,FOODAPS,CC,CC.1,F3,HIGH,True,True,False,CC.1,F3,CC,CC.1,F3,CC,,,
FOODAPS_0221,FOODAPS,CC,CC.1,F3,HIGH,True,True,False,CC.1,F3,CC,CC.1,F3,CC,,,
FOODAPS_0223,FOODAPS,CC,CC.1,F3,HIGH,True,True,False,CC.1,F3,CC,CC.1,F3,CC,,,
FOODAPS_0222,FOODAPS,CC,CC.1,F3,HIGH,True,True,False,CC.1,F3,CC,CC.1,F3,CC,,,
FOODAPS_0226,FOODAPS,CC,CC.1,F3,HIGH,True,True,False,CC.1,F3,CC,CC.1,F3,CC,,,
FOODAPS_0224,FOODAPS,CC,CC.1,F3,HIGH,True,True,False,CC.1,F3,CC,CC.1,F3,CC,,,
FOODAPS_0225,FOODAPS,CC,CC.1,F3,HIGH,True,True,False,CC.1,F3,CC,CC.1,F3,CC,,,
FOODAPS_0227,FOODAPS,CC,CC.1,F3,HIGH,True,True,False,CC.1,F3,CC,CC.1,F3,CC,,,
FOODAPS_0228,FOODAPS,CC,CC.1,F3,HIGH,True,True,False,CC.1,F3,CC,CC.1,F3,CC,,,
FOODAPS_0229,FOODAPS,CC,CC.1,F3,HIGH,True,True,False,CC.1,F3,CC,CC.1,F3,CC,,,
FOODAPS_0230,FOODAPS,CC,CC.1,F3,HIGH,True,True,False,CC.1,F3,CC,CC.1,F3,CC,,,
FOODAPS_0231,FOODAPS,CC,CC.1,F3,HIGH,True,True,False,CC.1,F3,CC,CC.1,F3,CC,,,
FOODAPS_0232,FOODAPS,CC,CC.1,F3,HIGH,True,True,False,CC.1,F3,CC,CC.1,F3,CC,,,
FOODAPS_0233,FOODAPS,CC,CC.1,F3,HIGH,True,True,False,CC.1,F3,CC,CC.1,F3,CC,,,
FOODAPS_0234,FOODAPS,CC,CC.1,F3,HIGH,True,True,False,CC.1,F3,CC,CC.1,F3,CC,,,
FOODAPS_0235,FOODAPS,CC,CC.1,F3,HIGH,True,True,False,CC.1,F3,CC,CC.1,F3,CC,,,
FOODAPS_0236,FOODAPS,CC,CC.1,F3,HIGH,True,True,False,CC.1,F3,CC,CC.1,F3,CC,,,
FOODAPS_0237,FOODAPS,CC,CC.1,F3,HIGH,True,True,False,CC.1,F3,CC,CC.1,F3,CC,,,
FOODAPS_0240,FOODAPS,CC,CC.1,F3,HIGH,True,True,False,CC.1,F3,CC,CC.1,F3,CC,,,
FOODAPS_0238,FOODAPS,CC,CC.1,F3,HIGH,True,True,False,CC.1,F3,CC,CC.1,F3,CC,,,
FOODAPS_0239,FOODAPS,CC,CC.1,F3,HIGH,True,True,False,CC.1,F3,CC,CC.1,F3,CC,,,
FOODAPS_0242,FOODAPS,CC,CC.1,F3,HIGH,True,True,False,CC.1,F3,CC,CC.1,F3,CC,,,
FOODAPS_0241,FOODAPS,CC,CC.1,F3,HIGH,True,True,False,CC.1,F3,CC,CC.1,F3,CC,,,
FOODAPS_0243,FOODAPS,CC,CC.1,F3,HIGH,True,True,False,CC.1,F3,CC,CC.1,F3,CC,,,
FOODAPS_0246,FOODAPS,CC,CC.1,F3,HIGH,True,True,False,CC.1,F3,CC,CC.1,F3,CC,,,
FOODAPS_0245,FOODAPS,CC,CC.1,F3,HIGH,True,True,False,CC.1,F3,CC,CC.1,F3,CC,,,
FOODAPS_0244,FOODAPS,CC,CC.1,F3,HIGH,True,True,False,CC.1,F3,CC,CC.1,F3,CC,,,
FOODAPS_0248,FOODAPS,CC,CC.1,F3,HIGH,True,True,False,CC.1,F3,CC,CC.1,F3,CC,,,
FOODAPS_0247,FOODAPS,CC,CC.1,F3,HIGH,True,True,False,CC.1,F3,CC,CC.1,F3,CC,,,
FOODAPS_0249,FOODAPS,CC,CC.1,F3,HIGH,True,True,False,CC.1,F3,CC,CC.1,F3,CC,,,
FOODAPS_0251,FOODAPS,CC,CC.1,F3,HIGH,True,True,False,CC.1,F3,CC,CC.1,F3,CC,,,
FOODAPS_0250,FOODAPS,CC,CC.1,F3,HIGH,True,True,False,CC.1,F3,CC,CC.1,F3,CC,,,
FOODAPS_0252,FOODAPS,CC,CC.1,F3,HIGH,True,True,False,CC.1,F3,CC,CC.1,F3,CC,,,
FOODAPS_0253,FOODAPS,CC,CC.1,F3,HIGH,True,True,False,CC.1,F3,CC,CC.1,F3,CC,,,
FOODAPS_0254,FOODAPS,CC,CC.1,F3,HIGH,True,True,False,CC.1,F3,CC,CC.1,F3,CC,,,
FOODAPS_0255,FOODAPS,CC,CC.1,F3,HIGH,True,True,False,CC.1,F3,CC,CC.1,F3,CC,,,
FOODAPS_0257,FOODAPS,CC,CC.1,F3,HIGH,True,True,False,CC.1,F3,CC,CC.1,F3,CC,,,
FOODAPS_0256,FOODAPS,CC,CC.1,F3,HIGH,True,True,False,CC.1,F3,CC,CC.1,F3,CC,,,
FOODAPS_0258,FOODAPS,CC,CC.1,F3,HIGH,True,True,False,CC.1,F3,CC,CC.1,F3,CC,,,
FOODAPS_0259,FOODAPS,CC,CC.1,F3,HIGH,True,True,False,CC.1,F3,CC,CC.1,F3,CC,,,
FOODAPS_0260,FOODAPS,CC,CC.1,F3,HIGH,True,True,False,CC.1,F3,CC,CC.1,F3,CC,,,
FOODAPS_0261,FOODAPS,CC,CC.1,F3,HIGH,True,True,False,CC.1,F3,CC,CC.1,F3,CC,,,
FOODAPS_0262,FOODAPS,CC,CC.1,F3,HIGH,True,True,False,CC.1,F3,CC,CC.1,F3,CC,,,
FOODAPS_0263,FOODAPS,CC,CC.1,F3,HIGH,True,True,False,CC.1,F3,CC,CC.1,F3,CC,,,
FOODAPS_0264,FOODAPS,CC,CC.1,F3,HIGH,True,True,False,CC.1,F3,CC,CC.1,F3,CC,,,
FOODAPS_0265,FOODAPS,CC,CC.1,F3,HIGH,True,True,False,CC.1,F3,CC,CC.1,F3,CC,,,
FOODAPS_0266,FOODAPS,CC,CC.1,F3,HIGH,True,True,False,CC.1,F3,CC,CC.1,F3,CC,,,
FOODAPS_0268,FOODAPS,CC,CC.1,F3,HIGH,True,True,False,CC.1,F3,CC,CC.1,F3,CC,,,
FOODAPS_0267,FOODAPS,CC,CC.1,F3,HIGH,True,True,False,CC.1,F3,CC,CC.1,F3,CC,,,
FOODAPS_0269,FOODAPS,CC,CC.1,F3,HIGH,True,True,False,CC.1,F3,CC,CC.1,F3,CC,,,
FOODAPS_0271,FOODAPS,CC,CC.1,F3,HIGH,True,True,False,CC.1,F3,CC,CC.1,F3,CC,,,
FOODAPS_0270,FOODAPS,CC,CC.1,F3,HIGH,True,True,False,CC.1,F3,CC,CC.1,F3,CC,,,
FOODAPS_0272,FOODAPS,CC,CC.1,F3,HIGH,True,True,False,CC.1,F3,CC,CC.1,F3,CC,,,
FOODAPS_0273,FOODAPS,CC,CC.1,F3,HIGH,True,True,False,CC.1,F3,CC,CC.1,F3,CC,,,
FOODAPS_0274,FOODAPS,CC,CC.4,F2,HIGH,True,True,False,CC.4,F2,CC,CC.4,F2,CC,,,
FOODAPS_0275,FOODAPS,CC,CC.1,F3,HIGH,True,True,False,CC.1,F3,CC,CC.1,F3,CC,,,
FOODAPS_0276,FOODAPS,CC,CC.1,F3,HIGH,True,True,False,CC.1,F3,CC,CC.1,F3,CC,,,
FOODAPS_0277,FOODAPS,CC,CC.1,F3,HIGH,True,True,False,CC.1,F3,CC,CC.1,F3,CC,,,
FOODAPS_0279,FOODAPS,CC,CC.1,F3,HIGH,True,True,False,CC.1,F3,CC,CC.1,F3,CC,,,
FOODAPS_0278,FOODAPS,CC,CC.2,F3,MODERATE,True,False,False,CC.2,F3,CC,CC.2,F2,CC,,,
FOODAPS_0280,FOODAPS,CC,CC.1,F3,HIGH,True,True,False,CC.1,F3,CC,CC.1,F3,CC,,,
FOODAPS_0281,FOODAPS,CC,CC.1,F3,HIGH,True,True,False,CC.1,F3,CC,CC.1,F3,CC,,,
FOODAPS_0283,FOODAPS,CC,CC.1,F3,MODERATE,False,True,False,CC.1,F3,CC,RS.1,F3,RS,,,
FOODAPS_0282,FOODAPS,CC,CC.1,F3,HIGH,True,True,False,CC.1,F3,CC,CC.1,F3,CC,,,
FOODAPS_0284,FOODAPS,CC,CC.1,F3,HIGH,True,True,False,CC.1,F3,CC,CC.1,F3,CC,,,
FOODAPS_0286,FOODAPS,CC,CC.1,F3,HIGH,True,True,False,CC.1,F3,CC,CC.1,F3,CC,,,
FOODAPS_0285,FOODAPS,CC,CC.1,F3,HIGH,True,True,False,CC.1,F3,CC,CC.1,F3,CC,,,
FOODAPS_0287,FOODAPS,CC,CC.2,F3,HIGH,True,True,False,CC.2,F3,CC,CC.2,F3,CC,,,
FOODAPS_0288,FOODAPS,CC,CC.1,F3,HIGH,True,True,False,CC.1,F3,CC,CC.1,F3,CC,,,
FOODAPS_0289,FOODAPS,CC,CC.1,F3,HIGH,True,True,False,CC.1,F3,CC,CC.1,F3,CC,,,
FOODAPS_0290,FOODAPS,CC,CC.1,F3,HIGH,True,True,False,CC.1,F3,CC,CC.1,F3,CC,,,
FOODAPS_0292,FOODAPS,CC,CC.1,F3,HIGH,True,True,False,CC.1,F3,CC,CC.1,F3,CC,,,
FOODAPS_0291,FOODAPS,RS,RS.1,F1,HIGH,True,True,False,RS.1,F1,RS,RS.1,F1,RS,,,
FOODAPS_0293,FOODAPS,CC,CC.1,F3,HIGH,True,True,False,CC.1,F3,CC,CC.1,F3,CC,,,
FOODAPS_0294,FOODAPS,CC,CC.1,F3,HIGH,True,True,False,CC.1,F3,CC,CC.1,F3,CC,,,
FOODAPS_0295,FOODAPS,CC,CC.2,F2,HIGH,True,True,False,CC.2,F2,CC,CC.2,F2,CC,,,
FOODAPS_0297,FOODAPS,CC,CC.1,F3,HIGH,True,True,False,CC.1,F3,CC,CC.1,F3,CC,,,
FOODAPS_0298,FOODAPS,CC,CC.1,F3,HIGH,True,True,False,CC.1,F3,CC,CC.1,F3,CC,,,
FOODAPS_0296,FOODAPS,CC,CC.1,F3,HIGH,True,True,False,CC.1,F3,CC,CC.1,F3,CC,,,
FOODAPS_0300,FOODAPS,CC,CC.2,F3,HIGH,True,True,False,CC.2,F3,CC,CC.1,F3,CC,,,
FOODAPS_0299,FOODAPS,CC,CC.4,F2,HIGH,True,True,False,CC.4,F2,CC,CC.4,F2,CC,,,
FOODAPS_0301,FOODAPS,CC,CC.1,F3,HIGH,True,True,False,CC.1,F3,CC,CC.1,F3,CC,,,
FOODAPS_0302,FOODAPS,CC,CC.1,F3,HIGH,True,True,False,CC.1,F3,CC,CC.1,F3,CC,,,
FOODAPS_0303,FOODAPS,CC,CC.1,F3,HIGH,True,True,False,CC.1,F3,CC,CC.1,F3,CC,,,
FOODAPS_0304,FOODAPS,CC,CC.1,F3,HIGH,True,True,False,CC.1,F3,CC,CC.1,F3,CC,,,
FOODAPS_0305,FOODAPS,CC,CC.1,F3,HIGH,True,True,False,CC.1,F3,CC,CC.1,F3,CC,,,
FOODAPS_0306,FOODAPS,CC,CC.1,F3,HIGH,True,True,False,CC.1,F3,CC,CC.1,F3,CC,,,
FOODAPS_0307,FOODAPS,CC,CC.1,F3,HIGH,True,True,False,CC.1,F3,CC,CC.1,F3,CC,,,
FOODAPS_0308,FOODAPS,CC,CC.4,F3,HIGH,True,True,False,CC.4,F3,CC,CC.4,F3,CC,,,
FOODAPS_0309,FOODAPS,TC,TC.2,F1,HIGH,True,True,False,TC.2,F1,TC,TC.1,F1,TC,,,
FOODAPS_0310,FOODAPS,CC,CC.1,F3,HIGH,True,True,False,CC.1,F3,CC,CC.1,F3,CC,,,
FOODAPS_0311,FOODAPS,CC,CC.1,F3,HIGH,True,True,False,CC.1,F3,CC,CC.1,F3,CC,,,
FOODAPS_0312,FOODAPS,CC,CC.1,F3,HIGH,True,True,False,CC.1,F3,CC,CC.1,F3,CC,,,
FOODAPS_0313,FOODAPS,CC,CC.1,F3,HIGH,True,True,False,CC.1,F3,CC,CC.1,F3,CC,,,
FOODAPS_0315,FOODAPS,CC,CC.1,F3,HIGH,True,True,False,CC.1,F3,CC,CC.1,F3,CC,,,
FOODAPS_0314,FOODAPS,CC,CC.1,F3,HIGH,True,True,False,CC.1,F3,CC,CC.1,F3,CC,,,
FOODAPS_0316,FOODAPS,CC,CC.1,F3,HIGH,True,True,False,CC.1,F3,CC,CC.1,F3,CC,,,
FOODAPS_0317,FOODAPS,CC,CC.4,F3,HIGH,True,True,False,CC.4,F3,CC,CC.4,F3,CC,,,
FOODAPS_0318,FOODAPS,CC,CC.4,F2,HIGH,True,True,False,CC.4,F2,CC,CC.4,F2,CC,,,
FOODAPS_0319,FOODAPS,CC,CC.4,F2,HIGH,True,True,False,CC.4,F2,CC,CC.4,F2,CC,,,
FOODAPS_0320,FOODAPS,CC,CC.4,F2,HIGH,True,True,False,CC.4,F2,CC,CC.4,F2,CC,,,
FOODAPS_0321,FOODAPS,CC,CC.4,F2,HIGH,True,True,False,CC.4,F2,CC,CC.4,F2,CC,,,
FOODAPS_0322,FOODAPS,CC,CC.4,F2,HIGH,True,True,False,CC.4,F2,CC,CC.4,F2,CC,,,
FOODAPS_0323,FOODAPS,CC,CC.2,F3,HIGH,True,True,False,CC.2,F3,CC,CC.2,F3,CC,,,
FOODAPS_0324,FOODAPS,CC,CC.2,F3,HIGH,True,True,False,CC.2,F3,CC,CC.2,F3,CC,,,
FOODAPS_0327,FOODAPS,CC,CC.4,F2,MODERATE,True,False,False,CC.4,F2,CC,CC.4,F1,CC,,,
FOODAPS_0325,FOODAPS,TC,TC.2,F2,HIGH,True,True,False,TC.2,F2,TC,TC.2,F2,TC,,,
FOODAPS_0326,FOODAPS,MC,MC.3,F2,LOW,False,False,False,MC.3,F2,MC,CC.4,F1,CC,,,
FOODAPS_0328,FOODAPS,MC,MC.3,F2,HIGH,True,True,False,MC.3,F2,MC,MC.3,F2,MC,,,
FOODAPS_0329,FOODAPS,CC,CC.4,F2,MODERATE,True,False,False,CC.4,F2,CC,CC.4,F1,CC,,,
FOODAPS_0330,FOODAPS,CC,CC.4,F2,LOW,False,False,False,CC.4,F2,CC,MC.3,F1,MC,,,
FOODAPS_0331,FOODAPS,CC,CC.2,F3,HIGH,True,True,False,CC.2,F3,CC,CC.2,F3,CC,,,
FOODAPS_0332,FOODAPS,CC,CC.2,F3,HIGH,True,True,False,CC.2,F3,CC,CC.2,F3,CC,,,
FOODAPS_0334,FOODAPS,CC,CC.1,F3,HIGH,True,True,False,CC.1,F3,CC,CC.1,F3,CC,,,
FOODAPS_0333,FOODAPS,TC,TC.1,F2,HIGH,True,True,False,TC.1,F2,TC,TC.2,F2,TC,,,
FOODAPS_0335,FOODAPS,CC,CC.1,F3,HIGH,True,True,False,CC.1,F3,CC,CC.1,F3,CC,,,
FOODAPS_0337,FOODAPS,CC,CC.1,F3,HIGH,True,True,False,CC.1,F3,CC,CC.1,F3,CC,,,
FOODAPS_0336,FOODAPS,CC,CC.2,F3,HIGH,True,True,False,CC.2,F3,CC,CC.1,F3,CC,,,
FOODAPS_0338,FOODAPS,CC,CC.1,F3,HIGH,True,True,False,CC.1,F3,CC,CC.1,F3,CC,,,
FOODAPS_0339,FOODAPS,CC,CC.1,F3,HIGH,True,True,False,CC.1,F3,CC,CC.1,F3,CC,,,
FOODAPS_0340,FOODAPS,CC,CC.1,F3,HIGH,True,True,False,CC.1,F3,CC,CC.1,F3,CC,,,
FOODAPS_0341,FOODAPS,CC,CC.1,F3,HIGH,True,True,False,CC.1,F3,CC,CC.1,F3,CC,,,
FOODAPS_0342,FOODAPS,CC,CC.1,F3,HIGH,True,True,False,CC.1,F3,CC,CC.1,F3,CC,,,
FOODAPS_0343,FOODAPS,CC,CC.1,F3,HIGH,True,True,False,CC.1,F3,CC,CC.1,F3,CC,,,
FOODAPS_0344,FOODAPS,CC,CC.1,F3,HIGH,True,True,False,CC.1,F3,CC,CC.1,F3,CC,,,
FOODAPS_0345,FOODAPS,CC,CC.1,F3,HIGH,True,True,False,CC.1,F3,CC,CC.1,F3,CC,,,
FOODAPS_0346,FOODAPS,CC,CC.1,F3,HIGH,True,True,False,CC.1,F3,CC,CC.1,F3,CC,,,
FOODAPS_0347,FOODAPS,CC,CC.1,F3,HIGH,True,True,False,CC.1,F3,CC,CC.1,F3,CC,,,
FOODAPS_0348,FOODAPS,CC,CC.1,F3,HIGH,True,True,False,CC.1,F3,CC,CC.1,F3,CC,,,
FOODAPS_0349,FOODAPS,CC,CC.1,F3,HIGH,True,True,False,CC.1,F3,CC,CC.1,F3,CC,,,
FOODAPS_0350,FOODAPS,CC,CC.4,F2,HIGH,True,True,False,CC.4,F2,CC,CC.4,F2,CC,,,
FOODAPS_0351,FOODAPS,CC,CC.4,F2,HIGH,True,True,False,CC.4,F2,CC,CC.4,F2,CC,,,
FOODAPS_0352,FOODAPS,CC,CC.4,F2,HIGH,True,True,False,CC.4,F2,CC,CC.4,F2,CC,,,
FOODAPS_0355,FOODAPS,CC,CC.1,F3,HIGH,True,True,False,CC.1,F3,CC,CC.1,F3,CC,,,
FOODAPS_0354,FOODAPS,CC,CC.4,F2,HIGH,True,True,False,CC.4,F2,CC,CC.4,F2,CC,,,
FOODAPS_0353,FOODAPS,CC,CC.4,F2,HIGH,True,True,False,CC.4,F2,CC,CC.4,F2,CC,,,
FOODAPS_0356,FOODAPS,CC,CC.2,F3,HIGH,True,True,False,CC.2,F3,CC,CC.1,F3,CC,,,
FOODAPS_0358,FOODAPS,CC,CC.1,F3,HIGH,True,True,False,CC.1,F3,CC,CC.1,F3,CC,,,
FOODAPS_0357,FOODAPS,TC,TC.2,F2,HIGH,True,True,False,TC.2,F2,TC,TC.2,F2,TC,,,
FOODAPS_0361,FOODAPS,CC,CC.1,F3,HIGH,True,True,False,CC.1,F3,CC,CC.1,F3,CC,,,
FOODAPS_0359,FOODAPS,CC,CC.2,F3,HIGH,True,True,False,CC.2,F3,CC,CC.1,F3,CC,,,
FOODAPS_0360,FOODAPS,CC,CC.1,F3,HIGH,True,True,False,CC.1,F3,CC,CC.1,F3,CC,,,
FOODAPS_0362,FOODAPS,CC,CC.1,F3,HIGH,True,True,False,CC.1,F3,CC,CC.1,F3,CC,,,
FOODAPS_0364,FOODAPS,CC,CC.1,F3,HIGH,True,True,False,CC.1,F3,CC,CC.1,F3,CC,,,
FOODAPS_0363,FOODAPS,CC,CC.1,F3,HIGH,True,True,False,CC.1,F3,CC,CC.1,F3,CC,,,
FOODAPS_0365,FOODAPS,CC,CC.1,F3,HIGH,True,True,False,CC.1,F3,CC,CC.1,F3,CC,,,
FOODAPS_0367,FOODAPS,CC,CC.1,F3,HIGH,True,True,False,CC.1,F3,CC,CC.1,F3,CC,,,
FOODAPS_0366,FOODAPS,CC,CC.1,F3,HIGH,True,True,False,CC.1,F3,CC,CC.1,F3,CC,,,
FOODAPS_0369,FOODAPS,CC,CC.1,F3,HIGH,True,True,False,CC.1,F3,CC,CC.1,F3,CC,,,
FOODAPS_0370,FOODAPS,CC,CC.1,F3,HIGH,True,True,False,CC.1,F3,CC,CC.1,F3,CC,,,
FOODAPS_0368,FOODAPS,CC,CC.1,F3,HIGH,True,True,False,CC.1,F3,CC,CC.1,F3,CC,,,
FOODAPS_0372,FOODAPS,CC,CC.1,F3,HIGH,True,True,False,CC.1,F3,CC,CC.1,F3,CC,,,
FOODAPS_0371,FOODAPS,CC,CC.1,F3,HIGH,True,True,False,CC.1,F3,CC,CC.1,F3,CC,,,
FOODAPS_0373,FOODAPS,CC,CC.1,F3,HIGH,True,True,False,CC.1,F3,CC,CC.1,F3,CC,,,
FOODAPS_0377,FOODAPS,CC,CC.1,F3,HIGH,True,True,False,CC.1,F3,CC,CC.4,F3,CC,,,
FOODAPS_0376,FOODAPS,CC,CC.2,F2,MODERATE,False,True,False,CC.2,F2,CC,TC.1,F2,TC,,,
FOODAPS_0378,FOODAPS,TC,TC.2,F2,HIGH,True,True,False,TC.2,F2,TC,TC.1,F2,TC,,,
FOODAPS_0379,FOODAPS,CC,CC.2,F2,MODERATE,False,True,False,CC.2,F2,CC,TC.1,F2,TC,,,
FOODAPS_0380,FOODAPS,CC,CC.1,F3,HIGH,True,True,False,CC.1,F3,CC,CC.1,F3,CC,,,
FOODAPS_0381,FOODAPS,CC,CC.2,F2,MODERATE,False,True,False,CC.2,F2,CC,TC.1,F2,TC,,,
FOODAPS_0383,FOODAPS,TC,TC.2,F2,HIGH,True,True,False,TC.2,F2,TC,TC.1,F2,TC,,,
FOODAPS_0382,FOODAPS,CC,CC.1,F3,HIGH,True,True,False,CC.1,F3,CC,CC.1,F3,CC,,,
FOODAPS_0384,FOODAPS,CC,CC.2,F2,MODERATE,False,True,False,CC.2,F2,CC,TC.1,F2,TC,,,
FOODAPS_0386,FOODAPS,CC,CC.4,F2,HIGH,True,True,False,CC.4,F2,CC,CC.4,F2,CC,,,
FOODAPS_0385,FOODAPS,CC,CC.2,F3,MODERATE,True,False,False,CC.2,F3,CC,CC.2,F2,CC,,,
FOODAPS_0387,FOODAPS,RS,RS.2,F2,HIGH,True,True,False,RS.2,F2,RS,RS.2,F2,RS,,,
FOODAPS_0388,FOODAPS,CC,CC.2,F3,MODERATE,True,False,False,CC.2,F3,CC,CC.2,F2,CC,,,
FOODAPS_0389,FOODAPS,TC,TC.1,F2,HIGH,True,True,False,TC.1,F2,TC,TC.1,F2,TC,,,
FOODAPS_0390,FOODAPS,CC,CC.1,F3,MODERATE,True,False,False,CC.1,F3,CC,CC.1,F2,CC,,,
FOODAPS_0391,FOODAPS,CC,CC.1,F3,HIGH,True,True,False,CC.1,F3,CC,CC.1,F3,CC,,,
FOODAPS_0392,FOODAPS,CC,CC.1,F3,HIGH,True,True,False,CC.1,F3,CC,CC.1,F3,CC,,,
FOODAPS_0394,FOODAPS,CC,CC.1,F3,HIGH,True,True,False,CC.1,F3,CC,CC.1,F3,CC,,,
FOODAPS_0395,FOODAPS,CC,CC.1,F3,HIGH,True,True,False,CC.1,F3,CC,CC.1,F3,CC,,,
FOODAPS_0393,FOODAPS,CC,CC.1,F3,HIGH,True,True,False,CC.1,F3,CC,CC.1,F3,CC,,,
FOODAPS_0396,FOODAPS,CC,CC.2,F3,HIGH,True,True,False,CC.2,F3,CC,CC.2,F3,CC,,,
FOODAPS_0398,FOODAPS,CC,CC.1,F3,HIGH,True,True,False,CC.1,F3,CC,CC.1,F3,CC,,,
FOODAPS_0397,FOODAPS,TC,TC.2,F2,HIGH,True,True,False,TC.2,F2,TC,TC.2,F2,TC,,,
FOODAPS_0399,FOODAPS,CC,CC.1,F3,HIGH,True,True,False,CC.1,F3,CC,CC.1,F3,CC,,,
FOODAPS_0400,FOODAPS,TC,TC.2,F2,HIGH,True,True,False,TC.2,F2,TC,TC.2,F2,TC,,,
FOODAPS_0402,FOODAPS,TC,TC.2,F2,HIGH,True,True,False,TC.2,F2,TC,TC.2,F2,TC,,,
FOODAPS_0403,FOODAPS,CC,CC.2,F3,HIGH,True,True,False,CC.2,F3,CC,CC.1,F3,CC,,,
FOODAPS_0401,FOODAPS,CC,CC.2,F2,HIGH,True,True,False,CC.2,F2,CC,CC.2,F2,CC,,,
FOODAPS_0404,FOODAPS,CC,CC.2,F3,LOW,False,False,False,CC.2,F3,CC,TC.2,F2,TC,,,
FOODAPS_0405,FOODAPS,TC,TC.2,F1,HIGH,True,True,False,TC.2,F1,TC,TC.2,F1,TC,,,
FOODAPS_0407,FOODAPS,CC,CC.1,F3,HIGH,True,True,False,CC.1,F3,CC,CC.1,F3,CC,,,
FOODAPS_0406,FOODAPS,CC,CC.1,F3,HIGH,True,True,False,CC.1,F3,CC,CC.1,F3,CC,,,
FOODAPS_0408,FOODAPS,CC,CC.1,F3,HIGH,True,True,False,CC.1,F3,CC,CC.1,F3,CC,,,
FOODAPS_0409,FOODAPS,CC,CC.1,F3,HIGH,True,True,False,CC.1,F3,CC,CC.1,F3,CC,,,
FOODAPS_0410,FOODAPS,CC,CC.1,F3,HIGH,True,True,False,CC.1,F3,CC,CC.1,F3,CC,,,
FOODAPS_0411,FOODAPS,CC,CC.2,F2,HIGH,True,True,False,CC.2,F2,CC,CC.2,F2,CC,,,
FOODAPS_0413,FOODAPS,TC,TC.2,F2,MODERATE,True,False,False,TC.2,F2,TC,TC.1,F1,TC,,,
FOODAPS_0412,FOODAPS,CC,CC.2,F3,HIGH,True,True,False,CC.2,F3,CC,CC.2,F3,CC,,,
FOODAPS_0414,FOODAPS,CC,CC.2,F2,MODERATE,False,True,False,CC.2,F2,CC,TC.1,F2,TC,,,
FOODAPS_0415,FOODAPS,CC,CC.2,F3,HIGH,True,True,False,CC.2,F3,CC,CC.2,F3,CC,,,
FOODAPS_0416,FOODAPS,CC,CC.4,F2,HIGH,True,True,False,CC.4,F2,CC,CC.4,F2,CC,,,
FOODAPS_0417,FOODAPS,RS,RS.2,F1,HIGH,True,True,False,RS.2,F1,RS,RS.2,F1,RS,,,
FOODAPS_0418,FOODAPS,CC,CC.2,F3,HIGH,True,True,False,CC.2,F3,CC,CC.2,F3,CC,,,
FOODAPS_0419,FOODAPS,TC,TC.1,F2,HIGH,True,True,False,TC.1,F2,TC,TC.1,F2,TC,,,
FOODAPS_0420,FOODAPS,CC,CC.2,F2,HIGH,True,True,False,CC.2,F2,CC,CC.2,F2,CC,,,
FOODAPS_0421,FOODAPS,CC,CC.1,F3,HIGH,True,True,False,CC.1,F3,CC,CC.1,F3,CC,,,
FOODAPS_0422,FOODAPS,CC,CC.1,F3,HIGH,True,True,False,CC.1,F3,CC,CC.1,F3,CC,,,
FOODAPS_0423,FOODAPS,CC,CC.1,F3,HIGH,True,True,False,CC.1,F3,CC,CC.1,F3,CC,,,
FOODAPS_0425,FOODAPS,CC,CC.1,F3,HIGH,True,True,False,CC.1,F3,CC,CC.1,F3,CC,,,
FOODAPS_0426,FOODAPS,CC,CC.2,F2,HIGH,True,True,False,CC.2,F2,CC,CC.2,F2,CC,,,
FOODAPS_0424,FOODAPS,CC,CC.1,F3,HIGH,True,True,False,CC.1,F3,CC,CC.1,F3,CC,,,
FOODAPS_0427,FOODAPS,RS,RS.2,F3,HIGH,True,True,False,RS.2,F3,RS,RS.2,F3,RS,,,
FOODAPS_0428,FOODAPS,CC,CC.2,F3,HIGH,True,True,False,CC.2,F3,CC,CC.1,F3,CC,,,
FOODAPS_0430,FOODAPS,TC,TC.2,F2,HIGH,True,True,False,TC.2,F2,TC,TC.2,F2,TC,,,
FOODAPS_0429,FOODAPS,CC,CC.2,F3,MODERATE,False,True,False,CC.2,F3,CC,TC.1,F3,TC,,,
FOODAPS_0431,FOODAPS,CC,CC.2,F2,HIGH,True,True,False,CC.2,F2,CC,CC.2,F2,CC,,,
FOODAPS_0432,FOODAPS,RS,RS.2,F3,HIGH,True,True,False,RS.2,F3,RS,RS.2,F3,RS,,,
FOODAPS_0433,FOODAPS,CC,CC.2,F3,HIGH,True,True,False,CC.2,F3,CC,CC.1,F3,CC,,,
FOODAPS_0434,FOODAPS,CC,CC.2,F3,MODERATE,False,True,False,CC.2,F3,CC,TC.2,F3,TC,,,
FOODAPS_0436,FOODAPS,CC,CC.1,F3,HIGH,True,True,False,CC.1,F3,CC,CC.1,F3,CC,,,
FOODAPS_0435,FOODAPS,RS,RS.2,F1,HIGH,True,True,False,RS.2,F1,RS,RS.2,F1,RS,,,
FOODAPS_0437,FOODAPS,CC,CC.1,F3,HIGH,True,True,False,CC.1,F3,CC,CC.1,F3,CC,,,
FOODAPS_0438,FOODAPS,CC,CC.1,F3,HIGH,True,True,False,CC.1,F3,CC,CC.1,F3,CC,,,
FOODAPS_0440,FOODAPS,CC,CC.1,F3,HIGH,True,True,False,CC.1,F3,CC,CC.1,F3,CC,,,
FOODAPS_0441,FOODAPS,CC,CC.1,F3,HIGH,True,True,False,CC.1,F3,CC,CC.1,F3,CC,,,
FOODAPS_0439,FOODAPS,CC,CC.1,F3,HIGH,True,True,False,CC.1,F3,CC,CC.1,F3,CC,,,
FOODAPS_0442,FOODAPS,CC,CC.1,F3,HIGH,True,True,False,CC.1,F3,CC,CC.1,F3,CC,,,
FOODAPS_0444,FOODAPS,PC,PC.1,F1,HIGH,True,True,False,PC.1,F1,PC,PC.1,F1,PC,,,
FOODAPS_0445,FOODAPS,PC,PC.1,F1,HIGH,True,True,False,PC.1,F1,PC,PC.1,F1,PC,,,
FOODAPS_0447,FOODAPS,RS,RS.1,F1,HIGH,True,True,False,RS.1,F1,RS,RS.1,F1,RS,,,
FOODAPS_0446,FOODAPS,PM,PM.2,F2,LOW,False,False,False,PM.2,F2,PM,RS.1,F1,RS,,,
FOODAPS_0448,FOODAPS,RS,RS.1,F1,HIGH,True,True,False,RS.1,F1,RS,RS.1,F1,RS,,,
FOODAPS_0452,FOODAPS,CC,CC.2,F3,HIGH,True,True,False,CC.2,F3,CC,CC.2,F3,CC,,,
FOODAPS_0453,FOODAPS,CC,CC.2,F3,HIGH,True,True,False,CC.2,F3,CC,CC.2,F3,CC,,,
FOODAPS_0454,FOODAPS,CC,CC.2,F3,HIGH,True,True,False,CC.2,F3,CC,CC.2,F3,CC,,,
FOODAPS_0455,FOODAPS,CC,CC.2,F3,HIGH,True,True,False,CC.2,F3,CC,CC.2,F3,CC,,,
FOODAPS_0457,FOODAPS,CC,CC.4,F3,HIGH,True,True,False,CC.4,F3,CC,CC.4,F3,CC,,,
FOODAPS_0456,FOODAPS,CC,CC.4,F3,HIGH,True,True,False,CC.4,F3,CC,CC.4,F3,CC,,,
FOODAPS_0458,FOODAPS,CC,CC.2,F3,HIGH,True,True,False,CC.2,F3,CC,CC.2,F3,CC,,,
FOODAPS_0460,FOODAPS,CC,CC.2,F3,HIGH,True,True,False,CC.2,F3,CC,CC.1,F3,CC,,,
FOODAPS_0459,FOODAPS,CC,CC.2,F3,HIGH,True,True,False,CC.2,F3,CC,CC.1,F3,CC,,,
FOODAPS_0461,FOODAPS,CC,CC.1,F3,HIGH,True,True,False,CC.1,F3,CC,CC.1,F3,CC,,,
FOODAPS_0462,FOODAPS,CC,CC.4,F3,HIGH,True,True,False,CC.4,F3,CC,CC.4,F3,CC,,,
FOODAPS_0463,FOODAPS,CC,CC.4,F3,HIGH,True,True,False,CC.4,F3,CC,CC.4,F3,CC,,,
FOODAPS_0464,FOODAPS,NHB,NHB.0,F1,HIGH,True,True,False,NHB.0,F1,NHB,NHB.0,F1,NHB,,,
FOODAPS_0465,FOODAPS,CC,CC.1,F3,HIGH,True,True,False,CC.1,F3,CC,CC.2,F3,CC,,,
FOODAPS_0466,FOODAPS,CC,CC.1,F3,HIGH,True,True,False,CC.1,F3,CC,CC.1,F3,CC,,,
FOODAPS_0467,FOODAPS,CC,CC.1,F3,HIGH,True,True,False,CC.1,F3,CC,CC.1,F3,CC,,,
FOODAPS_0468,FOODAPS,CC,CC.1,F3,HIGH,True,True,False,CC.1,F3,CC,CC.1,F3,CC,,,
FOODAPS_0469,FOODAPS,CC,CC.4,F3,HIGH,True,True,False,CC.4,F3,CC,CC.4,F3,CC,,,
FOODAPS_0470,FOODAPS,CC,CC.4,F2,HIGH,True,True,False,CC.4,F2,CC,CC.4,F2,CC,,,
FOODAPS_0471,FOODAPS,CC,CC.1,F3,HIGH,True,True,False,CC.1,F3,CC,CC.1,F3,CC,,,
FOODAPS_0472,FOODAPS,CC,CC.1,F3,HIGH,True,True,False,CC.1,F3,CC,CC.1,F3,CC,,,
FOODAPS_0473,FOODAPS,CC,CC.2,F3,HIGH,True,True,False,CC.2,F3,CC,CC.1,F3,CC,,,
FOODAPS_0474,FOODAPS,CC,CC.2,F3,HIGH,True,True,False,CC.2,F3,CC,CC.4,F3,CC,,,
FOODAPS_0475,FOODAPS,CC,CC.2,F3,HIGH,True,True,False,CC.2,F3,CC,CC.4,F3,CC,,,
FOODAPS_0476,FOODAPS,CC,CC.2,F3,HIGH,True,True,False,CC.2,F3,CC,CC.2,F3,CC,,,
FOODAPS_0477,FOODAPS,CC,CC.2,F3,HIGH,True,True,False,CC.2,F3,CC,CC.4,F3,CC,,,
FOODAPS_0478,FOODAPS,CC,CC.2,F3,HIGH,True,True,False,CC.2,F3,CC,CC.2,F3,CC,,,
FOODAPS_0479,FOODAPS,CC,CC.1,F3,MODERATE,False,True,False,CC.1,F3,CC,RS.1,F3,RS,,,
FOODAPS_0480,FOODAPS,CC,CC.4,F3,HIGH,True,True,False,CC.4,F3,CC,CC.4,F3,CC,,,
FOODAPS_0481,FOODAPS,CC,CC.4,F3,HIGH,True,True,False,CC.4,F3,CC,CC.4,F3,CC,,,
FOODAPS_0482,FOODAPS,CC,CC.1,F3,MODERATE,False,True,False,CC.1,F3,CC,RS.1,F3,RS,,,
FOODAPS_0484,FOODAPS,RS,RS.1,F3,MODERATE,True,False,False,RS.1,F3,RS,RS.1,F2,RS,,,
FOODAPS_0483,FOODAPS,CC,CC.4,F3,HIGH,True,True,False,CC.4,F3,CC,CC.4,F3,CC,,,
FOODAPS_0486,FOODAPS,CC,CC.4,F3,HIGH,True,True,False,CC.4,F3,CC,CC.4,F3,CC,,,
FOODAPS_0485,FOODAPS,CC,CC.2,F3,LOW,False,False,False,CC.2,F3,CC,RS.1,F2,RS,,,
FOODAPS_0487,FOODAPS,CC,CC.4,F3,HIGH,True,True,False,CC.4,F3,CC,CC.4,F3,CC,,,
FOODAPS_0488,FOODAPS,CC,CC.1,F3,HIGH,True,True,False,CC.1,F3,CC,CC.1,F3,CC,,,
FOODAPS_0489,FOODAPS,CC,CC.2,F3,HIGH,True,True,False,CC.2,F3,CC,CC.2,F3,CC,,,
FOODAPS_0490,FOODAPS,CC,CC.2,F3,HIGH,True,True,False,CC.2,F3,CC,CC.2,F3,CC,,,
FOODAPS_0491,FOODAPS,CC,CC.2,F3,HIGH,True,True,False,CC.2,F3,CC,CC.2,F3,CC,,,
FOODAPS_0492,FOODAPS,CC,CC.4,F3,HIGH,True,True,False,CC.4,F3,CC,CC.4,F3,CC,,,
FOODAPS_0493,FOODAPS,CC,CC.4,F3,HIGH,True,True,False,CC.4,F3,CC,CC.4,F3,CC,,,
FOODAPS_0494,FOODAPS,CC,CC.1,F3,HIGH,True,True,False,CC.1,F3,CC,CC.1,F3,CC,,,
FOODAPS_0495,FOODAPS,CC,CC.2,F3,HIGH,True,True,False,CC.2,F3,CC,CC.2,F3,CC,,,
FOODAPS_0496,FOODAPS,CC,CC.2,F3,HIGH,True,True,False,CC.2,F3,CC,CC.2,F3,CC,,,
FOODAPS_0497,FOODAPS,CC,CC.2,F3,HIGH,True,True,False,CC.2,F3,CC,CC.2,F3,CC,,,
FOODAPS_0498,FOODAPS,CC,CC.4,F3,HIGH,True,True,False,CC.4,F3,CC,CC.4,F3,CC,,,
FOODAPS_0499,FOODAPS,CC,CC.4,F3,HIGH,True,True,False,CC.4,F3,CC,CC.4,F3,CC,,,
FOODAPS_0500,FOODAPS,RS,RS.1,F3,HIGH,True,True,False,RS.1,F3,RS,RS.1,F3,RS,,,
FOODAPS_0501,FOODAPS,CC,CC.2,F3,HIGH,True,True,False,CC.2,F3,CC,CC.4,F3,CC,,,
FOODAPS_0502,FOODAPS,CC,CC.2,F2,HIGH,True,True,False,CC.2,F2,CC,CC.2,F2,CC,,,
FOODAPS_0503,FOODAPS,CC,CC.2,F2,HIGH,True,True,False,CC.2,F2,CC,CC.2,F2,CC,,,
FOODAPS_0504,FOODAPS,CC,CC.4,F3,HIGH,True,True,False,CC.4,F3,CC,CC.4,F3,CC,,,
FOODAPS_0505,FOODAPS,CC,CC.4,F3,HIGH,True,True,False,CC.4,F3,CC,CC.4,F3,CC,,,
FOODAPS_0506,FOODAPS,CC,CC.2,F3,MODERATE,False,True,False,CC.2,F3,CC,RS.1,F3,RS,,,
FOODAPS_0507,FOODAPS,CC,CC.2,F2,MODERATE,True,False,False,CC.2,F2,CC,CC.4,F3,CC,,,
FOODAPS_0508,FOODAPS,CC,CC.2,F2,HIGH,True,True,False,CC.2,F2,CC,CC.2,F2,CC,,,
FOODAPS_0509,FOODAPS,CC,CC.2,F2,HIGH,True,True,False,CC.2,F2,CC,CC.2,F2,CC,,,
FOODAPS_0510,FOODAPS,CC,CC.4,F3,HIGH,True,True,False,CC.4,F3,CC,CC.4,F3,CC,,,
FOODAPS_0511,FOODAPS,CC,CC.4,F3,HIGH,True,True,False,CC.4,F3,CC,CC.4,F3,CC,,,
FOODAPS_0512,FOODAPS,CC,CC.1,F3,HIGH,True,True,False,CC.1,F3,CC,CC.1,F3,CC,,,
FOODAPS_0513,FOODAPS,CC,CC.1,F3,HIGH,True,True,False,CC.1,F3,CC,CC.1,F3,CC,,,
FOODAPS_0515,FOODAPS,CC,CC.2,F3,HIGH,True,True,False,CC.2,F3,CC,CC.1,F3,CC,,,
FOODAPS_0514,FOODAPS,CC,CC.2,F3,HIGH,True,True,False,CC.2,F3,CC,CC.1,F3,CC,,,
FOODAPS_0517,FOODAPS,CC,CC.4,F3,HIGH,True,True,False,CC.4,F3,CC,CC.4,F3,CC,,,
FOODAPS_0518,FOODAPS,PC,PC.1,F1,HIGH,True,True,False,PC.1,F1,PC,PC.1,F1,PC,,,
FOODAPS_0516,FOODAPS,CC,CC.4,F3,HIGH,True,True,False,CC.4,F3,CC,CC.4,F3,CC,,,
FOODAPS_0519,FOODAPS,CC,CC.1,F3,HIGH,True,True,False,CC.1,F3,CC,CC.4,F3,CC,,,
FOODAPS_0520,FOODAPS,CC,CC.2,F3,HIGH,True,True,False,CC.2,F3,CC,CC.4,F3,CC,,,
FOODAPS_0521,FOODAPS,CC,CC.2,F3,HIGH,True,True,False,CC.2,F3,CC,CC.4,F3,CC,,,
FOODAPS_0522,FOODAPS,CC,CC.4,F3,HIGH,True,True,False,CC.4,F3,CC,CC.4,F3,CC,,,
FOODAPS_0523,FOODAPS,CC,CC.2,F3,HIGH,True,True,False,CC.2,F3,CC,CC.4,F3,CC,,,
FOODAPS_0524,FOODAPS,RS,RS.1,F3,HIGH,True,True,False,RS.1,F3,RS,RS.1,F3,RS,,,
FOODAPS_0525,FOODAPS,CC,CC.2,F3,HIGH,True,True,False,CC.2,F3,CC,CC.4,F3,CC,,,
FOODAPS_0526,FOODAPS,CC,CC.2,F3,MODERATE,False,True,False,CC.2,F3,CC,RS.1,F3,RS,,,
FOODAPS_0527,FOODAPS,CC,CC.2,F3,HIGH,True,True,False,CC.2,F3,CC,CC.2,F3,CC,,,
FOODAPS_0528,FOODAPS,CC,CC.4,F3,HIGH,True,True,False,CC.4,F3,CC,CC.4,F3,CC,,,
FOODAPS_0529,FOODAPS,CC,CC.4,F3,HIGH,True,True,False,CC.4,F3,CC,CC.4,F3,CC,,,
FOODAPS_0530,FOODAPS,CC,CC.1,F3,HIGH,True,True,False,CC.1,F3,CC,CC.1,F3,CC,,,
FOODAPS_0532,FOODAPS,CC,CC.2,F3,HIGH,True,True,False,CC.2,F3,CC,CC.4,F3,CC,,,
FOODAPS_0531,FOODAPS,CC,CC.4,F3,HIGH,True,True,False,CC.4,F3,CC,CC.4,F3,CC,,,
FOODAPS_0533,FOODAPS,CC,CC.2,F3,HIGH,True,True,False,CC.2,F3,CC,CC.2,F3,CC,,,
FOODAPS_0534,FOODAPS,CC,CC.4,F3,HIGH,True,True,False,CC.4,F3,CC,CC.4,F3,CC,,,
FOODAPS_0535,FOODAPS,CC,CC.4,F3,HIGH,True,True,False,CC.4,F3,CC,CC.4,F3,CC,,,
FOODAPS_0536,FOODAPS,CC,CC.1,F3,HIGH,True,True,False,CC.1,F3,CC,CC.1,F3,CC,,,
FOODAPS_0538,FOODAPS,CC,CC.2,F3,HIGH,True,True,False,CC.2,F3,CC,CC.2,F3,CC,,,
FOODAPS_0537,FOODAPS,CC,CC.4,F3,HIGH,True,True,False,CC.4,F3,CC,CC.4,F3,CC,,,
FOODAPS_0539,FOODAPS,CC,CC.2,F3,MODERATE,True,False,False,CC.2,F3,CC,CC.2,F2,CC,,,
FOODAPS_0540,FOODAPS,CC,CC.4,F3,HIGH,True,True,False,CC.4,F3,CC,CC.4,F3,CC,,,
FOODAPS_0541,FOODAPS,CC,CC.4,F3,HIGH,True,True,False,CC.4,F3,CC,CC.4,F3,CC,,,
FOODAPS_0549,FOODAPS,NHB,NHB.0,F1,HIGH,True,True,False,NHB.0,F1,NHB,NHB.0,F1,NHB,,,
FOODAPS_0556,FOODAPS,MC,MC.4,F1,MODERATE,False,True,False,MC.4,F1,MC,NHB.0,F1,NHB,,,
FOODAPS_0566,FOODAPS,PC,PC.1,F3,HIGH,True,True,False,PC.1,F3,PC,PC.3,F3,PC,,,
FOODAPS_0567,FOODAPS,PC,PC.1,F3,HIGH,True,True,False,PC.1,F3,PC,PC.1,F3,PC,,,
FOODAPS_0568,FOODAPS,CC,CC.2,F3,MODERATE,False,True,False,CC.2,F3,CC,PC.3,F3,PC,,,
FOODAPS_0569,FOODAPS,CC,CC.1,F3,HIGH,True,True,False,CC.1,F3,CC,CC.1,F3,CC,,,
FOODAPS_0570,FOODAPS,CC,CC.1,F3,HIGH,True,True,False,CC.1,F3,CC,CC.1,F3,CC,,,
FOODAPS_0571,FOODAPS,CC,CC.1,F3,HIGH,True,True,False,CC.1,F3,CC,CC.1,F3,CC,,,
FOODAPS_0573,FOODAPS,CC,CC.1,F3,HIGH,True,True,False,CC.1,F3,CC,CC.1,F3,CC,,,
FOODAPS_0572,FOODAPS,CC,CC.1,F3,HIGH,True,True,False,CC.1,F3,CC,CC.1,F3,CC,,,
FOODAPS_0575,FOODAPS,CC,CC.1,F3,HIGH,True,True,False,CC.1,F3,CC,CC.1,F3,CC,,,
FOODAPS_0574,FOODAPS,CC,CC.1,F3,HIGH,True,True,False,CC.1,F3,CC,CC.1,F3,CC,,,
FOODAPS_0576,FOODAPS,CC,CC.1,F3,HIGH,True,True,False,CC.1,F3,CC,CC.1,F3,CC,,,
FOODAPS_0577,FOODAPS,CC,CC.1,F3,HIGH,True,True,False,CC.1,F3,CC,CC.1,F3,CC,,,
FOODAPS_0578,FOODAPS,CC,CC.1,F3,HIGH,True,True,False,CC.1,F3,CC,CC.1,F3,CC,,,
FOODAPS_0579,FOODAPS,CC,CC.1,F3,HIGH,True,True,False,CC.1,F3,CC,CC.1,F3,CC,,,
FOODAPS_0580,FOODAPS,CC,CC.1,F3,HIGH,True,True,False,CC.1,F3,CC,CC.1,F3,CC,,,
FOODAPS_0581,FOODAPS,CC,CC.1,F3,HIGH,True,True,False,CC.1,F3,CC,CC.1,F3,CC,,,
FOODAPS_0582,FOODAPS,CC,CC.1,F3,HIGH,True,True,False,CC.1,F3,CC,CC.1,F3,CC,,,
FOODAPS_0583,FOODAPS,TC,TC.1,F2,HIGH,True,True,False,TC.1,F2,TC,TC.1,F2,TC,,,
FOODAPS_0584,FOODAPS,TC,TC.1,F2,HIGH,True,True,False,TC.1,F2,TC,TC.1,F2,TC,,,
FOODAPS_0585,FOODAPS,TC,TC.2,F2,MODERATE,False,True,False,TC.2,F2,TC,RS.1,F2,RS,,,
FOODAPS_0587,FOODAPS,CC,CC.2,F3,HIGH,True,True,False,CC.2,F3,CC,CC.2,F3,CC,,,
FOODAPS_0586,FOODAPS,CC,CC.2,F2,MODERATE,True,False,False,CC.2,F2,CC,CC.2,F3,CC,,,
FOODAPS_0588,FOODAPS,CC,CC.2,F3,HIGH,True,True,False,CC.2,F3,CC,CC.2,F3,CC,,,
FOODAPS_0589,FOODAPS,TC,TC.1,F2,HIGH,True,True,False,TC.1,F2,TC,TC.1,F2,TC,,,
FOODAPS_0591,FOODAPS,CC,CC.2,F3,HIGH,True,True,False,CC.2,F3,CC,CC.2,F3,CC,,,
FOODAPS_0590,FOODAPS,CC,CC.2,F2,LOW,False,False,False,CC.2,F2,CC,RS.1,F1,RS,,,
FOODAPS_0595,FOODAPS,RS,RS.1,F1,HIGH,True,True,False,RS.1,F1,RS,RS.2,F1,RS,,,
FOODAPS_0592,FOODAPS,CC,CC.2,F3,HIGH,True,True,False,CC.2,F3,CC,CC.2,F3,CC,,,
FOODAPS_0593,FOODAPS,TC,TC.1,F2,HIGH,True,True,False,TC.1,F2,TC,TC.1,F2,TC,,,
FOODAPS_0596,FOODAPS,TC,TC.2,F1,HIGH,True,True,False,TC.2,F1,TC,TC.2,F1,TC,,,
FOODAPS_0598,FOODAPS,CC,CC.1,F3,HIGH,True,True,False,CC.1,F3,CC,CC.1,F3,CC,,,
FOODAPS_0597,FOODAPS,CC,CC.2,F2,MODERATE,True,False,False,CC.2,F2,CC,CC.2,F3,CC,,,
FOODAPS_0599,FOODAPS,CC,CC.1,F3,HIGH,True,True,False,CC.1,F3,CC,CC.1,F3,CC,,,
FOODAPS_0600,FOODAPS,CC,CC.2,F3,HIGH,True,True,False,CC.2,F3,CC,CC.2,F3,CC,,,
FOODAPS_0601,FOODAPS,CC,CC.2,F3,HIGH,True,True,False,CC.2,F3,CC,CC.2,F3,CC,,,
FOODAPS_0602,FOODAPS,CC,CC.1,F3,HIGH,True,True,False,CC.1,F3,CC,CC.1,F3,CC,,,
FOODAPS_0603,FOODAPS,CC,CC.1,F3,HIGH,True,True,False,CC.1,F3,CC,CC.1,F3,CC,,,
FOODAPS_0604,FOODAPS,CC,CC.1,F3,HIGH,True,True,False,CC.1,F3,CC,CC.1,F3,CC,,,
FOODAPS_0605,FOODAPS,CC,CC.1,F3,HIGH,True,True,False,CC.1,F3,CC,CC.1,F3,CC,,,
FOODAPS_0607,FOODAPS,CC,CC.2,F2,HIGH,True,True,False,CC.2,F2,CC,CC.2,F2,CC,,,
FOODAPS_0608,FOODAPS,CC,CC.1,F2,LOW,False,False,False,CC.1,F2,CC,RS.1,F1,RS,,,
FOODAPS_0606,FOODAPS,CC,CC.2,F3,HIGH,True,True,False,CC.2,F3,CC,CC.2,F3,CC,,,
FOODAPS_0609,FOODAPS,CC,CC.4,F2,HIGH,True,True,False,CC.4,F2,CC,CC.4,F2,CC,,,
