Metric,Value
Topic Agreement %,89.24360080529192
Subtopic Agreement %,69.68651136036813
Cohen's Kappa (Topics),0.8389488012076629
Cohen's Kappa (Subtopics),0.6869395118441102
Confidence Correlation,0.6869395745400455
