Model,Mean,Median,Std,Min,Max
OpenAI,0.894384526890998,0.9,0.08601774839107514,0.0,1.0
Claude,0.8935231521426518,0.92,0.09678663013173515,0.0,1.0
