Topic,OpenAI_Count,OpenAI_Percent,Claude_Count,Claude_Percent
Economic,2974,42.76675294794363,2985,42.924935289042274
Social,2486,35.749209088294506,2448,35.202761000862814
Housing,954,13.718723037100949,979,14.078228357779695
Demographic,359,5.162496404946793,378,5.43572044866264
Government,179,2.574058096059822,154,2.2145527753810756
Unknown,2,0.028760425654299683,5,0.07190106413574922
