pair_id,foodaps_q_id,foodaps_text,acs_q_id,acs_text,subtopic,claude_classification,claude_confidence,claude_reasoning,claude_consolidation_potential,claude_reference_period_a,claude_reference_period_b,gpt_classification,gpt_confidence,gpt_reasoning,gpt_consolidation_potential,gpt_reference_period_a,gpt_reference_period_b,models_agree
P_0001,FAPS_0006,"Who lives at [fill address], even if they are not related to you? Please list all the people who will be living at your address over the next week. Include any babies or young children.",ACS_0021,How is this person related to Person 1?,Relationship,related_but_distinct,high,"Question A asks for a roster of household members living at an address (with a specific forward-looking time frame of one week), while Question B asks about the relationship between a specific person and Person 1. These serve different survey purposes: Question A establishes household composition/membership, while Question B captures relationship structure among already-identified household members. Question A is a household enumeration question; Question B is a relationship classification question that presupposes the household roster has already been established.",partial,next week,not specified,related_but_distinct,high,Question A is a household roster request asking who will be living at the address over the next week (including non-relatives and children). Question B asks for the relationship of a specific person to Person 1 and does not ask for a list of household members or specify a time frame. The core topics overlap (household composition/relationship) but the specific information requested and the reference period differ.,partial,over the next week,not specified,True
P_0002,FAPS_0006,"Who lives at [fill address], even if they are not related to you? Please list all the people who will be living at your address over the next week. Include any babies or young children.",ACS_0027,How is this person related to Person 1?,Relationship,related_but_distinct,high,"Question A asks for a roster of all household members living at an address over a specific time period (next week), functioning as a household composition question. Question B asks about the relationship between a specific person and Person 1, presupposing that household members have already been identified. These serve different purposes in the survey flow: A identifies who lives in the household, while B characterizes the relationship between already-identified individuals.",partial,next week,not specified,related_but_distinct,high,"Question A is a household roster prompt asking respondents to list all people who will be living at the address over the next week (a prospective household composition question). Question B asks only about the relationship of a specific person to Person 1 and does not request a roster or a time frame. The two address related topics but ask different specific information (who is living there vs. how a listed person is related), so they are related but distinct.",partial,over the next week,not specified,True
P_0003,FAPS_0006,"Who lives at [fill address], even if they are not related to you? Please list all the people who will be living at your address over the next week. Include any babies or young children.",ACS_0033,How is this person related to Person 1?,Relationship,related_but_distinct,high,"Question A asks for a roster of all household members living at an address over a specific timeframe (next week), serving as a household enumeration question. Question B asks about the relationship of a specific person to Person 1, assuming the household roster has already been established. These are sequential questions in household surveys—A identifies who lives there, B classifies their relationship—rather than equivalent ways of measuring the same concept.",partial,next week,not specified,related_but_distinct,high,"Question A asks for a household roster specifying who will be living at the address over the next week (a temporal, listing question). Question B asks for the relationship of a particular person to Person 1 (a relational category for an already-identified person). They address the same general topic (household relationships) but ask different things and use different response formats and reference frames.",no,over the next week,not specified,True
P_0004,FAPS_0018,What is your date of birth?,ACS_0023,What is Person 1’s age and what is Person 1’s date of birth?,Age,near_duplicate,high,"Both questions ask for date of birth information to determine age, which is the same core concept. Question A directly requests date of birth, while Question B asks for both age and date of birth for a specific household member. The minor difference is that Question B specifies a particular person (Person 1) and requests age in addition to date of birth, but this does not materially change the fundamental concept being measured. Both are asking for the same underlying biographical information.",yes,not specified,not specified,near_duplicate,high,"Both questions request a person’s date of birth (same core concept). Question B additionally asks for age and refers to ""Person 1"" rather than directly to the respondent, which is a minor subject-labeling and supplemental-item difference but does not change the DOB concept itself.",partial,not specified,not specified,True
P_0005,FAPS_0018,What is your date of birth?,ACS_0029,What is Person 2’s age and what is Person 2’s date of birth?,Age,near_duplicate,high,"Both questions ask for date of birth information to establish age, which is the same core concept. Question A asks directly for date of birth, while Question B asks for both age and date of birth for a specific household member (Person 2). The minor difference is that Question B specifies a particular person and requests two related data points, but the substantive information sought (date of birth) is identical and serves the same analytical purpose.",partial,not specified,not specified,near_duplicate,high,"Both questions elicit a person's date of birth (same core datum). Question B additionally asks for age and refers to a different household member (“Person 2”) rather than the respondent, so wording and respondent reference differ slightly. These are minor differences that do not change the underlying concept of collecting DOB.",partial,not specified,not specified,True
P_0006,FAPS_0018,What is your date of birth?,ACS_0035,What is Person 3’s age and what is Person 3’s date of birth?,Age,near_duplicate,high,"Both questions ask for date of birth information to establish age, which is the core concept under the SUBTOPIC of Age. Question A directly requests date of birth, while Question B requests both age and date of birth for a specific household member (Person 3). The minor difference is that Question B includes age as an additional element and specifies a particular person, but the date of birth component is functionally equivalent in meaning and intent.",yes,not specified,not specified,near_duplicate,high,"Both questions request the respondent’s date of birth, so they capture the same core concept. Question B also asks for age in addition to date of birth, which is an extra item but does not change the DOB request itself, making the pair closely equivalent but not identical. There is no time reference in either question.",yes,not specified,not specified,True
P_0007,FAPS_0018,What is your date of birth?,ACS_0072,Where was this person born?,Age,not_comparable,high,"Question A asks for date of birth (a temporal fact about when a person was born), while Question B asks for place of birth (a geographic fact about where a person was born). These are fundamentally different dimensions—one pertains to age/time and the other to location. Although both relate to birth events, they collect entirely different types of information.",no,not specified,not specified,related_but_distinct,high,Question A asks for a specific temporal datum (date of birth) used to determine age; Question B asks for a geographic location (place of birth). They address different constructs (age vs birthplace) and one cannot substitute for the other.,no,not specified,not specified,False
P_0008,FAPS_0018,What is your date of birth?,ACS_0099,Does this person have any of his/her own grandchildren under the age of 18 living in this house or apartment?,Age,not_comparable,high,"Question A asks for an individual's date of birth, which is a direct demographic identifier. Question B asks about the presence of grandchildren under 18 in the household, which is a relational/family composition question. While both relate to age indirectly, they measure fundamentally different constructs: one captures personal age data while the other captures household structure. They cannot substitute for one another.",no,not specified,current household composition (at time of survey),related_but_distinct,high,"Question A requests the respondent's exact date of birth (personal vital statistic). Question B asks whether the respondent has any own grandchildren under age 18 currently living in the household (household composition/relationship plus age condition). These ask different specific constructs (individual DOB vs. presence/age of household members), so they are related by the broad topic of age but are distinct measurements.",no,not specified,current (living in this house/apartment),False
P_0009,FAPS_0018,What is your date of birth?,ACS_0100,Is this grandparent currently responsible for most of the basic needs of any grandchildren under the age of 18 who live in this house or apartment?,Age,not_comparable,high,"Question A asks for a factual demographic identifier (date of birth), while Question B asks about current caregiving responsibilities for grandchildren. These measure entirely different concepts—one is a basic demographic attribute and the other is a household relationship/responsibility status. The subtopic label 'Age' does not create comparability here since Question B does not ask about age directly.",no,not specified,current/ongoing,not_comparable,high,"Question A asks for the respondent's date of birth (a specific personal demographic data point/age). Question B asks whether a grandparent is currently responsible for most basic needs of grandchildren under 18 living in the household (a caregiving/relationship status, answered yes/no). They address different concepts, units of analysis, and response formats, so they are not comparable.",no,not specified,currently,True
P_0010,FAPS_0019,Please verify or enter correct age.,ACS_0023,What is Person 1’s age and what is Person 1’s date of birth?,Age,response_format_mismatch,high,"Both questions ask for the same core concept (person's age), but they differ significantly in response format and comprehensiveness. Question A requests only age verification/entry (single data point), while Question B requests both age AND date of birth (two related data points). Question B's dual request provides more complete demographic information and allows for age calculation verification, whereas Question A appears to be a simpler verification step without the granular date-of-birth requirement.",partial,not specified,not specified,response_format_mismatch,high,"Both questions target a respondent's age, but Question B also requests the person's date of birth in addition to age. That introduces a different response format and additional data (DOB) that Question A does not collect. Because the core concept (age) is the same but the collected items differ, this is a response format mismatch.",yes,not specified,not specified,True
P_0011,FAPS_0019,Please verify or enter correct age.,ACS_0029,What is Person 2’s age and what is Person 2’s date of birth?,Age,response_format_mismatch,high,"Both questions seek to collect age information, making them conceptually aligned on the core topic. However, Question A requests age verification/entry (implying a single numeric age value), while Question B requests both age AND date of birth (two distinct data points). This represents a meaningful difference in response format and data granularity that could affect how responses are collected, validated, and stored.",partial,not specified,not specified,near_duplicate,high,"Both questions elicit a respondent's age (same core concept). Question B additionally requests date of birth, which is extra identifying/detail information but does not change the underlying concept being measured. Because the difference is limited to an additional DOB item rather than a different topic or time frame, they are near duplicates.",yes,not specified,not specified,False
P_0012,FAPS_0019,Please verify or enter correct age.,ACS_0035,What is Person 3’s age and what is Person 3’s date of birth?,Age,response_format_mismatch,high,"Both questions ask for age information, which is the core concept, but they differ significantly in response format and scope. Question A requests a single age value (verification/correction), while Question B requests both age AND date of birth as separate data points. Question B collects more granular information that could be used to derive age, making it more comprehensive despite asking about the same underlying attribute.",partial,not specified,not specified,related_but_distinct,high,"Both questions ask for a person’s age, but Question B also explicitly requests date of birth whereas Question A only asks to verify or enter age. That additional DOB element makes B ask for more precise identifying information and a different data element (birthdate) beyond the single age value. The core topic (age) overlaps, but the items are not equivalent because B collects an extra variable.",yes,not specified,not specified,False
P_0013,FAPS_0019,Please verify or enter correct age.,ACS_0072,Where was this person born?,Age,not_comparable,high,"Question A asks for verification or correction of a person's age (a demographic characteristic), while Question B asks where a person was born (birthplace/geographic origin). These are fundamentally different data elements with no conceptual overlap. The only shared context is that both are demographic questions, but they measure distinct attributes.",no,not specified,not specified,related_but_distinct,high,"Question A requests the respondent's age (a numeric/time-based demographic measure); Question B asks for birthplace (a geographic demographic attribute). They address different respondent attributes and use different response formats, so they are related only insofar as both are demographic items, not equivalent.",no,not specified,not specified,False
P_0014,FAPS_0019,Please verify or enter correct age.,ACS_0099,Does this person have any of his/her own grandchildren under the age of 18 living in this house or apartment?,Age,not_comparable,high,"Question A requests verification or correction of a respondent's own age, while Question B asks about the presence of grandchildren under 18 in the household. These measure entirely different demographic attributes with no conceptual overlap. Despite both being age-related survey topics, they address different populations (the respondent vs. grandchildren) and different measurement objectives (individual age vs. multigenerational household composition).",no,not specified,current household at time of survey,related_but_distinct,high,"Question A requests the respondent's exact age (a numeric value) with no temporal qualifier, whereas Question B asks a yes/no about whether the person has any of their own grandchildren under age 18 living in the household now. They address different units (individual's age vs household composition/relatives) and have different response formats and informational content (numeric age vs presence of under-18 grandchildren).",no,not specified,current (living in this house or apartment now),False
P_0015,FAPS_0019,Please verify or enter correct age.,ACS_0100,Is this grandparent currently responsible for most of the basic needs of any grandchildren under the age of 18 who live in this house or apartment?,Age,not_comparable,high,"Question A requests verification or entry of a respondent's age (a basic demographic attribute), while Question B asks about current caregiving responsibility for grandchildren under 18. These address entirely different concepts: one is a personal demographic characteristic and the other is a household relationship and caregiving status. Despite both involving age as a variable, they serve different survey purposes and measure different constructs.",no,not specified,currently,related_but_distinct,high,"Question A requests a numeric age value (verify or enter correct age) with no time frame, while Question B asks a yes/no about whether a grandparent is currently responsible for most basic needs of any grandchildren under age 18 who live in the household. They share the general topic of age (B uses an age threshold for grandchildren) but ask different substantive information (respondent's age vs caregiving responsibility for minors).",no,not specified,current,False
P_0016,FAPS_0020,Are you male or female?,ACS_0022,What is Person 1’s sex?,Sex,exact_duplicate,high,"Both questions ask for the same demographic characteristic (biological sex) with virtually identical meaning and intent. Question A uses direct phrasing ('Are you male or female?') while Question B uses slightly more formal wording ('What is Person 1's sex?'), but both elicit the same binary response categories and measure the same concept without any meaningful substantive differences.",yes,not specified,not specified,exact_duplicate,high,"Both questions ask the respondent’s sex using equivalent wording and intent (binary male/female) — one framed as self-report (“Are you…”) and one as an enumerator label for Person 1, but that is only a contextual difference. There is no difference in reference period or implied response format that would change meaning or measurement.",yes,not specified,not specified,True
P_0017,FAPS_0020,Are you male or female?,ACS_0028,What is Person 2’s sex?,Sex,exact_duplicate,high,"Both questions ask for the same demographic characteristic (sex/gender) with no time reference component. Question A uses 'male or female' while Question B uses 'sex,' but these are functionally identical inquiries about the same biological or gender attribute. The only minor difference is that Question B specifies 'Person 2' (indicating a roster position) while Question A does not, but this is a survey administration detail rather than a conceptual difference.",yes,not specified,not specified,exact_duplicate,high,"Both items ask the respondent's sex using the same binary categories (male/female); the only difference is wording and the referent (direct self-report vs identification of Person 2), which does not change the concept or response format. There is no time frame referenced in either question.",yes,not specified,not specified,True
P_0018,FAPS_0020,Are you male or female?,ACS_0034,What is Person 3’s sex?,Sex,exact_duplicate,high,Both questions ask for the same demographic characteristic (sex/gender) with identical reference to the present moment (no specific time frame). The only difference is stylistic phrasing: Question A uses direct second-person address while Question B uses third-person reference to a specific household member. Both expect the same categorical response format (male/female or similar binary options).,yes,not specified,not specified,exact_duplicate,high,"Both questions ask for the respondent’s sex (male or female) with no time reference and imply the same response options. The only difference is grammatical perspective/placement (direct second-person vs third-person household roster labeling), which does not change the concept measured or response format. There is no substantive difference in meaning, reference period, or likely answer categories.",yes,not specified,not specified,True
P_0019,FAPS_0021,What is your race and/or ethnicity? Select all that apply.,ACS_0024,"Is Person 1 of Hispanic, Latino, or Spanish origin?",Race,related_but_distinct,high,"Both questions address race/ethnicity but ask fundamentally different things with different response structures. Question A requests comprehensive race and/or ethnicity identification with a 'select all that apply' format, while Question B is a yes/no screener question specifically about Hispanic/Latino/Spanish origin only. Question A covers the full racial/ethnic spectrum whereas Question B captures only one dimension (Hispanic origin), making them distinct in scope and design.",no,not specified,not specified,related_but_distinct,high,"Question A asks for respondents' race and/or ethnicity with a select-all-that-apply format covering multiple race categories and ethnicity together. Question B asks only whether the person is of Hispanic/Latino/Spanish origin as a single yes/no item. They overlap on ethnicity (Hispanic origin) but B is much narrower and uses a different response structure, so they are related but ask distinct things.",no,not specified,not specified,True
P_0020,FAPS_0021,What is your race and/or ethnicity? Select all that apply.,ACS_0025,What is Person 1’s race?,Race,response_format_mismatch,high,"Both questions ask about race/ethnicity, but Question A explicitly allows multiple selections ('Select all that apply'), while Question B appears to use a single-response format ('Person 1's race'). This difference in response format reflects different approaches to capturing racial/ethnic identity—one inclusive of multiracial respondents and one potentially more limited. The ACS also specifically references a person identifier, suggesting it may be part of a household roster context, whereas FoodAPS uses more open language.",partial,not specified,not specified,related_but_distinct,high,"Question A asks for race and/or ethnicity together and explicitly invites multiple selections; Question B asks only for a person’s race. The core topic (race) is shared, but A covers ethnicity as well and combines the two concepts, so they are not equivalent. Consolidation would only be possible if ethnicity is captured elsewhere in the linked data.",partial,not specified,not specified,False
P_0021,FAPS_0021,What is your race and/or ethnicity? Select all that apply.,ACS_0030,"Is Person 2 of Hispanic, Latino, or Spanish origin?",Race,related_but_distinct,high,"Both questions address race/ethnicity but ask fundamentally different things. Question A requests a comprehensive self-identified race and/or ethnicity classification with multiple selection capability, while Question B isolates only Hispanic/Latino/Spanish origin as a yes/no screening question. Question B appears to be a single branching item within a broader race/ethnicity module, not a complete equivalent to Question A's comprehensive approach. The response formats differ significantly: Question A uses 'select all that apply' while Question B uses a binary format.",partial,not specified,not specified,related_but_distinct,high,"Question A asks broadly about respondent's race and/or ethnicity with a select-all-that-apply format, whereas Question B asks a yes/no about whether a specific household member (Person 2) is of Hispanic/Latino/Spanish origin. They differ in scope (self vs named person), content focus (race+ethnicity vs only Hispanic origin), and response format (select-all vs binary).",partial,not specified,not specified,True
P_0022,FAPS_0021,What is your race and/or ethnicity? Select all that apply.,ACS_0031,What is Person 2’s race?,Race,response_format_mismatch,high,"Both questions ask about race/ethnicity as the core concept with no time reference differences. However, Question A explicitly allows ""Select all that apply"" (multiple response format) while Question B asks for a single response about ""Person 2's race"" (singular format). This fundamental difference in response structure means the questions would capture data differently—Question A accommodates multiracial/multiethnic respondents while Question B typically forces a single-race selection.",partial,not specified,not specified,related_but_distinct,high,Question A asks about a respondent's race and/or ethnicity and explicitly allows selecting all that apply (combined race+ethnicity). Question B asks only about Person 2’s race (a specific household member) and does not mention ethnicity or the response format. These differences in target person and inclusion of ethnicity make them related on topic but not equivalent.,partial,not specified,not specified,False
P_0023,FAPS_0021,What is your race and/or ethnicity? Select all that apply.,ACS_0036,"Is Person 3 of Hispanic, Latino, or Spanish origin?",Race,related_but_distinct,high,"Question A asks for race and/or ethnicity with a 'select all that apply' format, capturing multiple racial/ethnic identities simultaneously. Question B asks only about Hispanic/Latino/Spanish origin as a yes/no determination, which is a narrower scope addressing one specific ethnic origin rather than comprehensive race and ethnicity. While both touch on ethnicity, they capture different dimensional constructs with different response formats.",no,not specified,not specified,related_but_distinct,high,"Question A asks a respondent about their race and/or ethnicity with a multi-select format (broad coverage of race and ethnicity together). Question B asks a yes/no about whether a specific household member (Person 3) is of Hispanic/Latino/Spanish origin only. They address overlapping topical area (race/ethnicity) but ask different, non-equivalent specifics and use different referents and response formats.",partial,not specified,not specified,True
P_0024,FAPS_0021,What is your race and/or ethnicity? Select all that apply.,ACS_0037,What is Person 3’s race?,Race,response_format_mismatch,high,"Both questions ask about the same core concept (race/ethnicity), but differ fundamentally in response format. Question A explicitly allows multiple selections ('Select all that apply'), accommodating multiracial respondents, while Question B uses singular language ('Person 3's race') implying a single-choice response format. This format difference affects how mixed-race or multiethnic individuals can respond and would produce non-equivalent data structures.",partial,not specified,not specified,related_but_distinct,high,"Question A asks for ""race and/or ethnicity"" of the respondent and explicitly allows selecting all that apply, combining two constructs into one item. Question B asks only for a named household member's ""race"" (Person 3) and does not mention ethnicity; it also refers to a different referent (a specific household member rather than ""you""). These differences in target person and in whether ethnicity is solicited make them related in topic but not equivalent.",partial,not specified,not specified,False
P_0025,FAPS_0023,"Are you currently married, widowed, divorced, separated, or never married?",ACS_0094,What is this person’s marital status?,Marital,near_duplicate,high,"Both questions measure marital status as a core demographic characteristic with identical conceptual intent. Question A explicitly uses 'currently' while Question B implies present status without specification, but this represents a negligible wording difference that does not affect meaning. Both would yield equivalent response categories (married, widowed, divorced, separated, never married) and serve the same analytical purpose.",yes,current,not specified,exact_duplicate,high,"Both questions elicit the respondent’s current marital status using the same set of categories (married, widowed, divorced, separated, never married). Question A explicitly states “currently,” while Question B does not specify a time frame but in practice asks current status; this minor wording difference does not change meaning or response format.",yes,currently,not specified,False
P_0026,FAPS_0023,"Are you currently married, widowed, divorced, separated, or never married?",ACS_0095,In the past 12 MONTHS did this person get  a. Married? b. Widowed? c. Divorced?,Marital,related_but_distinct,high,"Question A asks about current marital status (a state at a point in time), while Question B asks about marital events that occurred in the past 12 months (transitions or changes). These measure fundamentally different concepts: FoodAPS captures status, while ACS captures recent events. Question A also includes ""separated"" as an option, which Question B omits entirely.",no,not specified,past 12 months,reference_period_mismatch,high,"Question A asks for the respondent's current marital status (a point-in-time measure). Question B asks whether specific marital events (married, widowed, divorced) occurred during the past 12 months (an incidence/change measure). The different reference periods and event-vs-status formats mean they are not equivalent.",no,current,past 12 months,False
P_0027,FAPS_0023,"Are you currently married, widowed, divorced, separated, or never married?",ACS_0096,How many times has this person been married?,Marital,related_but_distinct,high,"Question A asks for current marital status (present state: married, widowed, divorced, separated, or never married), while Question B asks for the total number of times married across a person's lifetime. These measure different dimensions of marital history—one captures present status, the other captures cumulative marital events. A person could answer 'divorced' to Question A while answering '2' to Question B.",no,current,lifetime,related_but_distinct,high,"Question A asks about current marital status using categorical labels (married, widowed, divorced, separated, never married). Question B asks for a lifetime count of marriages, a different construct (number of marriages) and a numeric response format; it does not indicate current status. While related (both about marital history/status), they capture different information and are not interchangeable.",partial,current,lifetime,True
P_0028,FAPS_0023,"Are you currently married, widowed, divorced, separated, or never married?",ACS_0097,In what year did this person last get married?,Marital,response_format_mismatch,high,"Both questions address marital status but capture fundamentally different information through different response formats. Question A asks for current marital status category (married, widowed, divorced, separated, never married), while Question B asks for the specific year of last marriage, which only applies to people who have ever been married. Question A provides a categorical snapshot of current state; Question B provides a temporal data point about a past event.",partial,current/present,lifetime (last occurrence),related_but_distinct,high,"Question A asks a respondent's current marital status using categorical options (married, widowed, divorced, separated, never married). Question B asks for the calendar year in which the person last married, i.e., timing of a past event. These address the same general topic (marriage) but ask different specific things and use different response types (current status vs. year of last marriage).",no,current (point-in-time),year of last marriage (historical event),False
P_0029,FAPS_0024,Is your spouse a member of this household?,ACS_0021,How is this person related to Person 1?,Relationship,related_but_distinct,high,"While both questions address household relationships, they ask fundamentally different things. Question A uses a yes/no format to specifically identify whether a spouse is present in the household, whereas Question B uses a categorical format to identify the relationship of any household member to a reference person. Question A targets a specific relationship type with binary response, while Question B categorizes all possible relationships for all household members. These different response structures and scopes make them distinct despite overlapping conceptual territory.",partial,not specified,not specified,response_format_mismatch,high,"Both questions capture household relationship information but use different response formats: Question A is a binary yes/no asking specifically whether the respondent's spouse is a household member, while Question B is a categorical relationship question that can identify 'spouse' among many relationship categories. Because B yields richer, person-level relationship categories whereas A is a direct yes/no about the respondent's spouse, they are measuring the same core concept but with different formats.",partial,not specified,not specified,False
P_0030,FAPS_0024,Is your spouse a member of this household?,ACS_0027,How is this person related to Person 1?,Relationship,related_but_distinct,high,"Question A asks a yes/no question about whether a spouse exists in the household, while Question B asks for the relationship type of a specific person to Person 1. Question B captures more granular information (spouse, parent, child, etc.) and can derive the answer to Question A, but they operate at different analytical levels—one is binary spouse presence, the other is categorical relationship classification. Question B is broader in scope and could subsume Question A's information.",yes,not specified,not specified,response_format_mismatch,high,"Question A is a direct yes/no about whether the respondent's spouse is a member of the household. Question B is a relationship classification for each listed person relative to Person 1 (categories include 'spouse'). They capture the same underlying relationship concept but use different response formats and operational contexts (A explicitly allows noting a spouse who is not a household member; B only classifies persons who are enumerated in the household), so they are not identical.",partial,not specified,not specified,False
P_0031,FAPS_0024,Is your spouse a member of this household?,ACS_0033,How is this person related to Person 1?,Relationship,related_but_distinct,high,"Both questions address household relationships, but they operate at different levels of specificity and measurement logic. Question A uses a yes/no binary format to identify one specific relationship type (spouse presence), while Question B employs a categorical approach to classify the relationship of any household member to a reference person (Person 1). Question A targets a specific relationship identification task, whereas Question B maps all household relationships through a single reference point.",partial,not specified,not specified,response_format_mismatch,high,"Question A asks a yes/no about whether the respondent's spouse is a household member, while Question B elicits a categorical relationship of a listed person to Person 1 (which can include 'spouse'). They cover the same relationship domain but use different response formats and specificity (A targets the respondent's spouse directly; B requires identifying which household member is the spouse).",partial,not specified,not specified,False
P_0032,FAPS_0045,What is NAME’s relationship to you?,ACS_0021,How is this person related to Person 1?,Relationship,exact_duplicate,high,"Both questions ask for the same core information: how a household member is related to a reference person in the household. Question A asks the relationship 'to you' (the respondent) while Question B asks the relationship 'to Person 1' (the reference person), but in household surveys these are functionally equivalent since the respondent typically serves as the reference person. The wording differences are purely stylistic and do not affect the meaning or response options.",yes,not specified,not specified,exact_duplicate,high,"Both questions ask for the familial/household relationship between a named person and a reference person; the only wording difference is the referent label (""you"" vs ""Person 1""). There is no time reference and both imply the same response content (relationship categories), so meaning and format are effectively identical.",partial,not specified,not specified,True
P_0033,FAPS_0045,What is NAME’s relationship to you?,ACS_0027,How is this person related to Person 1?,Relationship,exact_duplicate,high,"Both questions ask for the same information: how a household member is related to a reference person (NAME/Person 1). The wording differs slightly (Question A uses second-person perspective 'relationship to you' while Question B uses third-person 'related to Person 1'), but they capture identical information with identical response categories. The relationship between household members is a static characteristic that does not change based on survey context.",yes,not specified,not specified,near_duplicate,high,"Both questions elicit the categorical relationship between one household member and a reference person. The only substantive wording difference is the anchor: FoodAPS asks relationship to the respondent (“you”), while ACS asks relationship to “Person 1” (the household reference person), which may or may not be the respondent; otherwise they intend the same information and likely use comparable response categories. There is no mention of a time frame or differing response format.",partial,not specified,not specified,False
P_0034,FAPS_0045,What is NAME’s relationship to you?,ACS_0033,How is this person related to Person 1?,Relationship,exact_duplicate,high,"Both questions ask for the same core information: how a household member is related to a reference person in the household. Question A asks for the relationship 'to you' (the respondent) while Question B asks the relationship 'to Person 1' (the reference person), but these are functionally equivalent in household roster contexts. The wording differs minimally and both use the same implicit response format (relationship categories).",yes,not specified,not specified,exact_duplicate,high,"Both questions ask for the relationship of a named person to a reference person and differ only in phrasing of the reference (""you"" vs ""Person 1""). They capture the same core concept and would use the same categorical response options (family/household relationships). The only practical difference is the explicit reference frame label (respondent vs designated Person 1), which does not change meaning when Person 1 is the respondent or household reference.",partial,not specified,not specified,True
P_0035,FAPS_0046,What is NAME’s date of birth?,ACS_0023,What is Person 1’s age and what is Person 1’s date of birth?,Age,near_duplicate,high,"Both questions aim to collect date of birth information to derive age, which is the stated subtopic. Question A directly asks for date of birth, while Question B asks for both age and date of birth. The minor difference is that Question B redundantly collects both derived (age) and source (date of birth) data, whereas Question A collects only the source data. These are functionally equivalent for determining a person's age.",yes,not specified,not specified,related_but_distinct,high,"Both questions request a respondent's date of birth, but Question B additionally asks for the person's age, so they are not identical. The DOB item is the same core datum, but Question B covers an extra variable (age), making the pair distinct though closely related.",yes,not specified,not specified,False
P_0036,FAPS_0046,What is NAME’s date of birth?,ACS_0029,What is Person 2’s age and what is Person 2’s date of birth?,Age,near_duplicate,high,"Both questions ask for date of birth information to establish age, which is the core concept under the Age subtopic. Question A directly requests date of birth, while Question B asks for both age and date of birth from the same person. The minor wording difference (using a name variable in A versus a positional identifier in B) does not substantively change what is being measured. Both are collecting the same demographic identifier in the same way.",yes,not specified,not specified,related_but_distinct,high,"Both questions ask for the respondent’s date of birth, so they overlap on that core item; however Question B additionally asks for the person’s age, making it a distinct combined item rather than an identical question. Neither question specifies a reference period, so the difference is the extra age request, not timing.",yes,not specified,not specified,False
P_0037,FAPS_0046,What is NAME’s date of birth?,ACS_0035,What is Person 3’s age and what is Person 3’s date of birth?,Age,near_duplicate,high,"Both questions ask for date of birth information to determine age, which is the core concept. Question A directly requests date of birth, while Question B asks for both age AND date of birth. The ACS formulation is slightly redundant since age can be calculated from date of birth, but both are collecting the same fundamental demographic information with no time-dependent element.",yes,not specified,not specified,related_but_distinct,high,"Both questions request a respondent's date of birth (same core datum), but Question B also separately requests the person's age, so it covers an additional item. Because B asks two items (age and DOB) rather than only DOB, the pair are not duplicates though they are closely related within the same demographic topic.",yes,not specified,not specified,False
P_0038,FAPS_0046,What is NAME’s date of birth?,ACS_0072,Where was this person born?,Age,not_comparable,high,"Question A asks for date of birth (a specific demographic identifier used to calculate age), while Question B asks for place of birth (geographic origin). Although both relate to birth, they measure fundamentally different attributes—one temporal and one geographic—and cannot serve as substitutes for each other despite the SUBTOPIC label of 'Age'.",no,not specified,not specified,related_but_distinct,high,"Question A requests the respondent's date of birth (a specific temporal datum used to determine age), while Question B asks where the person was born (a geographic datum about birthplace). They address different attributes (time vs. place) and are not interchangeable; birthplace does not provide age and date of birth does not provide birthplace.",no,not specified,not specified,False
P_0039,FAPS_0046,What is NAME’s date of birth?,ACS_0099,Does this person have any of his/her own grandchildren under the age of 18 living in this house or apartment?,Age,not_comparable,high,"Question A asks for an individual's date of birth (a fixed demographic identifier), while Question B asks about the presence of grandchildren under 18 in the household (a relational family composition question). These are fundamentally different concepts—one establishes age, the other establishes family relationships and coresidence. While both relate broadly to age/family structure, they measure entirely distinct things and serve different survey purposes.",no,not specified,current household at time of survey,related_but_distinct,high,"Question A asks for the respondent's exact date of birth (a personal identifier/age), while Question B asks whether the person has any grandchildren under 18 currently living in the household. They address different specific information: one is an individual’s birth date/age, the other is household composition regarding grandchildren under a particular age. The questions are on the same broad topic (age/family) but are not interchangeable.",no,not specified,current (living in the household at time of interview),False
P_0040,FAPS_0046,What is NAME’s date of birth?,ACS_0100,Is this grandparent currently responsible for most of the basic needs of any grandchildren under the age of 18 who live in this house or apartment?,Age,not_comparable,high,"Question A requests a factual demographic identifier (date of birth) used for establishing identity and calculating age, while Question B asks about a current caregiving responsibility relationship. These measure fundamentally different constructs: one is a static biographical fact, the other is a functional household relationship status. They cannot serve as substitutes for one another despite both relating to age in different ways.",no,not specified,currently,related_but_distinct,high,"Question A asks for a respondent's date of birth (a specific demographic attribute/point-in-time event). Question B asks a yes/no about current caregiving responsibility for grandchildren under 18 living in the household (a role/responsibility/status). They address different constructs and have different response formats, so they are related by the general topic of age/family but are distinct.",no,date of birth (point in past),currently,False
P_0041,FAPS_0047,Is NAME male or female?,ACS_0022,What is Person 1’s sex?,Sex,exact_duplicate,high,Both questions ask for the same demographic characteristic (sex/gender) with virtually identical meaning and no specified time reference. The only difference is minor wording variation: FoodAPS uses the phrasing 'Is NAME male or female?' while ACS uses 'What is Person 1's sex?' These variations are stylistic and do not substantively change the question's intent or expected response options.,yes,not specified,not specified,exact_duplicate,high,"Both questions elicit the respondent’s sex using the same binary framing (male/female). The wording differs only in formality and referent labeling (a named person vs. ""Person 1""), but there is no change in concept, time frame, or implied response format. Thus they are effectively identical in intent and use.",yes,not specified,not specified,True
P_0042,FAPS_0047,Is NAME male or female?,ACS_0028,What is Person 2’s sex?,Sex,exact_duplicate,high,Both questions ask for the same demographic characteristic (sex/gender) about a named household member with identical response options (male/female). The only difference is minor wording variation: Question A uses the colloquial phrasing 'Is NAME male or female?' while Question B uses the more formal 'What is Person 2's sex?' These stylistic differences do not meaningfully alter the concept being measured or how respondents would interpret the question.,yes,not specified,not specified,exact_duplicate,high,"Both questions ask for the sex of a specific person (male or female) with no difference in time frame or response format. The only difference is wording/labeling (NAME vs Person 2), which does not change the concept being measured. Neither question asks about gender identity or any other attribute.",yes,not specified,not specified,True
P_0043,FAPS_0047,Is NAME male or female?,ACS_0034,What is Person 3’s sex?,Sex,exact_duplicate,high,"Both questions ask for the same demographic characteristic (sex/gender) about a named individual with no specified time reference. The wording differs slightly (""Is NAME male or female?"" vs ""What is Person 3's sex?""), but both use standard binary sex categories and are asking for current/static demographic information rather than time-bounded data. The minor phrasing variations are typical stylistic differences between surveys and do not affect the substantive meaning or response format.",yes,not specified,not specified,exact_duplicate,high,"Both questions elicit the respondent’s sex using equivalent binary wording (male/female), differing only in superficial phrasing (using a name vs. identifying as “Person 3”). They ask the same attribute with the same implied response format and contain no time reference, so their meaning and use are effectively identical.",yes,not specified,not specified,True
P_0044,FAPS_0048,What is NAME’s race and/or ethnicity? Select all that apply.,ACS_0024,"Is Person 1 of Hispanic, Latino, or Spanish origin?",Race,related_but_distinct,high,"Question A asks for race and/or ethnicity with multiple selection allowed, while Question B asks specifically about Hispanic/Latino/Spanish origin as a binary yes/no question. Question B captures only one dimension of ethnicity, whereas Question A attempts to collect comprehensive race and ethnicity information. These questions serve different purposes: Question A seeks complete racial/ethnic identification, while Question B is a screener question for Hispanic origin specifically (typically followed by separate race questions in the ACS).",no,not specified,not specified,related_but_distinct,high,"Question A asks for a respondent’s race and/or ethnicity with a multi-select format (covers multiple racial categories and ethnicity together), whereas Question B asks only about Hispanic/Latino/Spanish origin as a single yes/no ethnicity question. The scope and response formats differ: A captures race plus ethnicity in a selectable list, B captures only Hispanic origin as a binary, so they are related (both about demographic background) but ask different specific information.",no,not specified,not specified,True
P_0045,FAPS_0048,What is NAME’s race and/or ethnicity? Select all that apply.,ACS_0025,What is Person 1’s race?,Race,response_format_mismatch,high,"Both questions ask about the same core concept (respondent's race/ethnicity), but they differ significantly in response format. Question A explicitly allows multiple selections (""Select all that apply""), while Question B uses singular phrasing (""What is Person 1's race?"") implying a single categorical response. This format difference affects how multiracial respondents can answer and would produce non-equivalent data structures.",partial,not specified,not specified,related_but_distinct,high,"Question A explicitly asks for ""race and/or ethnicity"" and instructs respondents to ""Select all that apply,"" combining two constructs and allowing multiple selections. Question B, as presented, asks only about race (no mention of ethnicity) and does not include the explicit multi-select instruction, so the scope and response format differ in ways that affect comparability.",partial,not specified,not specified,False
P_0046,FAPS_0048,What is NAME’s race and/or ethnicity? Select all that apply.,ACS_0030,"Is Person 2 of Hispanic, Latino, or Spanish origin?",Race,response_format_mismatch,high,"Both questions address race/ethnicity but with fundamentally different response formats. Question A asks about race AND ethnicity with a 'select all that apply' format allowing multiple responses, while Question B isolates only Hispanic/Latino/Spanish origin with a yes/no format. Question A captures comprehensive racial/ethnic identity while Question B is a single-topic screener question that typically precedes detailed race categories in the ACS.",partial,not specified,not specified,related_but_distinct,high,"Question A asks for a respondent’s race and/or ethnicity with select-all-that-apply (a combined, multi-category item), whereas Question B asks only whether the person is of Hispanic/Latino/Spanish origin as a yes/no question. B captures a single ethnicity dimension (and is a subset of the ethnicity information in A) and uses a different, binary response format, so they are related but ask different specific information.",no,not specified,not specified,False
P_0047,FAPS_0048,What is NAME’s race and/or ethnicity? Select all that apply.,ACS_0031,What is Person 2’s race?,Race,response_format_mismatch,high,"Both questions ask about the same core concept (race/ethnicity), but differ significantly in response format. Question A explicitly allows multiple selections (""select all that apply""), capturing multiracial/multiethnic respondents, while Question B appears to request a single response (""What is Person 2's race?""). This difference in response format means they would produce different data structures and potentially different reported values for the same individual.",partial,not specified,not specified,related_but_distinct,medium,"Question A asks about ""race and/or ethnicity"" and explicitly allows multiple selections, combining two constructs (race and ethnicity) in one item. Question B asks only about race for a labeled household member (""Person 2"") and does not mention ethnicity; this is a substantive difference in what is being measured rather than a trivial wording change. The questions are on the same topic but ask different specific things.",partial,not specified,not specified,False
P_0048,FAPS_0048,What is NAME’s race and/or ethnicity? Select all that apply.,ACS_0036,"Is Person 3 of Hispanic, Latino, or Spanish origin?",Race,related_but_distinct,high,"Both questions address race/ethnicity but ask fundamentally different things. Question A requests all applicable race and/or ethnicity categories using a 'select all that apply' format, capturing the full racial/ethnic identity profile. Question B is a single, specific question about Hispanic/Latino/Spanish origin only, designed as a screening question rather than a comprehensive race/ethnicity inventory. The ACS question is typically followed by separate race questions, making it a component of a multi-part race/ethnicity assessment rather than an equivalent to FoodAPS's consolidated approach.",partial,not specified,not specified,related_but_distinct,high,"Question A asks a combined race and/or ethnicity item with a select-all-that-apply format, capturing multiple racial and ethnic identities. Question B asks only about Hispanic/Latino/Spanish origin as a yes/no item (a single-ethnicity probe). The scope and response formats differ, so they are related (both about race/ethnicity) but ask distinct things.",no,not specified,not specified,True
P_0049,FAPS_0048,What is NAME’s race and/or ethnicity? Select all that apply.,ACS_0037,What is Person 3’s race?,Race,response_format_mismatch,high,"Both questions ask about the same core concept (race/ethnicity) for a specific person, but they differ fundamentally in response format. Question A explicitly states 'Select all that apply,' allowing multiple race/ethnicity selections, while Question B uses singular 'What is Person 3's race?' implying a single-response format. This format difference affects data comparability since FoodAPS captures multiracial/multiethnic respondents differently than ACS's single-race structure.",partial,not specified,not specified,related_but_distinct,medium,"Question A asks about ""race and/or ethnicity"" and explicitly allows selecting all that apply, combining two constructs and a multi-select response format. Question B asks only about ""race"" for a labeled person (Person 3) and does not mention ethnicity or the response format; ACS typically treats Hispanic origin as a separate question. These differences make them related by topic (demographic race/ethnicity) but not equivalent.",partial,not specified,not specified,False
P_0050,FAPS_0050,"Is NAME currently married, widowed, divorced, separated, or never married?",ACS_0094,What is this person’s marital status?,Marital,near_duplicate,high,"Both questions ask about marital status as a core concept. Question A explicitly uses 'currently' and provides specific response categories (married, widowed, divorced, separated, never married), while Question B uses open-ended phrasing without specifying a time reference. The ACS question typically uses the same response categories as FoodAPS, making them functionally equivalent despite minor wording differences. The explicit 'currently' in Question A adds slight clarity but doesn't substantively change the meaning.",yes,currently,not specified,exact_duplicate,high,"Both questions solicit the respondent's current marital status using the same categorical distinctions (married, widowed, divorced, separated, never married). Question A explicitly states ""currently,"" while Question B omits an explicit time frame but is conventionally asking for current status; this wording difference does not change meaning or response format.",yes,currently,not specified,False
P_0051,FAPS_0050,"Is NAME currently married, widowed, divorced, separated, or never married?",ACS_0095,In the past 12 MONTHS did this person get  a. Married? b. Widowed? c. Divorced?,Marital,related_but_distinct,high,"Question A asks for current marital status (a state at the time of survey), while Question B asks about marital events that occurred in the past 12 months. These measure different concepts: Question A captures a snapshot of marital status, whereas Question B captures marital transitions/events. Someone could be currently married (Question A) but have gotten married more than 12 months ago (not captured by Question B), or divorced in the past 12 months but currently divorced (both would answer yes to B but differently to A depending on timing).",partial,current status (not specified),past 12 months,related_but_distinct,high,"Question A asks for current marital status as a single categorical response (married, widowed, divorced, separated, never married). Question B asks about marital transition events that occurred in the past 12 months with separate yes/no items (married, widowed, divorced). These are related (marital topic) but ask different constructs (current status vs recent events) and have different response formats.",no,currently,past 12 months,True
P_0052,FAPS_0050,"Is NAME currently married, widowed, divorced, separated, or never married?",ACS_0096,How many times has this person been married?,Marital,response_format_mismatch,high,"Both questions address marital status but operationalize it differently. Question A asks for current marital status category (married, widowed, divorced, separated, never married), while Question B asks for the count of times married across a person's lifetime. Question A cannot be derived from Question B without additional information about marital transitions, and vice versa—knowing someone has been married twice tells you nothing about their current status.",no,current/present,lifetime,related_but_distinct,high,"Question A asks about the respondent’s current marital status using categorical options (married, widowed, divorced, separated, never married). Question B asks for a lifetime count of marriages (numeric), which is a different construct. The two are related by topic but cannot substitute for each other because a count of marriages does not indicate current status and current status does not reveal number of past marriages.",no,current,lifetime,False
P_0053,FAPS_0050,"Is NAME currently married, widowed, divorced, separated, or never married?",ACS_0097,In what year did this person last get married?,Marital,related_but_distinct,high,"Question A asks for current marital status (categorical: married, widowed, divorced, separated, or never married), while Question B asks for the year of the last marriage, which is a continuous data point. These capture different information—one is a state snapshot and the other is a historical event. Someone currently divorced would answer 'divorced' on Question A but might report a marriage year from 20 years ago on Question B, making them complementary rather than equivalent.",partial,current/present,lifetime/at any point,related_but_distinct,high,"Question A asks current marital status using categorical response options (married, widowed, divorced, separated, never married). Question B asks for the year the person last got married (a historical/factual event), which does not directly indicate current status or provide comparable categorical responses. The items are on the same topic (marital) but measure distinct constructs and are not interchangeable.",no,current,year of last marriage,True
P_0054,FAPS_0051,Is NAME’s spouse a member of this household?,ACS_0021,How is this person related to Person 1?,Relationship,related_but_distinct,high,"Question A targets a specific relationship (spouse membership in household) using a yes/no format, while Question B uses an open-ended relationship classification approach that captures all relationship types to a reference person. Question A is narrower in scope and asks about household membership status, whereas Question B asks about relationship type more broadly. While both relate to household relationships, they serve different purposes: A screens for spouse presence, B categorizes all relationships.",partial,not specified,not specified,response_format_mismatch,high,"Both questions aim to identify a spouse in the household, but Question A asks a direct yes/no about whether NAME’s spouse is a household member, while Question B elicits a relationship category for each person (which can indicate spouse). The difference is in response format and scope: A targets a specific relationship with a binary answer, B is broader (asks relationship to Person 1) and requires coding to infer spouse status.",yes,not specified,not specified,False
P_0055,FAPS_0051,Is NAME’s spouse a member of this household?,ACS_0027,How is this person related to Person 1?,Relationship,related_but_distinct,high,"Both questions address household relationships, but they operate at different levels of specificity. Question A is a yes/no screener asking specifically about spousal status for a named individual, while Question B uses a categorical open-ended approach asking how any person relates to the reference person (Person 1). Question A assumes a spouse exists and confirms membership; Question B identifies the relationship type among all household members including spouse, parent, child, etc.",partial,not specified,not specified,response_format_mismatch,high,"Question A is a yes/no item asking whether NAME’s spouse is a member of the household (presence of spouse). Question B is a categorical relationship question asking how a listed person relates to Person 1 (which can include a 'spouse' category). The core concept (identifying a spouse among household members) is the same, but the response formats and the direction of questioning differ (binary presence vs. per-person relationship category).",yes,not specified,not specified,False
P_0056,FAPS_0051,Is NAME’s spouse a member of this household?,ACS_0033,How is this person related to Person 1?,Relationship,related_but_distinct,high,"Question A specifically asks about spouse membership in the household, using a yes/no format targeted at one named individual's marital/household relationship. Question B asks for the relationship of any person to Person 1 using a categorical response format that could include spouse but also parent, child, sibling, etc. While spouse identification overlaps, Question B captures broader relationship categories and is not spouse-specific, making them distinct in scope and intent despite both addressing household relationships.",partial,not specified,not specified,response_format_mismatch,high,"Question A is a binary yes/no about whether a named person's spouse is a member of the household. Question B asks for a categorical relationship of a person to Person 1 (e.g., spouse, child), which can identify spouse status but uses a different response format and a different referent (Person 1 vs NAME). Because B is a relationship category question rather than an explicit spouse-membership yes/no, they are not identical despite overlapping content.",partial,not specified,not specified,False
P_0057,FAPS_0054,What is the reason NAME will not attend school this week and next week?  (1) Summer vacation/summer break  (2) Other school break  (3) Home schooled (4) Disabled (5) Not old enough (6) Not enrolled (7) Graduated (8) Other,ACS_0023,What is Person 1’s age and what is Person 1’s date of birth?,Age,not_comparable,high,"Question A asks for the reason a child will not attend school during a specific future period (this week and next week), while Question B asks for basic demographic information about age/date of birth with no time reference. These are fundamentally different questions: one is about school attendance reasons (a behavioral/status variable), the other is about age identification (a demographic characteristic). While both relate to the broad topic of age, they serve completely different purposes and cannot substitute for one another.",no,this week and next week,not specified,not_comparable,high,"Question A asks for the reason a named child will not attend school during a specific short period (this week and next week). Question B asks for a person's age and date of birth, which is a demographic attribute and does not elicit attendance status or reasons. The two address different constructs (school attendance reason vs. age/DOB) and are not comparable.",no,this week and next week,not specified,True
P_0058,FAPS_0054,What is the reason NAME will not attend school this week and next week?  (1) Summer vacation/summer break  (2) Other school break  (3) Home schooled (4) Disabled (5) Not old enough (6) Not enrolled (7) Graduated (8) Other,ACS_0029,What is Person 2’s age and what is Person 2’s date of birth?,Age,not_comparable,high,"Question A asks about reasons for school non-attendance during a specific two-week period, while Question B collects basic demographic information (age/date of birth) with no time reference. These serve entirely different purposes: A is behavioral/situational while B is identifying information. They are fundamentally measuring different constructs.",no,this week and next week,not specified,related_but_distinct,high,"Question A asks for the reason a named child will not attend school during a specific short reference period and provides categorical response options (including 'Not old enough'), while Question B requests factual demographic measures (age and date of birth). They address different constructs and response formats: A elicits a reason for non-attendance over a defined period, B elicits current/biographical age information.",partial,this week and next week,not specified,False
P_0059,FAPS_0054,What is the reason NAME will not attend school this week and next week?  (1) Summer vacation/summer break  (2) Other school break  (3) Home schooled (4) Disabled (5) Not old enough (6) Not enrolled (7) Graduated (8) Other,ACS_0035,What is Person 3’s age and what is Person 3’s date of birth?,Age,not_comparable,high,"These questions address fundamentally different concepts. Question A asks about reasons for school non-attendance during a specific two-week period, while Question B asks for basic demographic information (age and date of birth). Although both questions may involve age-related data, Question A is behavioral/administrative (school attendance reasons) while Question B is purely demographic collection. They cannot be consolidated as they serve entirely different purposes.",no,this week and next week,not specified,related_but_distinct,high,"Question A asks for the reason a named person will not attend school over a specific near-term period (this week and next week) and provides categorical response options about attendance status. Question B asks for age and date of birth (demographic facts) with no attendance or short-term timeframe; age may be related but does not capture attendance reasons like summer break, homeschooling, disability, or enrollment status. Because they measure different specific constructs (attendance reason vs. age/dob), they are related but distinct.",partial,this week and next week,not specified,False
P_0060,FAPS_0054,What is the reason NAME will not attend school this week and next week?  (1) Summer vacation/summer break  (2) Other school break  (3) Home schooled (4) Disabled (5) Not old enough (6) Not enrolled (7) Graduated (8) Other,ACS_0072,Where was this person born?,Age,not_comparable,high,"Question A asks about reasons for school non-attendance in a specific future time period, while Question B asks about birthplace, which is a fixed biographical characteristic. These are entirely different concepts—one addresses school enrollment status/barriers and the other addresses geographic origin. The 'Age' subtopic label appears to be a labeling error, as neither question directly measures age, though Question A implies school-age population.",no,this week and next week,not specified,not_comparable,high,"Question A asks for the reason a person will not attend school during a specific two‑week period (this week and next week) and lists attendance-related categories. Question B asks where the person was born (place of birth/nativity) with no time reference. The two items measure entirely different constructs (school attendance status/reason vs birthplace), so they are not comparable.",no,this week and next week,not specified,True
P_0061,FAPS_0054,What is the reason NAME will not attend school this week and next week?  (1) Summer vacation/summer break  (2) Other school break  (3) Home schooled (4) Disabled (5) Not old enough (6) Not enrolled (7) Graduated (8) Other,ACS_0099,Does this person have any of his/her own grandchildren under the age of 18 living in this house or apartment?,Age,not_comparable,high,"These questions address entirely different concepts despite both relating to age. Question A asks about reasons a specific child will not attend school in a defined future period, while Question B asks whether a respondent has grandchildren under 18 currently living in the household. One concerns school attendance barriers, the other concerns household composition and intergenerational relationships.",no,this week and next week,not specified (current household composition),related_but_distinct,high,"Question A asks why a named person will not attend school during a specific short future period (this week and next week) and provides multiple categorical reasons related to schooling status. Question B asks whether the person has any own grandchildren under 18 currently living in the household (a yes/no household composition question). They touch on age-related concepts but measure different subjects (school attendance status vs presence of grandchildren) and different information, so they are related but distinct.",no,this week and next week,current (living in this house or apartment),False
P_0062,FAPS_0054,What is the reason NAME will not attend school this week and next week?  (1) Summer vacation/summer break  (2) Other school break  (3) Home schooled (4) Disabled (5) Not old enough (6) Not enrolled (7) Graduated (8) Other,ACS_0100,Is this grandparent currently responsible for most of the basic needs of any grandchildren under the age of 18 who live in this house or apartment?,Age,not_comparable,high,"These questions address entirely different concepts: Question A asks about reasons for school non-attendance (educational participation/barriers), while Question B asks about grandparent caregiving responsibility (family structure/household relationships). The subtopic label 'Age' is misleading—Question A uses age as a response category for non-attendance, while Question B uses age as a filter criterion. Despite both involving children, they measure fundamentally different dimensions.",no,this week and next week,currently,related_but_distinct,high,"Question A asks, for a specific named child, the reason the child will not attend school during a defined two-week period (options about enrollment/age/attendance). Question B asks whether a grandparent is currently the primary caregiver for any grandchildren under 18 living in the household. They address different units (child attendance status vs grandparent caregiving), different constructs, and different response formats, so they are related by age/children topic but measure distinct concepts.",no,this week and next week,currently,False
P_0063,FAPS_0075,Have you received benefits from the Supplemental Nutrition Assistance Program in the past 30 days? This program is also known as [FILL IN STATE SNAP NAME] or food stamps and it puts money on an EBT card that you can use to buy food.,ACS_0056,"IN THE PAST 12 MONTHS, did you or any member of this household receive benefits from the Food Stamp Program or SNAP (the Supplemental Nutrition Assistance Program)?",SNAP,reference_period_mismatch,high,"Both questions ask about the same program (SNAP/Food Stamps) with identical core concept and yes/no response format. However, they differ significantly in their time frames: Question A asks about the past 30 days while Question B asks about the past 12 months. This temporal difference means they capture different populations—Question A identifies current recipients while Question B identifies anyone who received benefits at any point during the year, making them non-equivalent measures.",no,past 30 days,past 12 months,reference_period_mismatch,high,"Both questions ask about receipt of SNAP/food stamp benefits, so the core concept is the same, but they use different reference periods (30 days vs 12 months). Additionally, Question A asks about the respondent personally while Question B asks about the respondent or any household member, which further changes the scope of inference. These differences prevent treating them as duplicates despite asking about the same program.",no,past 30 days,past 12 months,True
P_0064,FAPS_0076,Has anyone at this address received benefits from the Supplemental Nutrition Assistance Program in the past 30 days? This program is also known as [FILL IN STATE SNAP NAME] or food stamps and it puts money on an EBT card that you can use to buy food.,ACS_0056,"IN THE PAST 12 MONTHS, did you or any member of this household receive benefits from the Food Stamp Program or SNAP (the Supplemental Nutrition Assistance Program)?",SNAP,reference_period_mismatch,high,"Both questions ask about the same core concept—SNAP/Food Stamp receipt by household members—but with substantially different reference periods (30 days vs. 12 months). This temporal difference means the questions measure different things: Question A captures recent current/ongoing benefit use, while Question B captures any receipt during a longer window. The wording and response formats are otherwise equivalent, but the reference period mismatch prevents them from being treated as duplicates.",partial,past 30 days,past 12 months,reference_period_mismatch,high,"Both questions ask about receipt of SNAP/Food Stamp benefits (yes/no) and are otherwise comparable in wording, but they use different reference periods (30 days vs 12 months). There are minor scope wording differences (""anyone at this address"" vs ""you or any member of this household"") and A includes explanatory text about EBT/state name, but the primary incompatibility is the time-frame difference which changes prevalence estimates. ",no,past 30 days,past 12 months,True
P_0065,FAPS_0077,How many [FILL IN STATE SNAP NAME] EBT cards are issued to people at this address ?,ACS_0056,"IN THE PAST 12 MONTHS, did you or any member of this household receive benefits from the Food Stamp Program or SNAP (the Supplemental Nutrition Assistance Program)?",SNAP,related_but_distinct,high,"While both questions address SNAP participation, they measure fundamentally different things. Question A asks about the number of active EBT cards currently issued at an address (a point-in-time count of administrative records), whereas Question B asks about receipt of SNAP benefits during a 12-month recall period (a household-level participation indicator). Question A's focus on card count rather than participation status, combined with its lack of time reference, makes it distinct from the behavioral/receipt question in B.",partial,not specified,past 12 months,related_but_distinct,high,"Question A asks for the number of EBT cards issued to people at the address (a current/count measure, household-address unit) while Question B asks a yes/no about any household member receiving SNAP/Food Stamp benefits in the past 12 months (a retrospective receipt indicator). They differ in objective (card count vs receipt indicator), response format (numeric count vs binary), and A has no explicit reference period, so they are related by topic but ask different specific things.",no,not specified,past 12 months,True
P_0066,FAPS_0078,You said there is one [FILL IN STATE SNAP NAME] card in this household. Now we will ask about who in the household is assigned to the EBT card. Select the names of the people below that receive [FILL SNAP] benefits together under that EBT card,ACS_0056,"IN THE PAST 12 MONTHS, did you or any member of this household receive benefits from the Food Stamp Program or SNAP (the Supplemental Nutrition Assistance Program)?",SNAP,related_but_distinct,high,"Both questions address SNAP receipt but ask fundamentally different things. Question A assumes SNAP receipt is already confirmed and asks which household members are assigned to a specific EBT card, requiring identification of individuals on that card. Question B is a basic screener asking whether anyone in the household received SNAP benefits in the past 12 months with a yes/no format. Question A is a follow-up/roster question dependent on prior SNAP confirmation, while Question B is an eligibility/receipt question. They serve different survey purposes and cannot substitute for each other.",no,not specified,past 12 months,related_but_distinct,high,"Question A asks which specific household members are assigned to and receive benefits under a particular EBT card (a person-level, card-assignment question, with no explicit time frame). Question B is a household-level yes/no about any receipt of SNAP/Food Stamps in the past 12 months. They address the same program but ask different things (who is on a card vs whether anyone received benefits during a specific period).",no,not specified,past 12 months,True
P_0067,FAPS_0079,You said there are two [FILL IN STATE SNAP NAME] cards in this household. Now we will ask about who in the household is assigned to the two EBT cards. Select the names of the people below that receive [FILL SNAP] benefits together under those two EBT cards.,ACS_0056,"IN THE PAST 12 MONTHS, did you or any member of this household receive benefits from the Food Stamp Program or SNAP (the Supplemental Nutrition Assistance Program)?",SNAP,related_but_distinct,high,"Both questions address SNAP receipt but measure fundamentally different constructs. Question A asks respondents to identify which specific household members are assigned to particular EBT cards (administrative assignment), while Question B asks whether anyone received SNAP benefits in the past 12 months (benefit receipt status). Question A presupposes existing EBT cards and focuses on card-to-person matching, whereas Question B is a simple yes/no screener for any household SNAP participation.",no,not specified,past 12 months,related_but_distinct,high,"Question A asks, at the person level, which household members are assigned to two specific EBT cards (identifying who receives benefits under those cards) and does not specify a time frame. Question B is a household-level yes/no about whether anyone received SNAP benefits in the past 12 months. The unit of analysis (identifying named recipients vs a household-level receipt indicator), response format, and explicit reference period differ, so they are related by topic but ask different things.",no,not specified,past 12 months,True
P_0068,FAPS_0080,You said there are three or more [FILL IN STATE SNAP NAME] cards in this household. Now we will ask about who in the household is assigned to the first three EBT cards. Select the names of the people below that receive [FILL SNAP] benefits together under the first three EBT cards.,ACS_0056,"IN THE PAST 12 MONTHS, did you or any member of this household receive benefits from the Food Stamp Program or SNAP (the Supplemental Nutrition Assistance Program)?",SNAP,related_but_distinct,high,"While both questions address SNAP benefits, they serve fundamentally different purposes. Question B asks a basic yes/no screening question about household SNAP receipt (eligibility/participation), whereas Question A presumes SNAP participation and seeks to identify specific individuals assigned to particular EBT cards (administrative roster details). Question A is an operational/administrative follow-up that only applies when Question B's condition is met, making them sequential rather than equivalent measures.",no,not specified,past 12 months,related_but_distinct,high,"Question A asks, at the person level, which household members are assigned to specific EBT cards (a current/assignment mapping) and uses a name-selection response format. Question B is a household-level yes/no about any receipt of SNAP/Food Stamps in the past 12 months. They address the same topical domain but ask different specific information and use different response formats and time framing.",no,not specified,past 12 months,True
P_0069,FAPS_0081,On what date did [you/you and names of SNAP group 1 from B1ba ] last receive [FILL IN STATE SNAP NAME] benefits?,ACS_0056,"IN THE PAST 12 MONTHS, did you or any member of this household receive benefits from the Food Stamp Program or SNAP (the Supplemental Nutrition Assistance Program)?",SNAP,related_but_distinct,high,"While both questions address SNAP receipt, they measure fundamentally different things. Question A asks for the specific date of the most recent benefit receipt (a point-in-time factual detail), whereas Question B asks whether any receipt occurred within a 12-month period (a yes/no prevalence measure). Question A could identify someone who received benefits years ago, while Question B specifically bounds the timeframe to the past year. These serve different analytical purposes and cannot be directly substituted.",no,"last receipt of benefits (point-in-time, unspecified how far back)",past 12 months,response_format_mismatch,high,"Both ask about receipt of SNAP/Food Stamp benefits, but Question A requests a specific calendar date of last receipt (a date response) while Question B is a yes/no about any receipt within the past 12 months (a bounded reference period). The difference in response format (date vs binary) and the explicit 12-month window in B mean they are not directly equivalent for analysis or prevalence estimates.",no,not specified (asks for the date of last receipt),past 12 months,False
P_0070,FAPS_0082,How many dollars were put on your EBT card the last time you received [FILL IN STATE SNAP NAME] benefits?,ACS_0056,"IN THE PAST 12 MONTHS, did you or any member of this household receive benefits from the Food Stamp Program or SNAP (the Supplemental Nutrition Assistance Program)?",SNAP,related_but_distinct,high,"Both questions address SNAP participation but ask fundamentally different things: Question A asks for a specific dollar amount from a particular benefit deposit (a detailed transaction-level question), while Question B asks only whether any SNAP benefits were received at all during a 12-month period (a yes/no eligibility question). Question A cannot serve as a replacement for Question B because someone who received SNAP could refuse or be unable to recall the specific dollar amount, and the questions target different data needs (benefit amount vs. program participation).",no,"last time benefits were received (specific transaction, timing unspecified)",past 12 months,related_but_distinct,high,"Question A asks for a dollar amount loaded to an individual’s EBT card at the last issuance (an amount and event-level question), while Question B is a household-level yes/no about any receipt of SNAP in the past 12 months. They differ in unit (individual/event vs household), response format (dollar amount vs yes/no), and explicit reference period.",no,last time you received benefits,past 12 months,True
P_0071,FAPS_0084,[Have you/Has anyone at this address] ever received benefits from SNAP?,ACS_0056,"IN THE PAST 12 MONTHS, did you or any member of this household receive benefits from the Food Stamp Program or SNAP (the Supplemental Nutrition Assistance Program)?",SNAP,reference_period_mismatch,high,"Both questions ask about SNAP receipt using identical response formats (yes/no), but they differ fundamentally in their time reference. Question A asks about ever receiving SNAP benefits (lifetime), while Question B asks specifically about receipt in the past 12 months. This temporal difference means they measure different populations and concepts—Question A would include anyone who ever received benefits, while Question B measures current/recent participation.",no,ever (lifetime),past 12 months,reference_period_mismatch,high,"Question A asks whether anyone has ever received SNAP benefits (a lifetime/ever reference), while Question B asks specifically about receipt in the past 12 months. The core concept (receipt of SNAP/Food Stamp benefits) is the same, but the differing reference periods make the measures non-equivalent for prevalence over time.",no,ever (lifetime),past 12 months,True
P_0072,FAPS_0085,Did (you/anyone at this address) receive benefits from SNAP in the last 12 months?,ACS_0056,"IN THE PAST 12 MONTHS, did you or any member of this household receive benefits from the Food Stamp Program or SNAP (the Supplemental Nutrition Assistance Program)?",SNAP,exact_duplicate,high,"Both questions ask about SNAP benefit receipt during an identical 12-month reference period with identical response format (yes/no). Question B provides slightly more explicit language by naming both 'Food Stamp Program' and 'SNAP,' but this is additive clarity rather than a substantive difference. The core concept, time frame, and expected response pattern are functionally equivalent.",yes,last 12 months,past 12 months,exact_duplicate,high,"Both questions ask whether the respondent or any household member/anyone at the address received SNAP/Food Stamp benefits in the same 12-month reference period and imply the same yes/no response format. Wording differs only minimally (""anyone at this address"" vs. ""any member of this household"" and explicit expansion of SNAP in ACS), without changing meaning or scope. ",yes,last 12 months,past 12 months,True
P_0073,FAPS_0086,Select the names of the people below that received benefits from SNAP during the last 12 months.,ACS_0056,"IN THE PAST 12 MONTHS, did you or any member of this household receive benefits from the Food Stamp Program or SNAP (the Supplemental Nutrition Assistance Program)?",SNAP,near_duplicate,high,"Both questions ask about SNAP receipt over an identical 12-month reference period and measure the same concept. The primary difference is that Question A asks respondents to identify specific household members who received benefits (list format), while Question B uses a yes/no household-level format. This structural difference in response collection does not meaningfully alter the underlying concept being measured, as both ultimately capture SNAP participation in the same timeframe.",partial,last 12 months,past 12 months,response_format_mismatch,high,"Both questions ask about SNAP receipt over the same 12-month reference period and the same benefit concept, but Q A elicits person-level identification (select which people) while Q B elicits a household-level yes/no about any member. Because Q B does not identify which household members received benefits, the response formats and units of analysis differ.",no,last 12 months,past 12 months,False
P_0074,FAPS_0087,On what date did [you/someone at this address] last receive benefits from SNAP?,ACS_0056,"IN THE PAST 12 MONTHS, did you or any member of this household receive benefits from the Food Stamp Program or SNAP (the Supplemental Nutrition Assistance Program)?",SNAP,reference_period_mismatch,high,"Both questions ask about SNAP receipt, but they measure fundamentally different things. Question A asks when the respondent last received benefits (a point-in-time reference), while Question B asks whether any receipt occurred within the past 12 months (a period prevalence measure). Question A could identify someone who received SNAP years ago, while Question B identifies current or recent users. These cannot be used interchangeably.",no,Last occurrence (no time bound specified),Past 12 months,related_but_distinct,high,"Question A requests the specific date of the most recent SNAP benefit receipt with no explicit time frame, while Question B asks a yes/no about receipt within the past 12 months. They address the same topic but ask different specific information (a point-in-time date vs a binary 12-month indicator) and thus are not equivalent.",no,not specified (asks for the date of last receipt),past 12 months,False
P_0075,FAPS_0088,How many dollars were put on the SNAP EBT card at that time?,ACS_0056,"IN THE PAST 12 MONTHS, did you or any member of this household receive benefits from the Food Stamp Program or SNAP (the Supplemental Nutrition Assistance Program)?",SNAP,related_but_distinct,high,"Both questions address SNAP benefits but measure fundamentally different constructs. Question A asks for a specific dollar amount loaded on an EBT card at a particular moment, requiring respondent recall of a precise monetary value. Question B asks a yes/no screening question about whether any household member received SNAP benefits during the past year. Question A captures transaction-level detail while Question B captures only program participation status, making them complementary rather than equivalent.",no,not specified (appears to reference a specific point in time),past 12 months,related_but_distinct,high,"Question A asks for a dollar amount loaded onto a SNAP EBT card at a specific event/time (a transaction-level measure), while Question B asks a yes/no whether anyone in the household received SNAP benefits in the past 12 months (a binary, household-level receipt indicator). They differ in unit (amount vs binary), level (transaction/individual vs household-level recall), and reference period (a specific 'that time' event vs past 12 months).",no,not specified,past 12 months,True
P_0076,FAPS_0095,List FEMALE HOUSEHOLD MEMBERS BETWEEN ages 14 AND <53,ACS_0022,What is Person 1’s sex?,Sex,not_comparable,high,"These questions address fundamentally different constructs. Question A asks for a roster of household members filtered by specific demographic criteria (female, age 14-52), which is a household composition/listing task. Question B asks for the sex of a single identified person (Person 1), which is a demographic attribute question. Question A is roster-building; Question B is attribute collection for an already-identified individual.",no,not specified,not specified,related_but_distinct,high,"Question A asks for a household roster filtered to FEMALE members aged 14 to under 53 (household-level, age-restricted, and expects listing of persons). Question B asks for the sex of an individual person (Person 1) with no age restriction and a different response format. While both concern sex, A applies an age filter and operates at the household roster level, so they are not equivalent.",yes,not specified,not specified,False
P_0077,FAPS_0095,List FEMALE HOUSEHOLD MEMBERS BETWEEN ages 14 AND <53,ACS_0028,What is Person 2’s sex?,Sex,not_comparable,high,"Question A asks for identification and enumeration of female household members within a specific age range (14-<53), serving a roster-building or demographic filtering function. Question B asks about the sex of a specific person (Person 2), assuming that person has already been identified. These questions operate at different levels: A screens and lists individuals by sex and age criteria, while B simply records the sex attribute of an already-identified individual.",no,not specified,not specified,related_but_distinct,high,Question A requests an enumeration/filter of household members who are female and within a specific age range (14 to <53). Question B asks for the sex of a single identified person (Person 2) with no age restriction. They address the same general topic (sex) but ask different specific things and use different response formats (a list/filter vs a single categorical response).,partial,not specified,not specified,False
P_0078,FAPS_0095,List FEMALE HOUSEHOLD MEMBERS BETWEEN ages 14 AND <53,ACS_0034,What is Person 3’s sex?,Sex,not_comparable,high,"Question A asks for identification and listing of female household members within a specific age range (14-52), making it a roster/screening question that determines which individuals qualify for subsequent survey modules. Question B asks for the sex of a specific person (Person 3) already identified in the household roster, making it a simple demographic attribute question. These serve fundamentally different purposes: one filters and identifies respondents, the other characterizes an already-identified person.",no,not specified,not specified,related_but_distinct,high,"Question A requests a listing of household members who are FEMALE and within a specific age range (14 to <53), effectively combining sex and age-selection and potentially returning multiple people. Question B simply asks for the sex of a single, identified person (Person 3). The age restriction and the list/selection purpose in A make the intent and output different from the individual sex question in B.",partial,not specified,not specified,False
P_0079,FAPS_0105,Do you use most of your benefits from [FILL IN STATE SNAP NAME] at [Fill store from C1 or at Fill store from C3]?,ACS_0056,"IN THE PAST 12 MONTHS, did you or any member of this household receive benefits from the Food Stamp Program or SNAP (the Supplemental Nutrition Assistance Program)?",SNAP,related_but_distinct,high,"Question A asks WHERE benefits are used (store location), while Question B asks WHETHER benefits were received. These are fundamentally different questions—B establishes SNAP participation status, while A assumes participation and collects behavioral/retail data. Question A's reference period is also unclear (appears to be current/recent usage without explicit timeframe), whereas B explicitly specifies 12 months. They address different constructs despite both relating to SNAP.",no,not specified,past 12 months,related_but_distinct,high,"Question A asks about where (which store) most of a respondent's SNAP benefits are used (usage/location) and does not specify a time frame. Question B asks whether anyone in the household received SNAP benefits in the past 12 months (receipt), a different substantive focus and explicit reference period. The questions therefore address related topic matter (SNAP) but ask distinct pieces of information that are not interchangeable.",no,not specified,past 12 months,True
P_0080,FAPS_0106,Where do you do most of your food shopping when using your benefits from [FILL IN STATE SNAP NAME]?,ACS_0056,"IN THE PAST 12 MONTHS, did you or any member of this household receive benefits from the Food Stamp Program or SNAP (the Supplemental Nutrition Assistance Program)?",SNAP,related_but_distinct,high,"Question A asks WHERE individuals shop when using SNAP benefits (location/retailer type), while Question B asks WHETHER they received SNAP benefits at all (receipt/eligibility). These are fundamentally different constructs: one presupposes SNAP use and seeks behavioral/operational details, while the other establishes SNAP receipt status. Question B is a screening/eligibility question, while Question A is a detailed follow-up question conditional on SNAP use.",no,not specified,past 12 months,related_but_distinct,high,"Question A asks where a respondent shops when using SNAP benefits (a behavioral/location question, conditional on benefit use) and does not specify a time frame. Question B asks a household-level yes/no about receipt of SNAP/Food Stamp benefits in the past 12 months. They address different specific constructs, response formats, and units of analysis (shopping location vs benefit receipt).",no,not specified,past 12 months,True
P_0081,FAPS_0116,How much do you usually pay out of pocket for a single one-way trip to [FILL IN PRIMARY STORE NAME FROM C1],ACS_0094,What is this person’s marital status?,Marital,not_comparable,high,"These questions address entirely different concepts: Question A concerns transportation costs to a grocery store (economic/food access topic), while Question B asks about marital status (demographic characteristic). Despite both being federal survey questions, they have no conceptual overlap whatsoever. The subtopic label 'Marital' appears to be a classification error for this comparison pair.",no,usual/habitual (not specified as past time frame),current/present status (not specified),not_comparable,high,"Question A asks about out-of-pocket cost for a single one-way trip to a specific store (a monetary/transportation question), while Question B asks about the person's marital status (a demographic question). They address entirely different concepts, response types, and measurement goals, so they are not comparable.",no,not specified,not specified,True
P_0082,FAPS_0116,How much do you usually pay out of pocket for a single one-way trip to [FILL IN PRIMARY STORE NAME FROM C1],ACS_0095,In the past 12 MONTHS did this person get  a. Married? b. Widowed? c. Divorced?,Marital,not_comparable,high,"These questions address entirely different topics: Question A concerns transportation costs to a food store (economic/access), while Question B concerns marital status changes (demographic). Despite the subtopic label 'Marital' appearing to apply to Question B only, there is no conceptual overlap between the two questions. They measure different constructs with different reference periods and response formats.",no,not specified (habitual: 'usually'),past 12 months,not_comparable,high,"Question A asks about the usual out-of-pocket dollar amount for a one-way trip to a primary store (transportation/expense measure), while Question B asks whether the person experienced a marital status change (married/widowed/divorced) in the past 12 months. They address entirely different constructs, use different response formats (a monetary amount vs. categorical yes/no events), and thus cannot be compared as measures of the same concept.",no,not specified,past 12 months,True
P_0083,FAPS_0116,How much do you usually pay out of pocket for a single one-way trip to [FILL IN PRIMARY STORE NAME FROM C1],ACS_0096,How many times has this person been married?,Marital,not_comparable,high,"These questions address entirely different concepts and populations. Question A asks about transportation costs to a grocery store (a household economic measure related to food access), while Question B asks about marital history (a demographic characteristic). They are from different surveys with different purposes and measure unrelated constructs. The subtopic designation of 'Marital' appears to be an error, as Question A has no marital relevance.",no,usual/habitual (not specified as to time frame),lifetime,not_comparable,high,"The two questions measure entirely different constructs: Question A asks about the typical out-of-pocket dollar cost for a single one-way trip to a store, while Question B asks for the number of times a person has been married. They differ in topic, units (dollar amount vs. count), and reference frame, so they are not comparable.",no,not specified (asks about usual/typical cost),lifetime / ever (to date),True
P_0084,FAPS_0116,How much do you usually pay out of pocket for a single one-way trip to [FILL IN PRIMARY STORE NAME FROM C1],ACS_0097,In what year did this person last get married?,Marital,not_comparable,high,"Question A asks about out-of-pocket transportation costs to a grocery store, while Question B asks about marital history. These are entirely different concepts with no substantive overlap. The SUBTOPIC label of 'Marital' appears to be a classification error, as Question A contains no marital-related content whatsoever.",no,not specified (habitual: 'usually'),lifetime event (last occurrence),not_comparable,high,"The two questions concern entirely different domains: Question A asks about typical out-of-pocket spending for a shopping trip, while Question B asks for the calendar year of the respondent's most recent marriage. They differ in substantive concept and response format (dollar amount vs. year), so they are not comparable.",no,not specified (asks about usual/typical amount),year of last marriage (asks for the calendar year when the person last got married),True
P_0085,FAPS_0304,"On what date did you last receive benefits from SNAP? This program used to be called food stamps and, in your state, it is called [FILL IN STATE SNAP NAME]. It puts money on a SNAP EBT card that you can use to buy food",ACS_0056,"IN THE PAST 12 MONTHS, did you or any member of this household receive benefits from the Food Stamp Program or SNAP (the Supplemental Nutrition Assistance Program)?",SNAP,reference_period_mismatch,high,"Both questions ask about SNAP receipt and use similar terminology/state-specific naming conventions, but differ fundamentally in time frame. Question A asks when benefits were 'last received' without specifying a lookback period, potentially capturing distant historical receipt, while Question B explicitly asks about receipt in the past 12 months. This temporal difference means they could yield substantially different prevalence estimates and are not interchangeable.",no,last receipt of benefits (lifetime/unspecified lookback),past 12 months,related_but_distinct,high,"Question A asks for the exact date the respondent last received SNAP (individual-level, open-ended timeframe), while Question B asks a household-level yes/no about receipt within the past 12 months. They also differ in response format (date vs binary) and unit of analysis (individual vs any household member), so they capture different specific information.",no,not specified (asks for date of last receipt),past 12 months,False
P_0086,FAPS_0305,How many dollars were put on your SNAP EBT card the last time you received SNAP benefits?,ACS_0056,"IN THE PAST 12 MONTHS, did you or any member of this household receive benefits from the Food Stamp Program or SNAP (the Supplemental Nutrition Assistance Program)?",SNAP,response_format_mismatch,high,"Both questions address SNAP receipt, but they measure fundamentally different constructs. Question A asks for a specific dollar amount from the most recent benefit issuance, while Question B asks only whether any SNAP benefits were received in the past year (yes/no). Question A provides continuous data on benefit levels among recipients, whereas Question B provides binary participation status. The reference periods also differ—Question A focuses on the last transaction while Question B covers a full year.",no,last time received SNAP benefits,past 12 months,response_format_mismatch,high,"Question A asks for a dollar amount loaded to an individual's SNAP EBT card at the most recent issuance (numeric, event-based), while Question B is a household-level yes/no about any receipt of SNAP in the past 12 months. They measure related SNAP participation but differ fundamentally in response format (dollar amount vs binary) and also differ in reference framing (event-based vs 12-month period).",no,"the last time you received SNAP benefits (event-based, not a fixed calendar period)",past 12 months,True
P_0087,FAPS_0322,Keep track of the foods and drinks that children age 13 and under in your household got?,ACS_0023,What is Person 1’s age and what is Person 1’s date of birth?,Age,not_comparable,high,"Question A asks respondents to track foods and drinks consumed by children as a behavioral monitoring task, while Question B requests basic demographic/identifying information (age and date of birth). These are fundamentally different question types: one measures dietary behavior/intake, the other collects identifying characteristics. They are not alternative ways of measuring the same construct.",no,not specified (ongoing tracking),not specified (static demographic),related_but_distinct,high,"Question A asks whether the respondent will keep track of foods and drinks given to children age 13 and under (using age as an eligibility criterion and asking about a tracking behavior), whereas Question B requests a person's age and date of birth (demographic facts). They share the general topic of age but ask fundamentally different constructs and elicit different response types.",no,not specified,not specified,False
P_0088,FAPS_0322,Keep track of the foods and drinks that children age 13 and under in your household got?,ACS_0029,What is Person 2’s age and what is Person 2’s date of birth?,Age,not_comparable,high,"Question A asks respondents to track food and drink consumption for children age 13 and under, focusing on dietary behavior data collection. Question B asks for basic demographic information (age and date of birth) for a specific household member. These are fundamentally different concepts: one is about food/beverage tracking behavior while the other is about collecting identifying demographic data. The age reference in Question A is a filter criterion for who to track, not the actual question being asked.",no,not specified,not specified,related_but_distinct,high,"Question A asks respondents to track foods and drinks received by children (a behavioral/consumption data collection prompt using an age cutoff), while Question B asks for a person’s age and date of birth (demographic information). They share the general topic of age only insofar as A uses an age-based eligibility criterion; they ask different substantive things and use different response formats.",no,not specified,current (at time of interview),False
P_0089,FAPS_0322,Keep track of the foods and drinks that children age 13 and under in your household got?,ACS_0035,What is Person 3’s age and what is Person 3’s date of birth?,Age,not_comparable,high,"Question A asks about tracking foods and drinks consumed by children, focusing on dietary behavior/intake data collection. Question B asks for basic demographic identification (age and date of birth). While both relate to 'age' as a subtopic, they serve fundamentally different purposes: one measures consumption patterns for children in a household, the other establishes individual demographic identity. These are distinct concepts despite both involving age information.",no,not specified (implied ongoing/current household),not specified (static demographic fact),related_but_distinct,high,"Question A asks about tracking foods and drinks received by children (a behavioral/food-acquisition measure that only references age group), whereas Question B requests a respondent’s numeric age and date of birth (demographic data). They share the surface element of age but measure entirely different constructs and response types, so they are distinct.",no,not specified,not specified,False
P_0090,FAPS_0322,Keep track of the foods and drinks that children age 13 and under in your household got?,ACS_0072,Where was this person born?,Age,not_comparable,high,"These questions address entirely different concepts and have no meaningful overlap. Question A asks about food/drink tracking for children under 13 (food security/consumption behavior), while Question B asks about birthplace (demographic characteristic). The only superficial connection is that both relate to people, but they measure fundamentally different constructs with no logical relationship.",no,not specified,not specified,not_comparable,high,"Question A asks about tracking foods and drinks received by children (a behavioral/feeding/household food-tracking construct, explicitly limited to children age 13 and under). Question B asks about a person's place of birth (a nativity/demographic construct). The topics, intent, and information collected are entirely different, so they cannot be treated as equivalent.",no,not specified,not specified,True
P_0091,FAPS_0322,Keep track of the foods and drinks that children age 13 and under in your household got?,ACS_0099,Does this person have any of his/her own grandchildren under the age of 18 living in this house or apartment?,Age,not_comparable,high,"These questions address fundamentally different concepts despite both involving age-related household relationships. Question A asks about tracking food/drink consumption for children age 13 and under (a dietary monitoring question), while Question B asks about grandchildren under 18 living in the household (a family structure/relationship question). The age thresholds differ (13 vs 18), the relationship types differ (any children vs grandchildren specifically), and the underlying purposes are entirely distinct.",no,not specified,not specified,related_but_distinct,high,"Question A asks about the act of keeping track of foods and drinks given to children aged 13 and under in the household, whereas Question B asks whether the respondent has any of their own grandchildren under age 18 living in the dwelling. They differ on the measured behavior (tracking food vs presence), the relationship (any children in household vs own grandchildren), and the age thresholds (13 vs 18).",no,not specified,not specified,False
P_0092,FAPS_0322,Keep track of the foods and drinks that children age 13 and under in your household got?,ACS_0100,Is this grandparent currently responsible for most of the basic needs of any grandchildren under the age of 18 who live in this house or apartment?,Age,not_comparable,high,"These questions address fundamentally different concepts. Question A asks about tracking food/drink consumption of children 13 and under (a dietary/nutrition survey), while Question B asks about grandparent caregiving responsibility for grandchildren under 18 (a household relationship/dependency survey). The age ranges differ (≤13 vs <18), the populations differ (all children in household vs specifically grandchildren), and the underlying constructs differ (food access/consumption vs caregiving responsibility).",no,not specified (ongoing tracking),currently,related_but_distinct,high,"The questions address different concepts: A asks about recording foods/drinks received by children (behavior of tracking dietary intake) for children age 13 and under, while B asks whether a grandparent is currently the primary caregiver for grandchildren under 18 (care responsibility). They also differ in target population (children generally vs grandchildren specifically) and age cutoffs (13 vs 18), so they are not equivalent.",no,not specified,current,False
P_0093,FAPS_0323,Record the foods and drinks that children age 13 and under in your household got?,ACS_0023,What is Person 1’s age and what is Person 1’s date of birth?,Age,not_comparable,high,"Question A asks about foods and drinks consumed by children (a dietary behavior/intake measure), while Question B asks for basic demographic identification information (age and date of birth). These are fundamentally different concepts—one measures consumption patterns and the other collects identity/demographic data. The fact that both mention age is superficial; Question A uses age as a filter for eligibility (children 13 and under), while Question B seeks age as a demographic attribute.",no,not specified,not specified,related_but_distinct,high,"Question A asks about foods and drinks received by household children age 13 and under (a behavioral/consumption item targeting a subgroup defined by age). Question B collects demographic data (current age and date of birth) for a specific person. Although both mention age, they address different substantive concepts and purposes, so they are related by topic but distinct in content.",no,not specified,not specified,False
P_0094,FAPS_0323,Record the foods and drinks that children age 13 and under in your household got?,ACS_0029,What is Person 2’s age and what is Person 2’s date of birth?,Age,not_comparable,high,"These questions measure fundamentally different constructs. Question A asks about food/beverage consumption behavior for children in a household, while Question B asks for demographic identification data (age and date of birth). Question A is a dietary/consumption question with an implicit recent time reference, while Question B is a static demographic identifier. They share only the superficial element of 'age' as a subtopic but serve entirely different survey purposes.",no,not specified,not specified,related_but_distinct,high,"Question A asks about foods and drinks received by household children (a behavioral/consumption item that references an age group), while Question B asks for an individual’s age and date of birth (a demographic item). They address different constructs — food receipt versus demographic attributes — though A uses an age cutoff that B would supply. Because B does not capture the food/consumption information, the questions are distinct.",partial,not specified,not specified,False
P_0095,FAPS_0323,Record the foods and drinks that children age 13 and under in your household got?,ACS_0035,What is Person 3’s age and what is Person 3’s date of birth?,Age,not_comparable,high,"These questions measure fundamentally different concepts. Question A asks about food and drink consumption/access for children under 13, while Question B asks for demographic identifiers (age and date of birth) for a specific person. Question A is about food security/dietary behavior, while Question B is basic demographic enumeration. Despite both referencing age in the subtopic, they serve entirely different survey purposes.",no,not specified,not specified,related_but_distinct,high,"Question A asks about foods and drinks obtained by children aged 13 and under (a consumption/food-record variable with an age-based qualifier), while Question B asks for a person’s age and date of birth (a demographic variable). They address different constructs (dietary receipt vs. age/DOB) and are not interchangeable.",no,not specified,not specified,False
P_0096,FAPS_0323,Record the foods and drinks that children age 13 and under in your household got?,ACS_0072,Where was this person born?,Age,not_comparable,high,"These questions address completely different concepts and cannot be compared for equivalence. Question A asks about food and beverage consumption by children in a household (a dietary/food security measure), while Question B asks about place of birth (a demographic characteristic). The only superficial connection is that both could involve information about children/persons, but they measure entirely different domains with no semantic overlap.",no,not specified,not specified,not_comparable,high,"Question A asks for a record of foods and drinks obtained for children (a dietary/household food inventory for children age 13 and under), whereas Question B asks about a person's place of birth (nativity). They measure entirely different constructs, target different subjects (children in household vs an individual 'this person'), and would use different response formats, so they are not comparable.",no,not specified,not specified,True
P_0097,FAPS_0323,Record the foods and drinks that children age 13 and under in your household got?,ACS_0099,Does this person have any of his/her own grandchildren under the age of 18 living in this house or apartment?,Age,not_comparable,high,"These questions address fundamentally different concepts despite both involving age parameters. Question A asks about foods/drinks consumed by children under 13 in the household (dietary behavior data), while Question B asks about the presence of grandchildren under 18 as a relationship/living situation question. They target different populations, collect different data types, and serve different analytical purposes.",no,not specified,not specified,related_but_distinct,high,"The two questions address different substantive concepts: Question A asks about foods and drinks obtained for children (consumption/food-record data) while Question B asks whether a person has grandchildren under 18 living in the household (relationship/residence). They also differ in the age cutoff (13 and under vs under 18) and in unit of analysis (children in household generally vs respondent's grandchildren), so they are not equivalent.",no,not specified,not specified,False
P_0098,FAPS_0323,Record the foods and drinks that children age 13 and under in your household got?,ACS_0100,Is this grandparent currently responsible for most of the basic needs of any grandchildren under the age of 18 who live in this house or apartment?,Age,not_comparable,high,"These questions address fundamentally different concepts. Question A asks about food and beverage consumption records for children under 13, focusing on dietary intake data collection. Question B asks whether a grandparent is responsible for meeting basic needs of grandchildren under 18, focusing on caregiving responsibility. While both mention children/age groups, they measure entirely different constructs (food consumption vs. caregiving responsibility) and serve different survey purposes.",no,not specified,currently,related_but_distinct,high,"Question A asks about foods and drinks received by children age 13 and under (a dietary/food acquisition measure) with no stated timeframe, while Question B asks whether a grandparent is currently responsible for most basic needs of grandchildren under 18 (a caregiving/household responsibility question). They differ in construct (food receipt vs caregiver responsibility), population (children generally age ≤13 vs grandchildren specifically <18), and the age cutoffs, so they are related by topic (children/age) but ask distinct things.",no,not specified,current/present,False
P_0099,FAPS_0341,"[Do you/Does your household] shop for food depending on when you receive income or food assistance benefits (WIC, [Insert State SNAP Name], etc.)?",ACS_0056,"IN THE PAST 12 MONTHS, did you or any member of this household receive benefits from the Food Stamp Program or SNAP (the Supplemental Nutrition Assistance Program)?",SNAP,related_but_distinct,high,"While both questions address SNAP/food assistance, they measure fundamentally different constructs. Question A asks about shopping *behavior* conditional on benefit receipt timing (a behavioral/budgeting pattern), whereas Question B asks about *receipt* of benefits themselves (a eligibility/participation measure). Question A could apply to non-recipients who time purchases around paychecks, while Question B captures actual program participation. These serve different analytical purposes despite both relating to SNAP.",no,not specified (implies ongoing/current behavior),past 12 months,related_but_distinct,high,"Question A asks about a household's shopping behavior tied to the timing of receiving income or food-assistance benefits (and mentions multiple programs), whereas Question B simply asks whether anyone received SNAP benefits in the past 12 months. The concepts differ (behavioral dependence on benefit timing versus receipt of a specific program) and Question B is time-bounded while A has no reference period, so they are related but not equivalent.",no,not specified,past 12 months,True
P_0100,FAPS_0342,Did [you/your household] receive any benefits from [State SNAP name] during the [insert number of day fill] day Food Log period?,ACS_0056,"IN THE PAST 12 MONTHS, did you or any member of this household receive benefits from the Food Stamp Program or SNAP (the Supplemental Nutrition Assistance Program)?",SNAP,reference_period_mismatch,high,"Both questions ask the identical core concept—whether the respondent/household received SNAP benefits—with identical response format (yes/no). However, they differ fundamentally in reference periods: Question A asks about a specific short Food Log period (days), while Question B asks about the entire past 12 months. This temporal difference means they measure different phenomena and would yield different prevalence estimates.",no,Food Log period (typically 7 days or other specified short interval),past 12 months,reference_period_mismatch,high,"Both questions ask whether the household/person received SNAP benefits, so they share the same core concept. However Question A is limited to a specific short Food Log period (a defined number of days) while Question B asks about any receipt in the past 12 months, creating a clear reference-period mismatch that prevents direct equivalence. Because receipt over 12 months does not reliably indicate receipt during the brief Food Log window (and vice versa), the items are not interchangeable.",partial,the [insert number of day fill] day Food Log period,the past 12 months,True
P_0101,FAPS_0343,[If Yes to D2] On what date did [you/your household] last receive benefits from [State SNAP name]?,ACS_0056,"IN THE PAST 12 MONTHS, did you or any member of this household receive benefits from the Food Stamp Program or SNAP (the Supplemental Nutrition Assistance Program)?",SNAP,reference_period_mismatch,high,"Both questions ask about SNAP receipt, but they measure fundamentally different things: Question A asks for the specific date of the most recent benefit receipt (a point-in-time measure), while Question B asks whether the household received any benefits during the past 12 months (a period prevalence measure). Question A provides no temporal constraint on how far back the 'last' receipt occurred, making it impossible to determine if it falls within a comparable timeframe to Question B's 12-month window.",partial,"last receipt of benefits (point-in-time, unspecified lookback period)",past 12 months,reference_period_mismatch,high,"Question A requests the specific date of last SNAP receipt with no explicit reference period, while Question B asks a yes/no about receipt within the past 12 months. They therefore differ in the temporal window being measured; additionally, A elicits a date (more granular) whereas B is a binary measure. These differences make them non-equivalent for direct replacement.",no,not specified (asks for date of last receipt),past 12 months,True
P_0102,FAPS_0344,If Yes to D2] How much did [you/your household] receive from [State SNAP name] during the [insert number of day fill] day Food Log period?,ACS_0056,"IN THE PAST 12 MONTHS, did you or any member of this household receive benefits from the Food Stamp Program or SNAP (the Supplemental Nutrition Assistance Program)?",SNAP,response_format_mismatch,high,"Both questions ask about SNAP receipt, but they differ fundamentally in what they measure: Question A asks for a dollar amount received during a short food log period (typically 7 days), while Question B asks a yes/no question about whether any SNAP benefits were received in the past 12 months. Additionally, the reference periods differ substantially (short-term specific days vs. 12-month period), making these questions complementary rather than equivalent.",no,[insert number of day fill] day Food Log period (typically 7 days),past 12 months,response_format_mismatch,high,"Both questions concern SNAP/food stamp benefits, but Question A asks for an amount received during a specific short Food Log period (dollar/quantity), while Question B asks a yes/no about any household receipt in the past 12 months. Thus they differ primarily in response format (numeric amount vs binary) and also differ in reference period length.",no,the [insert number of day fill] day Food Log period (specified short reporting period),the past 12 months,True
P_0103,FAPS_0372,Do you think that receiving a single daily reminder was the right number of reminders?,ACS_0094,What is this person’s marital status?,Marital,not_comparable,high,"These questions measure entirely different concepts despite being paired under 'Marital' as a subtopic. Question A asks about satisfaction with reminder frequency for a specific intervention (FoodAPS program), while Question B asks about current marital status (ACS). There is no conceptual overlap between satisfaction with program reminders and marital status classification.",no,not specified,not specified,not_comparable,high,"Question A asks about the appropriateness of receiving a single daily reminder (notifications/satisfaction about reminder frequency). Question B asks about a person's marital status (demographic characteristic). They measure entirely different constructs and have no overlap in meaning, reference period, or response format.",no,not specified,not specified,True
P_0104,FAPS_0372,Do you think that receiving a single daily reminder was the right number of reminders?,ACS_0095,In the past 12 MONTHS did this person get  a. Married? b. Widowed? c. Divorced?,Marital,not_comparable,high,"These questions address completely different concepts and populations. Question A asks about the appropriateness of reminder frequency related to a specific intervention (FoodAPS program), while Question B asks about marital status changes for any individual. Question A is about a program experience/evaluation, while Question B is demographic data collection. They share no meaningful conceptual overlap despite both potentially appearing in household surveys.",no,not specified (appears to be immediate/single event),past 12 months,not_comparable,high,"Question A asks about satisfaction with the number of daily reminders (a usability/satisfaction question), while Question B asks about marital events/status over the past 12 months. They address entirely different constructs (reminder feedback vs. marital history), so they are not comparable.",no,not specified,past 12 months,True
P_0105,FAPS_0372,Do you think that receiving a single daily reminder was the right number of reminders?,ACS_0096,How many times has this person been married?,Marital,not_comparable,high,"Question A asks about satisfaction with the number of reminders received in a specific program context (FoodAPS), while Question B asks about a demographic fact regarding lifetime marital history. Despite the assigned subtopic of 'Marital,' these questions address entirely different concepts: one measures user satisfaction with notification frequency in a food assistance program, the other measures a basic demographic characteristic. They share no meaningful conceptual overlap.",no,not specified,lifetime,not_comparable,high,"Question A asks about the perceived appropriateness of the number of daily reminders (a notification/preferences construct), while Question B asks for the number of times a person has been married (marital history). They address entirely different concepts and response domains, so they are not comparable for consolidation or harmonization.",no,not specified,lifetime,True
P_0106,FAPS_0372,Do you think that receiving a single daily reminder was the right number of reminders?,ACS_0097,In what year did this person last get married?,Marital,not_comparable,high,"These questions address fundamentally different concepts despite both being federal surveys. Question A asks about respondent satisfaction with the frequency of reminders received in what appears to be a food assistance program intervention study (FoodAPS), while Question B asks for a factual demographic detail about marital history (year of last marriage). They share no common construct or measurement intent.",no,not specified,not specified,not_comparable,high,"Question A asks about a respondent's opinion on the number of daily reminders (a survey implementation/notification question), while Question B asks for the calendar year of a person's most recent marriage (marital history). They measure entirely different constructs, so they are not comparable.",no,not specified,year of last marriage,True
P_0107,FAPS_0458,How much did you /[Fill name] pay with the SNAP EBT card?,ACS_0056,"IN THE PAST 12 MONTHS, did you or any member of this household receive benefits from the Food Stamp Program or SNAP (the Supplemental Nutrition Assistance Program)?",SNAP,related_but_distinct,high,"Question A asks for a specific dollar amount paid with SNAP EBT card (behavioral/transactional data), while Question B asks whether the household received any SNAP benefits at all (yes/no eligibility/receipt data). These are fundamentally different questions: one measures spending amount, the other measures program participation. Question A also lacks a specified time period, making temporal comparison difficult.",no,not specified,past 12 months,related_but_distinct,high,"Question A asks for a monetary amount paid with a SNAP EBT card (usage/spending), while Question B asks a yes/no about whether anyone in the household received SNAP benefits in the past 12 months. They differ in measurement type (dollar amount vs binary receipt), unit of analysis (individual cardholder vs any household member) and B explicitly includes a 12-month reference period that A does not specify.",no,not specified,past 12 months,True
