pair_id,survey_q_id,survey_text,acs_q_id,acs_text,subtopic
CPS_0000,CPS_6,(What are the names of all persons living or staying here? / What is the name of the next person,ACS_19,How many people are living or staying at this address?,Population
CPS_0001,CPS_6,(What are the names of all persons living or staying here? / What is the name of the next person,ACS_20,Please print today’s date.,Population
CPS_0002,CPS_10,Are there any other persons 15 years old or older now living or staying there? (Who have not been listed.) How many other?,ACS_19,How many people are living or staying at this address?,Population
CPS_0003,CPS_10,Are there any other persons 15 years old or older now living or staying there? (Who have not been listed.) How many other?,ACS_20,Please print today’s date.,Population
CPS_0004,CPS_11,I have listed . . . READ NAMES Have I missed any babies or small children?,ACS_19,How many people are living or staying at this address?,Population
CPS_0005,CPS_11,I have listed . . . READ NAMES Have I missed any babies or small children?,ACS_20,Please print today’s date.,Population
CPS_0006,CPS_12,"Have I missed anyone who usually lives here but is away now -traveling, at school, or in a hospital?",ACS_19,How many people are living or staying at this address?,Population
CPS_0007,CPS_12,"Have I missed anyone who usually lives here but is away now -traveling, at school, or in a hospital?",ACS_20,Please print today’s date.,Population
CPS_0008,CPS_31,"Since our last interview, has any household member had any changes in his or her Marital Status?",ACS_90,What is this person’s marital status?,Marital Status
CPS_0009,CPS_31,"Since our last interview, has any household member had any changes in his or her Marital Status?",ACS_91,In the past 12 MONTHS did this person get  a. Married? b. Widowed? c. Divorced?,Marital Status
CPS_0010,CPS_31,"Since our last interview, has any household member had any changes in his or her Marital Status?",ACS_92,How many times has this person been married?,Marital Status
CPS_0011,CPS_31,"Since our last interview, has any household member had any changes in his or her Marital Status?",ACS_93,In what year did this person last get married?,Marital Status
CPS_0012,CPS_32,"(Are / Is) (name/you) now married, widowed, divorced, separated or never married?",ACS_90,What is this person’s marital status?,Marital Status
CPS_0013,CPS_32,"(Are / Is) (name/you) now married, widowed, divorced, separated or never married?",ACS_91,In the past 12 MONTHS did this person get  a. Married? b. Widowed? c. Divorced?,Marital Status
CPS_0014,CPS_32,"(Are / Is) (name/you) now married, widowed, divorced, separated or never married?",ACS_92,How many times has this person been married?,Marital Status
CPS_0015,CPS_32,"(Are / Is) (name/you) now married, widowed, divorced, separated or never married?",ACS_93,In what year did this person last get married?,Marital Status
CPS_0016,CPS_105,How many hours per week (do/does) (name/you) USUALLY work at (your/his/her) (job?/ main job?),ACS_6,How many hours do you usually work per week at this rate?,"Hours/Week, Weeks/Year"
CPS_0017,CPS_105,How many hours per week (do/does) (name/you) USUALLY work at (your/his/her) (job?/ main job?),ACS_7,How many hours do you usually work per week at this rate?,"Hours/Week, Weeks/Year"
CPS_0018,CPS_105,How many hours per week (do/does) (name/you) USUALLY work at (your/his/her) (job?/ main job?),ACS_10,How many hours do you usually work per week at this rate?,"Hours/Week, Weeks/Year"
CPS_0019,CPS_105,How many hours per week (do/does) (name/you) USUALLY work at (your/his/her) (job?/ main job?),ACS_11,How many hours do you usually work per week at this rate?,"Hours/Week, Weeks/Year"
CPS_0020,CPS_105,How many hours per week (do/does) (name/you) USUALLY work at (your/his/her) (job?/ main job?),ACS_12,What is your best estimate of the number of hours per week you usually work at this rate?,"Hours/Week, Weeks/Year"
CPS_0021,CPS_105,How many hours per week (do/does) (name/you) USUALLY work at (your/his/her) (job?/ main job?),ACS_115,"During the PAST 12 MONTHS (52 weeks), did this person work EVERY week? Count paid vacation, paid sick leave, and military service as work","Hours/Week, Weeks/Year"
CPS_0022,CPS_105,How many hours per week (do/does) (name/you) USUALLY work at (your/his/her) (job?/ main job?),ACS_116,"During the PAST 12 MONTHS (52 weeks), how many WEEKS did this person work? Include paid time off and include weeks when the person only worked for a few hours.","Hours/Week, Weeks/Year"
CPS_0023,CPS_105,How many hours per week (do/does) (name/you) USUALLY work at (your/his/her) (job?/ main job?),ACS_117,"During the PAST 12 MONTHS, in the WEEKS WORKED, how many hours did this person usually work each WEEK?","Hours/Week, Weeks/Year"
CPS_0024,CPS_106,How many hours per week (do/does) (you/he/she) USUALLY work at (your/his/her) other (job/ jobs)?,ACS_6,How many hours do you usually work per week at this rate?,"Hours/Week, Weeks/Year"
CPS_0025,CPS_106,How many hours per week (do/does) (you/he/she) USUALLY work at (your/his/her) other (job/ jobs)?,ACS_7,How many hours do you usually work per week at this rate?,"Hours/Week, Weeks/Year"
CPS_0026,CPS_106,How many hours per week (do/does) (you/he/she) USUALLY work at (your/his/her) other (job/ jobs)?,ACS_10,How many hours do you usually work per week at this rate?,"Hours/Week, Weeks/Year"
CPS_0027,CPS_106,How many hours per week (do/does) (you/he/she) USUALLY work at (your/his/her) other (job/ jobs)?,ACS_11,How many hours do you usually work per week at this rate?,"Hours/Week, Weeks/Year"
CPS_0028,CPS_106,How many hours per week (do/does) (you/he/she) USUALLY work at (your/his/her) other (job/ jobs)?,ACS_12,What is your best estimate of the number of hours per week you usually work at this rate?,"Hours/Week, Weeks/Year"
CPS_0029,CPS_106,How many hours per week (do/does) (you/he/she) USUALLY work at (your/his/her) other (job/ jobs)?,ACS_115,"During the PAST 12 MONTHS (52 weeks), did this person work EVERY week? Count paid vacation, paid sick leave, and military service as work","Hours/Week, Weeks/Year"
CPS_0030,CPS_106,How many hours per week (do/does) (you/he/she) USUALLY work at (your/his/her) other (job/ jobs)?,ACS_116,"During the PAST 12 MONTHS (52 weeks), how many WEEKS did this person work? Include paid time off and include weeks when the person only worked for a few hours.","Hours/Week, Weeks/Year"
CPS_0031,CPS_106,How many hours per week (do/does) (you/he/she) USUALLY work at (your/his/her) other (job/ jobs)?,ACS_117,"During the PAST 12 MONTHS, in the WEEKS WORKED, how many hours did this person usually work each WEEK?","Hours/Week, Weeks/Year"
CPS_0032,CPS_107,(Do / Does) (you/he/she) usually work 35 hours or more per week (at (your/his/her) job/in the family business/ at all (your/his/her) jobs combined)?,ACS_6,How many hours do you usually work per week at this rate?,"Hours/Week, Weeks/Year"
CPS_0033,CPS_107,(Do / Does) (you/he/she) usually work 35 hours or more per week (at (your/his/her) job/in the family business/ at all (your/his/her) jobs combined)?,ACS_7,How many hours do you usually work per week at this rate?,"Hours/Week, Weeks/Year"
CPS_0034,CPS_107,(Do / Does) (you/he/she) usually work 35 hours or more per week (at (your/his/her) job/in the family business/ at all (your/his/her) jobs combined)?,ACS_10,How many hours do you usually work per week at this rate?,"Hours/Week, Weeks/Year"
CPS_0035,CPS_107,(Do / Does) (you/he/she) usually work 35 hours or more per week (at (your/his/her) job/in the family business/ at all (your/his/her) jobs combined)?,ACS_11,How many hours do you usually work per week at this rate?,"Hours/Week, Weeks/Year"
CPS_0036,CPS_107,(Do / Does) (you/he/she) usually work 35 hours or more per week (at (your/his/her) job/in the family business/ at all (your/his/her) jobs combined)?,ACS_12,What is your best estimate of the number of hours per week you usually work at this rate?,"Hours/Week, Weeks/Year"
CPS_0037,CPS_107,(Do / Does) (you/he/she) usually work 35 hours or more per week (at (your/his/her) job/in the family business/ at all (your/his/her) jobs combined)?,ACS_115,"During the PAST 12 MONTHS (52 weeks), did this person work EVERY week? Count paid vacation, paid sick leave, and military service as work","Hours/Week, Weeks/Year"
CPS_0038,CPS_107,(Do / Does) (you/he/she) usually work 35 hours or more per week (at (your/his/her) job/in the family business/ at all (your/his/her) jobs combined)?,ACS_116,"During the PAST 12 MONTHS (52 weeks), how many WEEKS did this person work? Include paid time off and include weeks when the person only worked for a few hours.","Hours/Week, Weeks/Year"
CPS_0039,CPS_107,(Do / Does) (you/he/she) usually work 35 hours or more per week (at (your/his/her) job/in the family business/ at all (your/his/her) jobs combined)?,ACS_117,"During the PAST 12 MONTHS, in the WEEKS WORKED, how many hours did this person usually work each WEEK?","Hours/Week, Weeks/Year"
CPS_0040,CPS_111,"Now I have some questions about the exact number of hours (name/you) worked (THE WEEK BEFORE LAST/LAST WEEK). (THE WEEK BEFORE LAST/LAST WEEK), did (you/he/she) lose or take off any hours from ((his/her) MAIN job/work), for ANY reason such as illness, slack work, vacation, or holiday?",ACS_6,How many hours do you usually work per week at this rate?,"Hours/Week, Weeks/Year"
CPS_0041,CPS_111,"Now I have some questions about the exact number of hours (name/you) worked (THE WEEK BEFORE LAST/LAST WEEK). (THE WEEK BEFORE LAST/LAST WEEK), did (you/he/she) lose or take off any hours from ((his/her) MAIN job/work), for ANY reason such as illness, slack work, vacation, or holiday?",ACS_7,How many hours do you usually work per week at this rate?,"Hours/Week, Weeks/Year"
CPS_0042,CPS_111,"Now I have some questions about the exact number of hours (name/you) worked (THE WEEK BEFORE LAST/LAST WEEK). (THE WEEK BEFORE LAST/LAST WEEK), did (you/he/she) lose or take off any hours from ((his/her) MAIN job/work), for ANY reason such as illness, slack work, vacation, or holiday?",ACS_10,How many hours do you usually work per week at this rate?,"Hours/Week, Weeks/Year"
CPS_0043,CPS_111,"Now I have some questions about the exact number of hours (name/you) worked (THE WEEK BEFORE LAST/LAST WEEK). (THE WEEK BEFORE LAST/LAST WEEK), did (you/he/she) lose or take off any hours from ((his/her) MAIN job/work), for ANY reason such as illness, slack work, vacation, or holiday?",ACS_11,How many hours do you usually work per week at this rate?,"Hours/Week, Weeks/Year"
CPS_0044,CPS_111,"Now I have some questions about the exact number of hours (name/you) worked (THE WEEK BEFORE LAST/LAST WEEK). (THE WEEK BEFORE LAST/LAST WEEK), did (you/he/she) lose or take off any hours from ((his/her) MAIN job/work), for ANY reason such as illness, slack work, vacation, or holiday?",ACS_12,What is your best estimate of the number of hours per week you usually work at this rate?,"Hours/Week, Weeks/Year"
CPS_0045,CPS_111,"Now I have some questions about the exact number of hours (name/you) worked (THE WEEK BEFORE LAST/LAST WEEK). (THE WEEK BEFORE LAST/LAST WEEK), did (you/he/she) lose or take off any hours from ((his/her) MAIN job/work), for ANY reason such as illness, slack work, vacation, or holiday?",ACS_115,"During the PAST 12 MONTHS (52 weeks), did this person work EVERY week? Count paid vacation, paid sick leave, and military service as work","Hours/Week, Weeks/Year"
CPS_0046,CPS_111,"Now I have some questions about the exact number of hours (name/you) worked (THE WEEK BEFORE LAST/LAST WEEK). (THE WEEK BEFORE LAST/LAST WEEK), did (you/he/she) lose or take off any hours from ((his/her) MAIN job/work), for ANY reason such as illness, slack work, vacation, or holiday?",ACS_116,"During the PAST 12 MONTHS (52 weeks), how many WEEKS did this person work? Include paid time off and include weeks when the person only worked for a few hours.","Hours/Week, Weeks/Year"
CPS_0047,CPS_111,"Now I have some questions about the exact number of hours (name/you) worked (THE WEEK BEFORE LAST/LAST WEEK). (THE WEEK BEFORE LAST/LAST WEEK), did (you/he/she) lose or take off any hours from ((his/her) MAIN job/work), for ANY reason such as illness, slack work, vacation, or holiday?",ACS_117,"During the PAST 12 MONTHS, in the WEEKS WORKED, how many hours did this person usually work each WEEK?","Hours/Week, Weeks/Year"
CPS_0048,CPS_112,How many hours did (name/you) take off?,ACS_6,How many hours do you usually work per week at this rate?,"Hours/Week, Weeks/Year"
CPS_0049,CPS_112,How many hours did (name/you) take off?,ACS_7,How many hours do you usually work per week at this rate?,"Hours/Week, Weeks/Year"
CPS_0050,CPS_112,How many hours did (name/you) take off?,ACS_10,How many hours do you usually work per week at this rate?,"Hours/Week, Weeks/Year"
CPS_0051,CPS_112,How many hours did (name/you) take off?,ACS_11,How many hours do you usually work per week at this rate?,"Hours/Week, Weeks/Year"
CPS_0052,CPS_112,How many hours did (name/you) take off?,ACS_12,What is your best estimate of the number of hours per week you usually work at this rate?,"Hours/Week, Weeks/Year"
CPS_0053,CPS_112,How many hours did (name/you) take off?,ACS_115,"During the PAST 12 MONTHS (52 weeks), did this person work EVERY week? Count paid vacation, paid sick leave, and military service as work","Hours/Week, Weeks/Year"
CPS_0054,CPS_112,How many hours did (name/you) take off?,ACS_116,"During the PAST 12 MONTHS (52 weeks), how many WEEKS did this person work? Include paid time off and include weeks when the person only worked for a few hours.","Hours/Week, Weeks/Year"
CPS_0055,CPS_112,How many hours did (name/you) take off?,ACS_117,"During the PAST 12 MONTHS, in the WEEKS WORKED, how many hours did this person usually work each WEEK?","Hours/Week, Weeks/Year"
CPS_0056,CPS_113,"(THE WEEK BEFORE LAST/LAST WEEK), did (name/you) work any overtime or extra hours (at (his/her) MAIN job that / that)(you/he/she) (do/does) not usually work?",ACS_6,How many hours do you usually work per week at this rate?,"Hours/Week, Weeks/Year"
CPS_0057,CPS_113,"(THE WEEK BEFORE LAST/LAST WEEK), did (name/you) work any overtime or extra hours (at (his/her) MAIN job that / that)(you/he/she) (do/does) not usually work?",ACS_7,How many hours do you usually work per week at this rate?,"Hours/Week, Weeks/Year"
CPS_0058,CPS_113,"(THE WEEK BEFORE LAST/LAST WEEK), did (name/you) work any overtime or extra hours (at (his/her) MAIN job that / that)(you/he/she) (do/does) not usually work?",ACS_10,How many hours do you usually work per week at this rate?,"Hours/Week, Weeks/Year"
CPS_0059,CPS_113,"(THE WEEK BEFORE LAST/LAST WEEK), did (name/you) work any overtime or extra hours (at (his/her) MAIN job that / that)(you/he/she) (do/does) not usually work?",ACS_11,How many hours do you usually work per week at this rate?,"Hours/Week, Weeks/Year"
CPS_0060,CPS_113,"(THE WEEK BEFORE LAST/LAST WEEK), did (name/you) work any overtime or extra hours (at (his/her) MAIN job that / that)(you/he/she) (do/does) not usually work?",ACS_12,What is your best estimate of the number of hours per week you usually work at this rate?,"Hours/Week, Weeks/Year"
CPS_0061,CPS_113,"(THE WEEK BEFORE LAST/LAST WEEK), did (name/you) work any overtime or extra hours (at (his/her) MAIN job that / that)(you/he/she) (do/does) not usually work?",ACS_115,"During the PAST 12 MONTHS (52 weeks), did this person work EVERY week? Count paid vacation, paid sick leave, and military service as work","Hours/Week, Weeks/Year"
CPS_0062,CPS_113,"(THE WEEK BEFORE LAST/LAST WEEK), did (name/you) work any overtime or extra hours (at (his/her) MAIN job that / that)(you/he/she) (do/does) not usually work?",ACS_116,"During the PAST 12 MONTHS (52 weeks), how many WEEKS did this person work? Include paid time off and include weeks when the person only worked for a few hours.","Hours/Week, Weeks/Year"
CPS_0063,CPS_113,"(THE WEEK BEFORE LAST/LAST WEEK), did (name/you) work any overtime or extra hours (at (his/her) MAIN job that / that)(you/he/she) (do/does) not usually work?",ACS_117,"During the PAST 12 MONTHS, in the WEEKS WORKED, how many hours did this person usually work each WEEK?","Hours/Week, Weeks/Year"
CPS_0064,CPS_114,How many ADDITIONAL hours did (you/he/she) work?,ACS_6,How many hours do you usually work per week at this rate?,"Hours/Week, Weeks/Year"
CPS_0065,CPS_114,How many ADDITIONAL hours did (you/he/she) work?,ACS_7,How many hours do you usually work per week at this rate?,"Hours/Week, Weeks/Year"
CPS_0066,CPS_114,How many ADDITIONAL hours did (you/he/she) work?,ACS_10,How many hours do you usually work per week at this rate?,"Hours/Week, Weeks/Year"
CPS_0067,CPS_114,How many ADDITIONAL hours did (you/he/she) work?,ACS_11,How many hours do you usually work per week at this rate?,"Hours/Week, Weeks/Year"
CPS_0068,CPS_114,How many ADDITIONAL hours did (you/he/she) work?,ACS_12,What is your best estimate of the number of hours per week you usually work at this rate?,"Hours/Week, Weeks/Year"
CPS_0069,CPS_114,How many ADDITIONAL hours did (you/he/she) work?,ACS_115,"During the PAST 12 MONTHS (52 weeks), did this person work EVERY week? Count paid vacation, paid sick leave, and military service as work","Hours/Week, Weeks/Year"
CPS_0070,CPS_114,How many ADDITIONAL hours did (you/he/she) work?,ACS_116,"During the PAST 12 MONTHS (52 weeks), how many WEEKS did this person work? Include paid time off and include weeks when the person only worked for a few hours.","Hours/Week, Weeks/Year"
CPS_0071,CPS_114,How many ADDITIONAL hours did (you/he/she) work?,ACS_117,"During the PAST 12 MONTHS, in the WEEKS WORKED, how many hours did this person usually work each WEEK?","Hours/Week, Weeks/Year"
CPS_0072,CPS_115,"(LAST WEEK/THE WEEK BEFORE LAST), how many hours did ( you/he/she) ACTUALLY work at (your/his/her) (job?/MAIN job?)?",ACS_6,How many hours do you usually work per week at this rate?,"Hours/Week, Weeks/Year"
CPS_0073,CPS_115,"(LAST WEEK/THE WEEK BEFORE LAST), how many hours did ( you/he/she) ACTUALLY work at (your/his/her) (job?/MAIN job?)?",ACS_7,How many hours do you usually work per week at this rate?,"Hours/Week, Weeks/Year"
CPS_0074,CPS_115,"(LAST WEEK/THE WEEK BEFORE LAST), how many hours did ( you/he/she) ACTUALLY work at (your/his/her) (job?/MAIN job?)?",ACS_10,How many hours do you usually work per week at this rate?,"Hours/Week, Weeks/Year"
CPS_0075,CPS_115,"(LAST WEEK/THE WEEK BEFORE LAST), how many hours did ( you/he/she) ACTUALLY work at (your/his/her) (job?/MAIN job?)?",ACS_11,How many hours do you usually work per week at this rate?,"Hours/Week, Weeks/Year"
CPS_0076,CPS_115,"(LAST WEEK/THE WEEK BEFORE LAST), how many hours did ( you/he/she) ACTUALLY work at (your/his/her) (job?/MAIN job?)?",ACS_12,What is your best estimate of the number of hours per week you usually work at this rate?,"Hours/Week, Weeks/Year"
CPS_0077,CPS_115,"(LAST WEEK/THE WEEK BEFORE LAST), how many hours did ( you/he/she) ACTUALLY work at (your/his/her) (job?/MAIN job?)?",ACS_115,"During the PAST 12 MONTHS (52 weeks), did this person work EVERY week? Count paid vacation, paid sick leave, and military service as work","Hours/Week, Weeks/Year"
CPS_0078,CPS_115,"(LAST WEEK/THE WEEK BEFORE LAST), how many hours did ( you/he/she) ACTUALLY work at (your/his/her) (job?/MAIN job?)?",ACS_116,"During the PAST 12 MONTHS (52 weeks), how many WEEKS did this person work? Include paid time off and include weeks when the person only worked for a few hours.","Hours/Week, Weeks/Year"
CPS_0079,CPS_115,"(LAST WEEK/THE WEEK BEFORE LAST), how many hours did ( you/he/she) ACTUALLY work at (your/his/her) (job?/MAIN job?)?",ACS_117,"During the PAST 12 MONTHS, in the WEEKS WORKED, how many hours did this person usually work each WEEK?","Hours/Week, Weeks/Year"
CPS_0080,CPS_116,"(THE WEEK BEFORE LAST/LAST WEEK), how many hours did ( you/he/she) ACTUALLY work at (your/his/her) other (job/ jobs?)?",ACS_6,How many hours do you usually work per week at this rate?,"Hours/Week, Weeks/Year"
CPS_0081,CPS_116,"(THE WEEK BEFORE LAST/LAST WEEK), how many hours did ( you/he/she) ACTUALLY work at (your/his/her) other (job/ jobs?)?",ACS_7,How many hours do you usually work per week at this rate?,"Hours/Week, Weeks/Year"
CPS_0082,CPS_116,"(THE WEEK BEFORE LAST/LAST WEEK), how many hours did ( you/he/she) ACTUALLY work at (your/his/her) other (job/ jobs?)?",ACS_10,How many hours do you usually work per week at this rate?,"Hours/Week, Weeks/Year"
CPS_0083,CPS_116,"(THE WEEK BEFORE LAST/LAST WEEK), how many hours did ( you/he/she) ACTUALLY work at (your/his/her) other (job/ jobs?)?",ACS_11,How many hours do you usually work per week at this rate?,"Hours/Week, Weeks/Year"
CPS_0084,CPS_116,"(THE WEEK BEFORE LAST/LAST WEEK), how many hours did ( you/he/she) ACTUALLY work at (your/his/her) other (job/ jobs?)?",ACS_12,What is your best estimate of the number of hours per week you usually work at this rate?,"Hours/Week, Weeks/Year"
CPS_0085,CPS_116,"(THE WEEK BEFORE LAST/LAST WEEK), how many hours did ( you/he/she) ACTUALLY work at (your/his/her) other (job/ jobs?)?",ACS_115,"During the PAST 12 MONTHS (52 weeks), did this person work EVERY week? Count paid vacation, paid sick leave, and military service as work","Hours/Week, Weeks/Year"
CPS_0086,CPS_116,"(THE WEEK BEFORE LAST/LAST WEEK), how many hours did ( you/he/she) ACTUALLY work at (your/his/her) other (job/ jobs?)?",ACS_116,"During the PAST 12 MONTHS (52 weeks), how many WEEKS did this person work? Include paid time off and include weeks when the person only worked for a few hours.","Hours/Week, Weeks/Year"
CPS_0087,CPS_116,"(THE WEEK BEFORE LAST/LAST WEEK), how many hours did ( you/he/she) ACTUALLY work at (your/his/her) other (job/ jobs?)?",ACS_117,"During the PAST 12 MONTHS, in the WEEKS WORKED, how many hours did this person usually work each WEEK?","Hours/Week, Weeks/Year"
CPS_0088,CPS_118,(THE WEEK BEFORE LAST/LAST WEEK) (you/NAME) worked (# hours worked) hours ( /at all jobs). How many of these hours did (you/he/she) telework or work at home for pay?,ACS_6,How many hours do you usually work per week at this rate?,"Hours/Week, Weeks/Year"
CPS_0089,CPS_118,(THE WEEK BEFORE LAST/LAST WEEK) (you/NAME) worked (# hours worked) hours ( /at all jobs). How many of these hours did (you/he/she) telework or work at home for pay?,ACS_7,How many hours do you usually work per week at this rate?,"Hours/Week, Weeks/Year"
CPS_0090,CPS_118,(THE WEEK BEFORE LAST/LAST WEEK) (you/NAME) worked (# hours worked) hours ( /at all jobs). How many of these hours did (you/he/she) telework or work at home for pay?,ACS_10,How many hours do you usually work per week at this rate?,"Hours/Week, Weeks/Year"
CPS_0091,CPS_118,(THE WEEK BEFORE LAST/LAST WEEK) (you/NAME) worked (# hours worked) hours ( /at all jobs). How many of these hours did (you/he/she) telework or work at home for pay?,ACS_11,How many hours do you usually work per week at this rate?,"Hours/Week, Weeks/Year"
CPS_0092,CPS_118,(THE WEEK BEFORE LAST/LAST WEEK) (you/NAME) worked (# hours worked) hours ( /at all jobs). How many of these hours did (you/he/she) telework or work at home for pay?,ACS_12,What is your best estimate of the number of hours per week you usually work at this rate?,"Hours/Week, Weeks/Year"
CPS_0093,CPS_118,(THE WEEK BEFORE LAST/LAST WEEK) (you/NAME) worked (# hours worked) hours ( /at all jobs). How many of these hours did (you/he/she) telework or work at home for pay?,ACS_115,"During the PAST 12 MONTHS (52 weeks), did this person work EVERY week? Count paid vacation, paid sick leave, and military service as work","Hours/Week, Weeks/Year"
CPS_0094,CPS_118,(THE WEEK BEFORE LAST/LAST WEEK) (you/NAME) worked (# hours worked) hours ( /at all jobs). How many of these hours did (you/he/she) telework or work at home for pay?,ACS_116,"During the PAST 12 MONTHS (52 weeks), how many WEEKS did this person work? Include paid time off and include weeks when the person only worked for a few hours.","Hours/Week, Weeks/Year"
CPS_0095,CPS_118,(THE WEEK BEFORE LAST/LAST WEEK) (you/NAME) worked (# hours worked) hours ( /at all jobs). How many of these hours did (you/he/she) telework or work at home for pay?,ACS_117,"During the PAST 12 MONTHS, in the WEEKS WORKED, how many hours did this person usually work each WEEK?","Hours/Week, Weeks/Year"
CPS_0096,CPS_120,What is the main reason (name/you) worked less than 35 hours (THE WEEK BEFORE LAST/LAST WEEK)?,ACS_6,How many hours do you usually work per week at this rate?,"Hours/Week, Weeks/Year"
CPS_0097,CPS_120,What is the main reason (name/you) worked less than 35 hours (THE WEEK BEFORE LAST/LAST WEEK)?,ACS_7,How many hours do you usually work per week at this rate?,"Hours/Week, Weeks/Year"
CPS_0098,CPS_120,What is the main reason (name/you) worked less than 35 hours (THE WEEK BEFORE LAST/LAST WEEK)?,ACS_10,How many hours do you usually work per week at this rate?,"Hours/Week, Weeks/Year"
CPS_0099,CPS_120,What is the main reason (name/you) worked less than 35 hours (THE WEEK BEFORE LAST/LAST WEEK)?,ACS_11,How many hours do you usually work per week at this rate?,"Hours/Week, Weeks/Year"
CPS_0100,CPS_120,What is the main reason (name/you) worked less than 35 hours (THE WEEK BEFORE LAST/LAST WEEK)?,ACS_12,What is your best estimate of the number of hours per week you usually work at this rate?,"Hours/Week, Weeks/Year"
CPS_0101,CPS_120,What is the main reason (name/you) worked less than 35 hours (THE WEEK BEFORE LAST/LAST WEEK)?,ACS_115,"During the PAST 12 MONTHS (52 weeks), did this person work EVERY week? Count paid vacation, paid sick leave, and military service as work","Hours/Week, Weeks/Year"
CPS_0102,CPS_120,What is the main reason (name/you) worked less than 35 hours (THE WEEK BEFORE LAST/LAST WEEK)?,ACS_116,"During the PAST 12 MONTHS (52 weeks), how many WEEKS did this person work? Include paid time off and include weeks when the person only worked for a few hours.","Hours/Week, Weeks/Year"
CPS_0103,CPS_120,What is the main reason (name/you) worked less than 35 hours (THE WEEK BEFORE LAST/LAST WEEK)?,ACS_117,"During the PAST 12 MONTHS, in the WEEKS WORKED, how many hours did this person usually work each WEEK?","Hours/Week, Weeks/Year"
CPS_0104,CPS_128,Is the job from which (name/you) (are / is) on layoff a full time job of 35 hours or more per week?,ACS_6,How many hours do you usually work per week at this rate?,"Hours/Week, Weeks/Year"
CPS_0105,CPS_128,Is the job from which (name/you) (are / is) on layoff a full time job of 35 hours or more per week?,ACS_7,How many hours do you usually work per week at this rate?,"Hours/Week, Weeks/Year"
CPS_0106,CPS_128,Is the job from which (name/you) (are / is) on layoff a full time job of 35 hours or more per week?,ACS_10,How many hours do you usually work per week at this rate?,"Hours/Week, Weeks/Year"
CPS_0107,CPS_128,Is the job from which (name/you) (are / is) on layoff a full time job of 35 hours or more per week?,ACS_11,How many hours do you usually work per week at this rate?,"Hours/Week, Weeks/Year"
CPS_0108,CPS_128,Is the job from which (name/you) (are / is) on layoff a full time job of 35 hours or more per week?,ACS_12,What is your best estimate of the number of hours per week you usually work at this rate?,"Hours/Week, Weeks/Year"
CPS_0109,CPS_128,Is the job from which (name/you) (are / is) on layoff a full time job of 35 hours or more per week?,ACS_115,"During the PAST 12 MONTHS (52 weeks), did this person work EVERY week? Count paid vacation, paid sick leave, and military service as work","Hours/Week, Weeks/Year"
CPS_0110,CPS_128,Is the job from which (name/you) (are / is) on layoff a full time job of 35 hours or more per week?,ACS_116,"During the PAST 12 MONTHS (52 weeks), how many WEEKS did this person work? Include paid time off and include weeks when the person only worked for a few hours.","Hours/Week, Weeks/Year"
CPS_0111,CPS_128,Is the job from which (name/you) (are / is) on layoff a full time job of 35 hours or more per week?,ACS_117,"During the PAST 12 MONTHS, in the WEEKS WORKED, how many hours did this person usually work each WEEK?","Hours/Week, Weeks/Year"
CPS_0112,CPS_153,(Have / Has) (you/he/she) been looking for full time work of 35 hours or more per week?,ACS_6,How many hours do you usually work per week at this rate?,"Hours/Week, Weeks/Year"
CPS_0113,CPS_153,(Have / Has) (you/he/she) been looking for full time work of 35 hours or more per week?,ACS_7,How many hours do you usually work per week at this rate?,"Hours/Week, Weeks/Year"
CPS_0114,CPS_153,(Have / Has) (you/he/she) been looking for full time work of 35 hours or more per week?,ACS_10,How many hours do you usually work per week at this rate?,"Hours/Week, Weeks/Year"
CPS_0115,CPS_153,(Have / Has) (you/he/she) been looking for full time work of 35 hours or more per week?,ACS_11,How many hours do you usually work per week at this rate?,"Hours/Week, Weeks/Year"
CPS_0116,CPS_153,(Have / Has) (you/he/she) been looking for full time work of 35 hours or more per week?,ACS_12,What is your best estimate of the number of hours per week you usually work at this rate?,"Hours/Week, Weeks/Year"
CPS_0117,CPS_153,(Have / Has) (you/he/she) been looking for full time work of 35 hours or more per week?,ACS_115,"During the PAST 12 MONTHS (52 weeks), did this person work EVERY week? Count paid vacation, paid sick leave, and military service as work","Hours/Week, Weeks/Year"
CPS_0118,CPS_153,(Have / Has) (you/he/she) been looking for full time work of 35 hours or more per week?,ACS_116,"During the PAST 12 MONTHS (52 weeks), how many WEEKS did this person work? Include paid time off and include weeks when the person only worked for a few hours.","Hours/Week, Weeks/Year"
CPS_0119,CPS_153,(Have / Has) (you/he/she) been looking for full time work of 35 hours or more per week?,ACS_117,"During the PAST 12 MONTHS, in the WEEKS WORKED, how many hours did this person usually work each WEEK?","Hours/Week, Weeks/Year"
CPS_0120,CPS_257,How many hours (do/does) (name/you) usually work per week at this rate?,ACS_6,How many hours do you usually work per week at this rate?,"Hours/Week, Weeks/Year"
CPS_0121,CPS_257,How many hours (do/does) (name/you) usually work per week at this rate?,ACS_7,How many hours do you usually work per week at this rate?,"Hours/Week, Weeks/Year"
CPS_0122,CPS_257,How many hours (do/does) (name/you) usually work per week at this rate?,ACS_10,How many hours do you usually work per week at this rate?,"Hours/Week, Weeks/Year"
CPS_0123,CPS_257,How many hours (do/does) (name/you) usually work per week at this rate?,ACS_11,How many hours do you usually work per week at this rate?,"Hours/Week, Weeks/Year"
CPS_0124,CPS_257,How many hours (do/does) (name/you) usually work per week at this rate?,ACS_12,What is your best estimate of the number of hours per week you usually work at this rate?,"Hours/Week, Weeks/Year"
CPS_0125,CPS_257,How many hours (do/does) (name/you) usually work per week at this rate?,ACS_115,"During the PAST 12 MONTHS (52 weeks), did this person work EVERY week? Count paid vacation, paid sick leave, and military service as work","Hours/Week, Weeks/Year"
CPS_0126,CPS_257,How many hours (do/does) (name/you) usually work per week at this rate?,ACS_116,"During the PAST 12 MONTHS (52 weeks), how many WEEKS did this person work? Include paid time off and include weeks when the person only worked for a few hours.","Hours/Week, Weeks/Year"
CPS_0127,CPS_257,How many hours (do/does) (name/you) usually work per week at this rate?,ACS_117,"During the PAST 12 MONTHS, in the WEEKS WORKED, how many hours did this person usually work each WEEK?","Hours/Week, Weeks/Year"
CPS_0128,CPS_258,How many hours (do/does) (name/you) usually work per week at this rate?,ACS_6,How many hours do you usually work per week at this rate?,"Hours/Week, Weeks/Year"
CPS_0129,CPS_258,How many hours (do/does) (name/you) usually work per week at this rate?,ACS_7,How many hours do you usually work per week at this rate?,"Hours/Week, Weeks/Year"
CPS_0130,CPS_258,How many hours (do/does) (name/you) usually work per week at this rate?,ACS_10,How many hours do you usually work per week at this rate?,"Hours/Week, Weeks/Year"
CPS_0131,CPS_258,How many hours (do/does) (name/you) usually work per week at this rate?,ACS_11,How many hours do you usually work per week at this rate?,"Hours/Week, Weeks/Year"
CPS_0132,CPS_258,How many hours (do/does) (name/you) usually work per week at this rate?,ACS_12,What is your best estimate of the number of hours per week you usually work at this rate?,"Hours/Week, Weeks/Year"
CPS_0133,CPS_258,How many hours (do/does) (name/you) usually work per week at this rate?,ACS_115,"During the PAST 12 MONTHS (52 weeks), did this person work EVERY week? Count paid vacation, paid sick leave, and military service as work","Hours/Week, Weeks/Year"
CPS_0134,CPS_258,How many hours (do/does) (name/you) usually work per week at this rate?,ACS_116,"During the PAST 12 MONTHS (52 weeks), how many WEEKS did this person work? Include paid time off and include weeks when the person only worked for a few hours.","Hours/Week, Weeks/Year"
CPS_0135,CPS_258,How many hours (do/does) (name/you) usually work per week at this rate?,ACS_117,"During the PAST 12 MONTHS, in the WEEKS WORKED, how many hours did this person usually work each WEEK?","Hours/Week, Weeks/Year"
CPS_0136,CPS_262,How many hours (do/does) (name/you) usually work per week at this rate?,ACS_6,How many hours do you usually work per week at this rate?,"Hours/Week, Weeks/Year"
CPS_0137,CPS_262,How many hours (do/does) (name/you) usually work per week at this rate?,ACS_7,How many hours do you usually work per week at this rate?,"Hours/Week, Weeks/Year"
CPS_0138,CPS_262,How many hours (do/does) (name/you) usually work per week at this rate?,ACS_10,How many hours do you usually work per week at this rate?,"Hours/Week, Weeks/Year"
CPS_0139,CPS_262,How many hours (do/does) (name/you) usually work per week at this rate?,ACS_11,How many hours do you usually work per week at this rate?,"Hours/Week, Weeks/Year"
CPS_0140,CPS_262,How many hours (do/does) (name/you) usually work per week at this rate?,ACS_12,What is your best estimate of the number of hours per week you usually work at this rate?,"Hours/Week, Weeks/Year"
CPS_0141,CPS_262,How many hours (do/does) (name/you) usually work per week at this rate?,ACS_115,"During the PAST 12 MONTHS (52 weeks), did this person work EVERY week? Count paid vacation, paid sick leave, and military service as work","Hours/Week, Weeks/Year"
CPS_0142,CPS_262,How many hours (do/does) (name/you) usually work per week at this rate?,ACS_116,"During the PAST 12 MONTHS (52 weeks), how many WEEKS did this person work? Include paid time off and include weeks when the person only worked for a few hours.","Hours/Week, Weeks/Year"
CPS_0143,CPS_262,How many hours (do/does) (name/you) usually work per week at this rate?,ACS_117,"During the PAST 12 MONTHS, in the WEEKS WORKED, how many hours did this person usually work each WEEK?","Hours/Week, Weeks/Year"
CPS_0144,CPS_263,How many hours (do/does) (name/you) usually work per week at this rate?,ACS_6,How many hours do you usually work per week at this rate?,"Hours/Week, Weeks/Year"
CPS_0145,CPS_263,How many hours (do/does) (name/you) usually work per week at this rate?,ACS_7,How many hours do you usually work per week at this rate?,"Hours/Week, Weeks/Year"
CPS_0146,CPS_263,How many hours (do/does) (name/you) usually work per week at this rate?,ACS_10,How many hours do you usually work per week at this rate?,"Hours/Week, Weeks/Year"
CPS_0147,CPS_263,How many hours (do/does) (name/you) usually work per week at this rate?,ACS_11,How many hours do you usually work per week at this rate?,"Hours/Week, Weeks/Year"
CPS_0148,CPS_263,How many hours (do/does) (name/you) usually work per week at this rate?,ACS_12,What is your best estimate of the number of hours per week you usually work at this rate?,"Hours/Week, Weeks/Year"
CPS_0149,CPS_263,How many hours (do/does) (name/you) usually work per week at this rate?,ACS_115,"During the PAST 12 MONTHS (52 weeks), did this person work EVERY week? Count paid vacation, paid sick leave, and military service as work","Hours/Week, Weeks/Year"
CPS_0150,CPS_263,How many hours (do/does) (name/you) usually work per week at this rate?,ACS_116,"During the PAST 12 MONTHS (52 weeks), how many WEEKS did this person work? Include paid time off and include weeks when the person only worked for a few hours.","Hours/Week, Weeks/Year"
CPS_0151,CPS_263,How many hours (do/does) (name/you) usually work per week at this rate?,ACS_117,"During the PAST 12 MONTHS, in the WEEKS WORKED, how many hours did this person usually work each WEEK?","Hours/Week, Weeks/Year"
CPS_0152,CPS_264,What is your best estimate of the number of hours per week (you/he/she) usually (work/works) at this rate?,ACS_6,How many hours do you usually work per week at this rate?,"Hours/Week, Weeks/Year"
CPS_0153,CPS_264,What is your best estimate of the number of hours per week (you/he/she) usually (work/works) at this rate?,ACS_7,How many hours do you usually work per week at this rate?,"Hours/Week, Weeks/Year"
CPS_0154,CPS_264,What is your best estimate of the number of hours per week (you/he/she) usually (work/works) at this rate?,ACS_10,How many hours do you usually work per week at this rate?,"Hours/Week, Weeks/Year"
CPS_0155,CPS_264,What is your best estimate of the number of hours per week (you/he/she) usually (work/works) at this rate?,ACS_11,How many hours do you usually work per week at this rate?,"Hours/Week, Weeks/Year"
CPS_0156,CPS_264,What is your best estimate of the number of hours per week (you/he/she) usually (work/works) at this rate?,ACS_12,What is your best estimate of the number of hours per week you usually work at this rate?,"Hours/Week, Weeks/Year"
CPS_0157,CPS_264,What is your best estimate of the number of hours per week (you/he/she) usually (work/works) at this rate?,ACS_115,"During the PAST 12 MONTHS (52 weeks), did this person work EVERY week? Count paid vacation, paid sick leave, and military service as work","Hours/Week, Weeks/Year"
CPS_0158,CPS_264,What is your best estimate of the number of hours per week (you/he/she) usually (work/works) at this rate?,ACS_116,"During the PAST 12 MONTHS (52 weeks), how many WEEKS did this person work? Include paid time off and include weeks when the person only worked for a few hours.","Hours/Week, Weeks/Year"
CPS_0159,CPS_264,What is your best estimate of the number of hours per week (you/he/she) usually (work/works) at this rate?,ACS_117,"During the PAST 12 MONTHS, in the WEEKS WORKED, how many hours did this person usually work each WEEK?","Hours/Week, Weeks/Year"
CPS_0160,CPS_268,How many hours (do/does) (name/you) usually work per week at the rate of (entry in ERNH1C/ERNH1O)?,ACS_6,How many hours do you usually work per week at this rate?,"Hours/Week, Weeks/Year"
CPS_0161,CPS_268,How many hours (do/does) (name/you) usually work per week at the rate of (entry in ERNH1C/ERNH1O)?,ACS_7,How many hours do you usually work per week at this rate?,"Hours/Week, Weeks/Year"
CPS_0162,CPS_268,How many hours (do/does) (name/you) usually work per week at the rate of (entry in ERNH1C/ERNH1O)?,ACS_10,How many hours do you usually work per week at this rate?,"Hours/Week, Weeks/Year"
CPS_0163,CPS_268,How many hours (do/does) (name/you) usually work per week at the rate of (entry in ERNH1C/ERNH1O)?,ACS_11,How many hours do you usually work per week at this rate?,"Hours/Week, Weeks/Year"
CPS_0164,CPS_268,How many hours (do/does) (name/you) usually work per week at the rate of (entry in ERNH1C/ERNH1O)?,ACS_12,What is your best estimate of the number of hours per week you usually work at this rate?,"Hours/Week, Weeks/Year"
CPS_0165,CPS_268,How many hours (do/does) (name/you) usually work per week at the rate of (entry in ERNH1C/ERNH1O)?,ACS_115,"During the PAST 12 MONTHS (52 weeks), did this person work EVERY week? Count paid vacation, paid sick leave, and military service as work","Hours/Week, Weeks/Year"
CPS_0166,CPS_268,How many hours (do/does) (name/you) usually work per week at the rate of (entry in ERNH1C/ERNH1O)?,ACS_116,"During the PAST 12 MONTHS (52 weeks), how many WEEKS did this person work? Include paid time off and include weeks when the person only worked for a few hours.","Hours/Week, Weeks/Year"
CPS_0167,CPS_268,How many hours (do/does) (name/you) usually work per week at the rate of (entry in ERNH1C/ERNH1O)?,ACS_117,"During the PAST 12 MONTHS, in the WEEKS WORKED, how many hours did this person usually work each WEEK?","Hours/Week, Weeks/Year"
CPS_0168,CPS_271,How many hours (do/does) (name/you) usually work per week at the rate of (entry in ERNOHC/ERNOTO)?,ACS_6,How many hours do you usually work per week at this rate?,"Hours/Week, Weeks/Year"
CPS_0169,CPS_271,How many hours (do/does) (name/you) usually work per week at the rate of (entry in ERNOHC/ERNOTO)?,ACS_7,How many hours do you usually work per week at this rate?,"Hours/Week, Weeks/Year"
CPS_0170,CPS_271,How many hours (do/does) (name/you) usually work per week at the rate of (entry in ERNOHC/ERNOTO)?,ACS_10,How many hours do you usually work per week at this rate?,"Hours/Week, Weeks/Year"
CPS_0171,CPS_271,How many hours (do/does) (name/you) usually work per week at the rate of (entry in ERNOHC/ERNOTO)?,ACS_11,How many hours do you usually work per week at this rate?,"Hours/Week, Weeks/Year"
CPS_0172,CPS_271,How many hours (do/does) (name/you) usually work per week at the rate of (entry in ERNOHC/ERNOTO)?,ACS_12,What is your best estimate of the number of hours per week you usually work at this rate?,"Hours/Week, Weeks/Year"
CPS_0173,CPS_271,How many hours (do/does) (name/you) usually work per week at the rate of (entry in ERNOHC/ERNOTO)?,ACS_115,"During the PAST 12 MONTHS (52 weeks), did this person work EVERY week? Count paid vacation, paid sick leave, and military service as work","Hours/Week, Weeks/Year"
CPS_0174,CPS_271,How many hours (do/does) (name/you) usually work per week at the rate of (entry in ERNOHC/ERNOTO)?,ACS_116,"During the PAST 12 MONTHS (52 weeks), how many WEEKS did this person work? Include paid time off and include weeks when the person only worked for a few hours.","Hours/Week, Weeks/Year"
CPS_0175,CPS_271,How many hours (do/does) (name/you) usually work per week at the rate of (entry in ERNOHC/ERNOTO)?,ACS_117,"During the PAST 12 MONTHS, in the WEEKS WORKED, how many hours did this person usually work each WEEK?","Hours/Week, Weeks/Year"
CPS_0176,CPS_282,How many weeks a year (do/does) (name/you) get paid for?,ACS_6,How many hours do you usually work per week at this rate?,"Hours/Week, Weeks/Year"
CPS_0177,CPS_282,How many weeks a year (do/does) (name/you) get paid for?,ACS_7,How many hours do you usually work per week at this rate?,"Hours/Week, Weeks/Year"
CPS_0178,CPS_282,How many weeks a year (do/does) (name/you) get paid for?,ACS_10,How many hours do you usually work per week at this rate?,"Hours/Week, Weeks/Year"
CPS_0179,CPS_282,How many weeks a year (do/does) (name/you) get paid for?,ACS_11,How many hours do you usually work per week at this rate?,"Hours/Week, Weeks/Year"
CPS_0180,CPS_282,How many weeks a year (do/does) (name/you) get paid for?,ACS_12,What is your best estimate of the number of hours per week you usually work at this rate?,"Hours/Week, Weeks/Year"
CPS_0181,CPS_282,How many weeks a year (do/does) (name/you) get paid for?,ACS_115,"During the PAST 12 MONTHS (52 weeks), did this person work EVERY week? Count paid vacation, paid sick leave, and military service as work","Hours/Week, Weeks/Year"
CPS_0182,CPS_282,How many weeks a year (do/does) (name/you) get paid for?,ACS_116,"During the PAST 12 MONTHS (52 weeks), how many WEEKS did this person work? Include paid time off and include weeks when the person only worked for a few hours.","Hours/Week, Weeks/Year"
CPS_0183,CPS_282,How many weeks a year (do/does) (name/you) get paid for?,ACS_117,"During the PAST 12 MONTHS, in the WEEKS WORKED, how many hours did this person usually work each WEEK?","Hours/Week, Weeks/Year"
CPS_0184,CPS_125,"Even though (you/he/she) (expect/expects) to be called back to work, (have/has) (you/he/she) been looking for work during the last 4 weeks?",ACS_111,Has this person been informed that he or she will be recalled to work within the next 6 months OR been given a date to return to work?,Unemployment
CPS_0185,CPS_125,"Even though (you/he/she) (expect/expects) to be called back to work, (have/has) (you/he/she) been looking for work during the last 4 weeks?",ACS_113,"LAST WEEK, could this person have started a job if offered one, or returned to work if recalled?",Unemployment
CPS_0186,CPS_129,(Have / Has) (name/you) been doing anything to find work during the last 4 weeks?,ACS_111,Has this person been informed that he or she will be recalled to work within the next 6 months OR been given a date to return to work?,Unemployment
CPS_0187,CPS_129,(Have / Has) (name/you) been doing anything to find work during the last 4 weeks?,ACS_113,"LAST WEEK, could this person have started a job if offered one, or returned to work if recalled?",Unemployment
CPS_0188,CPS_140,What are all the things (you/he/she) (have/has) done to find work during the last 4 weeks?,ACS_111,Has this person been informed that he or she will be recalled to work within the next 6 months OR been given a date to return to work?,Unemployment
CPS_0189,CPS_140,What are all the things (you/he/she) (have/has) done to find work during the last 4 weeks?,ACS_113,"LAST WEEK, could this person have started a job if offered one, or returned to work if recalled?",Unemployment
CPS_0190,CPS_141,You said (name/you) (have/has) been trying to find work. How did ( you/he/she) go about looking?,ACS_111,Has this person been informed that he or she will be recalled to work within the next 6 months OR been given a date to return to work?,Unemployment
CPS_0191,CPS_141,You said (name/you) (have/has) been trying to find work. How did ( you/he/she) go about looking?,ACS_113,"LAST WEEK, could this person have started a job if offered one, or returned to work if recalled?",Unemployment
CPS_0192,CPS_142,Can you tell me more about what (he/she) did to search for work?,ACS_111,Has this person been informed that he or she will be recalled to work within the next 6 months OR been given a date to return to work?,Unemployment
CPS_0193,CPS_142,Can you tell me more about what (he/she) did to search for work?,ACS_113,"LAST WEEK, could this person have started a job if offered one, or returned to work if recalled?",Unemployment
CPS_0194,CPS_145,Why is that?,ACS_111,Has this person been informed that he or she will be recalled to work within the next 6 months OR been given a date to return to work?,Unemployment
CPS_0195,CPS_145,Why is that?,ACS_113,"LAST WEEK, could this person have started a job if offered one, or returned to work if recalled?",Unemployment
CPS_0196,CPS_151,"As of the end of (THE WEEK BEFORE LAST/LAST WEEK), how long had (you/he/she) been looking for work?",ACS_111,Has this person been informed that he or she will be recalled to work within the next 6 months OR been given a date to return to work?,Unemployment
CPS_0197,CPS_151,"As of the end of (THE WEEK BEFORE LAST/LAST WEEK), how long had (you/he/she) been looking for work?",ACS_113,"LAST WEEK, could this person have started a job if offered one, or returned to work if recalled?",Unemployment
CPS_0198,CPS_152,We would like to have that in weeks if possible. Exactly how many weeks (have/has) (name/you) been looking for work?,ACS_111,Has this person been informed that he or she will be recalled to work within the next 6 months OR been given a date to return to work?,Unemployment
CPS_0199,CPS_152,We would like to have that in weeks if possible. Exactly how many weeks (have/has) (name/you) been looking for work?,ACS_113,"LAST WEEK, could this person have started a job if offered one, or returned to work if recalled?",Unemployment
CPS_0200,CPS_168,What is the main reason (you/he/she) (was/were) not looking for work during the LAST 4 WEEKS?,ACS_111,Has this person been informed that he or she will be recalled to work within the next 6 months OR been given a date to return to work?,Unemployment
CPS_0201,CPS_168,What is the main reason (you/he/she) (was/were) not looking for work during the LAST 4 WEEKS?,ACS_113,"LAST WEEK, could this person have started a job if offered one, or returned to work if recalled?",Unemployment
CPS_0202,CPS_169,Did (name/you) look for work at any time during the last 12 months?,ACS_111,Has this person been informed that he or she will be recalled to work within the next 6 months OR been given a date to return to work?,Unemployment
CPS_0203,CPS_169,Did (name/you) look for work at any time during the last 12 months?,ACS_113,"LAST WEEK, could this person have started a job if offered one, or returned to work if recalled?",Unemployment
CPS_0204,CPS_173,And since (name/you) LEFT that job or business (have/has) (you/he/she) looked for work?,ACS_111,Has this person been informed that he or she will be recalled to work within the next 6 months OR been given a date to return to work?,Unemployment
CPS_0205,CPS_173,And since (name/you) LEFT that job or business (have/has) (you/he/she) looked for work?,ACS_113,"LAST WEEK, could this person have started a job if offered one, or returned to work if recalled?",Unemployment
CPS_0206,CPS_174,"(THE WEEK BEFORE LAST/LAST WEEK), could (you/he/she) have started a job IF one had been offered?",ACS_111,Has this person been informed that he or she will be recalled to work within the next 6 months OR been given a date to return to work?,Unemployment
CPS_0207,CPS_174,"(THE WEEK BEFORE LAST/LAST WEEK), could (you/he/she) have started a job IF one had been offered?",ACS_113,"LAST WEEK, could this person have started a job if offered one, or returned to work if recalled?",Unemployment
CPS_0208,CPS_176,Why is that?,ACS_111,Has this person been informed that he or she will be recalled to work within the next 6 months OR been given a date to return to work?,Unemployment
CPS_0209,CPS_176,Why is that?,ACS_113,"LAST WEEK, could this person have started a job if offered one, or returned to work if recalled?",Unemployment
CPS_0210,CPS_254,"(Do / Does) (name/you) usually receive overtime pay, tips, or (commissions?/commissions at (your/his/her) MAIN job?)",ACS_2,"Do you usually receive overtime pay, tips, or commissions [at your main job]?",Commissions
CPS_0211,CPS_259,"(How/At (your/his/her) MAIN job, how) much (do/does) (you/he/she) usually receive JUST in overtime pay, tips or commissions, before taxes or other deductions?",ACS_2,"Do you usually receive overtime pay, tips, or commissions [at your main job]?",Commissions
CPS_0212,CPS_35,Did (name/you) ever serve on active duty in the U. S. Armed Forces? When did (you/he/she) serve?,ACS_98,"Has this person ever served on active duty in the U.S. Armed Forces, Reserves, or National Guard?",Veterans
CPS_0213,CPS_35,Did (name/you) ever serve on active duty in the U. S. Armed Forces? When did (you/he/she) serve?,ACS_99,When did this person serve on active duty in the U.S. Armed Forces?,Veterans
CPS_0214,CPS_35,Did (name/you) ever serve on active duty in the U. S. Armed Forces? When did (you/he/she) serve?,ACS_100,Does this person have a VA service-connected disability rating?,Veterans
CPS_0215,CPS_35,Did (name/you) ever serve on active duty in the U. S. Armed Forces? When did (you/he/she) serve?,ACS_101,What is this person’s service-connected disability rating?,Veterans
CPS_0216,CPS_36,(Are / Is) (name/you) (now/still) in the Armed Forces?,ACS_98,"Has this person ever served on active duty in the U.S. Armed Forces, Reserves, or National Guard?",Veterans
CPS_0217,CPS_36,(Are / Is) (name/you) (now/still) in the Armed Forces?,ACS_99,When did this person serve on active duty in the U.S. Armed Forces?,Veterans
CPS_0218,CPS_36,(Are / Is) (name/you) (now/still) in the Armed Forces?,ACS_100,Does this person have a VA service-connected disability rating?,Veterans
CPS_0219,CPS_36,(Are / Is) (name/you) (now/still) in the Armed Forces?,ACS_101,What is this person’s service-connected disability rating?,Veterans
CPS_0220,CPS_0,Is respondent ready to complete the interview?,ACS_16,Is there any reason the information from this interview should NOT be used?,Household
CPS_0221,CPS_0,Is respondent ready to complete the interview?,ACS_17,Why do you think the data should not be used?,Household
CPS_0222,CPS_0,Is respondent ready to complete the interview?,ACS_18,Please print the name and telephone number of the person who is filling out this form.,Household
CPS_0223,CPS_0,Is respondent ready to complete the interview?,ACS_69,"Please copy the name of Person 1 from page 2, then continue answering questions below.",Household
CPS_0224,CPS_1,Is this a Replacement Household?,ACS_16,Is there any reason the information from this interview should NOT be used?,Household
CPS_0225,CPS_1,Is this a Replacement Household?,ACS_17,Why do you think the data should not be used?,Household
CPS_0226,CPS_1,Is this a Replacement Household?,ACS_18,Please print the name and telephone number of the person who is filling out this form.,Household
CPS_0227,CPS_1,Is this a Replacement Household?,ACS_69,"Please copy the name of Person 1 from page 2, then continue answering questions below.",Household
CPS_0228,CPS_2,Is this a Replacement Household?,ACS_16,Is there any reason the information from this interview should NOT be used?,Household
CPS_0229,CPS_2,Is this a Replacement Household?,ACS_17,Why do you think the data should not be used?,Household
CPS_0230,CPS_2,Is this a Replacement Household?,ACS_18,Please print the name and telephone number of the person who is filling out this form.,Household
CPS_0231,CPS_2,Is this a Replacement Household?,ACS_69,"Please copy the name of Person 1 from page 2, then continue answering questions below.",Household
CPS_0232,CPS_3,May I please speak to Respondent name?,ACS_16,Is there any reason the information from this interview should NOT be used?,Household
CPS_0233,CPS_3,May I please speak to Respondent name?,ACS_17,Why do you think the data should not be used?,Household
CPS_0234,CPS_3,May I please speak to Respondent name?,ACS_18,Please print the name and telephone number of the person who is filling out this form.,Household
CPS_0235,CPS_3,May I please speak to Respondent name?,ACS_69,"Please copy the name of Person 1 from page 2, then continue answering questions below.",Household
CPS_0236,CPS_5,(Are all of these persons still living here? / Person status),ACS_16,Is there any reason the information from this interview should NOT be used?,Household
CPS_0237,CPS_5,(Are all of these persons still living here? / Person status),ACS_17,Why do you think the data should not be used?,Household
CPS_0238,CPS_5,(Are all of these persons still living here? / Person status),ACS_18,Please print the name and telephone number of the person who is filling out this form.,Household
CPS_0239,CPS_5,(Are all of these persons still living here? / Person status),ACS_69,"Please copy the name of Person 1 from page 2, then continue answering questions below.",Household
CPS_0240,CPS_7,Is this (name of person talking about)’s usual place of residence?,ACS_16,Is there any reason the information from this interview should NOT be used?,Household
CPS_0241,CPS_7,Is this (name of person talking about)’s usual place of residence?,ACS_17,Why do you think the data should not be used?,Household
CPS_0242,CPS_7,Is this (name of person talking about)’s usual place of residence?,ACS_18,Please print the name and telephone number of the person who is filling out this form.,Household
CPS_0243,CPS_7,Is this (name of person talking about)’s usual place of residence?,ACS_69,"Please copy the name of Person 1 from page 2, then continue answering questions below.",Household
CPS_0244,CPS_13,"Have I missed any lodgers, boarders, or persons you employ who live here?",ACS_16,Is there any reason the information from this interview should NOT be used?,Household
CPS_0245,CPS_13,"Have I missed any lodgers, boarders, or persons you employ who live here?",ACS_17,Why do you think the data should not be used?,Household
CPS_0246,CPS_13,"Have I missed any lodgers, boarders, or persons you employ who live here?",ACS_18,Please print the name and telephone number of the person who is filling out this form.,Household
CPS_0247,CPS_13,"Have I missed any lodgers, boarders, or persons you employ who live here?",ACS_69,"Please copy the name of Person 1 from page 2, then continue answering questions below.",Household
CPS_0248,CPS_14,Have I missed anyone else staying here?,ACS_16,Is there any reason the information from this interview should NOT be used?,Household
CPS_0249,CPS_14,Have I missed anyone else staying here?,ACS_17,Why do you think the data should not be used?,Household
CPS_0250,CPS_14,Have I missed anyone else staying here?,ACS_18,Please print the name and telephone number of the person who is filling out this form.,Household
CPS_0251,CPS_14,Have I missed anyone else staying here?,ACS_69,"Please copy the name of Person 1 from page 2, then continue answering questions below.",Household
CPS_0252,CPS_16,With whom am I speaking?,ACS_16,Is there any reason the information from this interview should NOT be used?,Household
CPS_0253,CPS_16,With whom am I speaking?,ACS_17,Why do you think the data should not be used?,Household
CPS_0254,CPS_16,With whom am I speaking?,ACS_18,Please print the name and telephone number of the person who is filling out this form.,Household
CPS_0255,CPS_16,With whom am I speaking?,ACS_69,"Please copy the name of Person 1 from page 2, then continue answering questions below.",Household
CPS_0256,CPS_17,With whom am I speaking?,ACS_16,Is there any reason the information from this interview should NOT be used?,Household
CPS_0257,CPS_17,With whom am I speaking?,ACS_17,Why do you think the data should not be used?,Household
CPS_0258,CPS_17,With whom am I speaking?,ACS_18,Please print the name and telephone number of the person who is filling out this form.,Household
CPS_0259,CPS_17,With whom am I speaking?,ACS_69,"Please copy the name of Person 1 from page 2, then continue answering questions below.",Household
CPS_0260,CPS_18,With whom am I speaking?,ACS_16,Is there any reason the information from this interview should NOT be used?,Household
CPS_0261,CPS_18,With whom am I speaking?,ACS_17,Why do you think the data should not be used?,Household
CPS_0262,CPS_18,With whom am I speaking?,ACS_18,Please print the name and telephone number of the person who is filling out this form.,Household
CPS_0263,CPS_18,With whom am I speaking?,ACS_69,"Please copy the name of Person 1 from page 2, then continue answering questions below.",Household
CPS_0264,CPS_19,Are all persons – 1 Under 15 years of age 2 Non-household members,ACS_16,Is there any reason the information from this interview should NOT be used?,Household
CPS_0265,CPS_19,Are all persons – 1 Under 15 years of age 2 Non-household members,ACS_17,Why do you think the data should not be used?,Household
CPS_0266,CPS_19,Are all persons – 1 Under 15 years of age 2 Non-household members,ACS_18,Please print the name and telephone number of the person who is filling out this form.,Household
CPS_0267,CPS_19,Are all persons – 1 Under 15 years of age 2 Non-household members,ACS_69,"Please copy the name of Person 1 from page 2, then continue answering questions below.",Household
CPS_0268,CPS_293,"(We will recontact this household in 8 months / In the future we may need to recontact this household / We will recontact this household next month) to update this information. If we are unable to reach you and we talk to someone else instead, is it OK if we refer to some of the information you gave us?",ACS_16,Is there any reason the information from this interview should NOT be used?,Household
CPS_0269,CPS_293,"(We will recontact this household in 8 months / In the future we may need to recontact this household / We will recontact this household next month) to update this information. If we are unable to reach you and we talk to someone else instead, is it OK if we refer to some of the information you gave us?",ACS_17,Why do you think the data should not be used?,Household
CPS_0270,CPS_293,"(We will recontact this household in 8 months / In the future we may need to recontact this household / We will recontact this household next month) to update this information. If we are unable to reach you and we talk to someone else instead, is it OK if we refer to some of the information you gave us?",ACS_18,Please print the name and telephone number of the person who is filling out this form.,Household
CPS_0271,CPS_293,"(We will recontact this household in 8 months / In the future we may need to recontact this household / We will recontact this household next month) to update this information. If we are unable to reach you and we talk to someone else instead, is it OK if we refer to some of the information you gave us?",ACS_69,"Please copy the name of Person 1 from page 2, then continue answering questions below.",Household
CPS_0272,CPS_15,What is the name of the person or one of the persons who owns or rents that home?,ACS_56,"Is this house, apartment, or mobile home – Mark (X) ONE box. Owned by you or someone in this household with a mortgage or loan? Include home equity loans. Owned by you or someone in this household free and clear (without a mortgage or loan)? Rented? Occupied without payment of rent?",Tenure (Own/Rent)
CPS_0273,CPS_52,"(THE WEEK BEFORE LAST/LAST WEEK), did (name/you) do ANY work for (pay/either pay or profit)?",ACS_102,"LAST WEEK, did this person work for pay at a job (or business)?",Employment Status
CPS_0274,CPS_52,"(THE WEEK BEFORE LAST/LAST WEEK), did (name/you) do ANY work for (pay/either pay or profit)?",ACS_103,"LAST WEEK, did this person do ANY work for pay, even for as little as one hour?",Employment Status
CPS_0275,CPS_52,"(THE WEEK BEFORE LAST/LAST WEEK), did (name/you) do ANY work for (pay/either pay or profit)?",ACS_109,"LAST WEEK, was this person on layoff from a job?",Employment Status
CPS_0276,CPS_52,"(THE WEEK BEFORE LAST/LAST WEEK), did (name/you) do ANY work for (pay/either pay or profit)?",ACS_110,"LAST WEEK, was this person TEMPORARILY absent from a job or business?",Employment Status
CPS_0277,CPS_52,"(THE WEEK BEFORE LAST/LAST WEEK), did (name/you) do ANY work for (pay/either pay or profit)?",ACS_114,"When did this person last work, even for a few days?",Employment Status
CPS_0278,CPS_55,Last month (name/you) (was/were) reported to be retired. (Are / Is) (you/he/she) still retired?,ACS_102,"LAST WEEK, did this person work for pay at a job (or business)?",Employment Status
CPS_0279,CPS_55,Last month (name/you) (was/were) reported to be retired. (Are / Is) (you/he/she) still retired?,ACS_103,"LAST WEEK, did this person do ANY work for pay, even for as little as one hour?",Employment Status
CPS_0280,CPS_55,Last month (name/you) (was/were) reported to be retired. (Are / Is) (you/he/she) still retired?,ACS_109,"LAST WEEK, was this person on layoff from a job?",Employment Status
CPS_0281,CPS_55,Last month (name/you) (was/were) reported to be retired. (Are / Is) (you/he/she) still retired?,ACS_110,"LAST WEEK, was this person TEMPORARILY absent from a job or business?",Employment Status
CPS_0282,CPS_55,Last month (name/you) (was/were) reported to be retired. (Are / Is) (you/he/she) still retired?,ACS_114,"When did this person last work, even for a few days?",Employment Status
CPS_0283,CPS_57,"(Do / Does) (name/you) currently want a job, either full or part time?",ACS_102,"LAST WEEK, did this person work for pay at a job (or business)?",Employment Status
CPS_0284,CPS_57,"(Do / Does) (name/you) currently want a job, either full or part time?",ACS_103,"LAST WEEK, did this person do ANY work for pay, even for as little as one hour?",Employment Status
CPS_0285,CPS_57,"(Do / Does) (name/you) currently want a job, either full or part time?",ACS_109,"LAST WEEK, was this person on layoff from a job?",Employment Status
CPS_0286,CPS_57,"(Do / Does) (name/you) currently want a job, either full or part time?",ACS_110,"LAST WEEK, was this person TEMPORARILY absent from a job or business?",Employment Status
CPS_0287,CPS_57,"(Do / Does) (name/you) currently want a job, either full or part time?",ACS_114,"When did this person last work, even for a few days?",Employment Status
CPS_0288,CPS_71,"(THE WEEK BEFORE LAST/LAST WEEK), (in addition to the business) (name/you) have a job either full or part time? Include any job from which (name/you) (was/were) temporarily absent.",ACS_102,"LAST WEEK, did this person work for pay at a job (or business)?",Employment Status
CPS_0289,CPS_71,"(THE WEEK BEFORE LAST/LAST WEEK), (in addition to the business) (name/you) have a job either full or part time? Include any job from which (name/you) (was/were) temporarily absent.",ACS_103,"LAST WEEK, did this person do ANY work for pay, even for as little as one hour?",Employment Status
CPS_0290,CPS_71,"(THE WEEK BEFORE LAST/LAST WEEK), (in addition to the business) (name/you) have a job either full or part time? Include any job from which (name/you) (was/were) temporarily absent.",ACS_109,"LAST WEEK, was this person on layoff from a job?",Employment Status
CPS_0291,CPS_71,"(THE WEEK BEFORE LAST/LAST WEEK), (in addition to the business) (name/you) have a job either full or part time? Include any job from which (name/you) (was/were) temporarily absent.",ACS_110,"LAST WEEK, was this person TEMPORARILY absent from a job or business?",Employment Status
CPS_0292,CPS_71,"(THE WEEK BEFORE LAST/LAST WEEK), (in addition to the business) (name/you) have a job either full or part time? Include any job from which (name/you) (was/were) temporarily absent.",ACS_114,"When did this person last work, even for a few days?",Employment Status
CPS_0293,CPS_72,"(Do / Does) (name/you) currently want a job, either full or part time?",ACS_102,"LAST WEEK, did this person work for pay at a job (or business)?",Employment Status
CPS_0294,CPS_72,"(Do / Does) (name/you) currently want a job, either full or part time?",ACS_103,"LAST WEEK, did this person do ANY work for pay, even for as little as one hour?",Employment Status
CPS_0295,CPS_72,"(Do / Does) (name/you) currently want a job, either full or part time?",ACS_109,"LAST WEEK, was this person on layoff from a job?",Employment Status
CPS_0296,CPS_72,"(Do / Does) (name/you) currently want a job, either full or part time?",ACS_110,"LAST WEEK, was this person TEMPORARILY absent from a job or business?",Employment Status
CPS_0297,CPS_72,"(Do / Does) (name/you) currently want a job, either full or part time?",ACS_114,"When did this person last work, even for a few days?",Employment Status
CPS_0298,CPS_86,"(THE WEEK BEFORE LAST/LAST WEEK), (was/were) (name/you) on layoff from a job?",ACS_102,"LAST WEEK, did this person work for pay at a job (or business)?",Employment Status
CPS_0299,CPS_86,"(THE WEEK BEFORE LAST/LAST WEEK), (was/were) (name/you) on layoff from a job?",ACS_103,"LAST WEEK, did this person do ANY work for pay, even for as little as one hour?",Employment Status
CPS_0300,CPS_86,"(THE WEEK BEFORE LAST/LAST WEEK), (was/were) (name/you) on layoff from a job?",ACS_109,"LAST WEEK, was this person on layoff from a job?",Employment Status
CPS_0301,CPS_86,"(THE WEEK BEFORE LAST/LAST WEEK), (was/were) (name/you) on layoff from a job?",ACS_110,"LAST WEEK, was this person TEMPORARILY absent from a job or business?",Employment Status
CPS_0302,CPS_86,"(THE WEEK BEFORE LAST/LAST WEEK), (was/were) (name/you) on layoff from a job?",ACS_114,"When did this person last work, even for a few days?",Employment Status
CPS_0303,CPS_87,"(Do / Does) (name/you) currently want a job, either full or part time?",ACS_102,"LAST WEEK, did this person work for pay at a job (or business)?",Employment Status
CPS_0304,CPS_87,"(Do / Does) (name/you) currently want a job, either full or part time?",ACS_103,"LAST WEEK, did this person do ANY work for pay, even for as little as one hour?",Employment Status
CPS_0305,CPS_87,"(Do / Does) (name/you) currently want a job, either full or part time?",ACS_109,"LAST WEEK, was this person on layoff from a job?",Employment Status
CPS_0306,CPS_87,"(Do / Does) (name/you) currently want a job, either full or part time?",ACS_110,"LAST WEEK, was this person TEMPORARILY absent from a job or business?",Employment Status
CPS_0307,CPS_87,"(Do / Does) (name/you) currently want a job, either full or part time?",ACS_114,"When did this person last work, even for a few days?",Employment Status
CPS_0308,CPS_101,What was the main reason (you/he/she) (was/were) absent from work (THE WEEK BEFORE LAST/LAST WEEK)?,ACS_102,"LAST WEEK, did this person work for pay at a job (or business)?",Employment Status
CPS_0309,CPS_101,What was the main reason (you/he/she) (was/were) absent from work (THE WEEK BEFORE LAST/LAST WEEK)?,ACS_103,"LAST WEEK, did this person do ANY work for pay, even for as little as one hour?",Employment Status
CPS_0310,CPS_101,What was the main reason (you/he/she) (was/were) absent from work (THE WEEK BEFORE LAST/LAST WEEK)?,ACS_109,"LAST WEEK, was this person on layoff from a job?",Employment Status
CPS_0311,CPS_101,What was the main reason (you/he/she) (was/were) absent from work (THE WEEK BEFORE LAST/LAST WEEK)?,ACS_110,"LAST WEEK, was this person TEMPORARILY absent from a job or business?",Employment Status
CPS_0312,CPS_101,What was the main reason (you/he/she) (was/were) absent from work (THE WEEK BEFORE LAST/LAST WEEK)?,ACS_114,"When did this person last work, even for a few days?",Employment Status
CPS_0313,CPS_103,"(THE WEEK BEFORE LAST/LAST WEEK), did (name/you) have more than one (job/job or business), including part time, evening or weekend work?",ACS_102,"LAST WEEK, did this person work for pay at a job (or business)?",Employment Status
CPS_0314,CPS_103,"(THE WEEK BEFORE LAST/LAST WEEK), did (name/you) have more than one (job/job or business), including part time, evening or weekend work?",ACS_103,"LAST WEEK, did this person do ANY work for pay, even for as little as one hour?",Employment Status
CPS_0315,CPS_103,"(THE WEEK BEFORE LAST/LAST WEEK), did (name/you) have more than one (job/job or business), including part time, evening or weekend work?",ACS_109,"LAST WEEK, was this person on layoff from a job?",Employment Status
CPS_0316,CPS_103,"(THE WEEK BEFORE LAST/LAST WEEK), did (name/you) have more than one (job/job or business), including part time, evening or weekend work?",ACS_110,"LAST WEEK, was this person TEMPORARILY absent from a job or business?",Employment Status
CPS_0317,CPS_103,"(THE WEEK BEFORE LAST/LAST WEEK), did (name/you) have more than one (job/job or business), including part time, evening or weekend work?",ACS_114,"When did this person last work, even for a few days?",Employment Status
CPS_0318,CPS_104,"Altogether, how many (jobs/ jobs or businesses) did (you/he/she) have?",ACS_102,"LAST WEEK, did this person work for pay at a job (or business)?",Employment Status
CPS_0319,CPS_104,"Altogether, how many (jobs/ jobs or businesses) did (you/he/she) have?",ACS_103,"LAST WEEK, did this person do ANY work for pay, even for as little as one hour?",Employment Status
CPS_0320,CPS_104,"Altogether, how many (jobs/ jobs or businesses) did (you/he/she) have?",ACS_109,"LAST WEEK, was this person on layoff from a job?",Employment Status
CPS_0321,CPS_104,"Altogether, how many (jobs/ jobs or businesses) did (you/he/she) have?",ACS_110,"LAST WEEK, was this person TEMPORARILY absent from a job or business?",Employment Status
CPS_0322,CPS_104,"Altogether, how many (jobs/ jobs or businesses) did (you/he/she) have?",ACS_114,"When did this person last work, even for a few days?",Employment Status
CPS_0323,CPS_108,(Do / Does) (name/you) want to work a full time workweek of 35 hours or more per week?,ACS_102,"LAST WEEK, did this person work for pay at a job (or business)?",Employment Status
CPS_0324,CPS_108,(Do / Does) (name/you) want to work a full time workweek of 35 hours or more per week?,ACS_103,"LAST WEEK, did this person do ANY work for pay, even for as little as one hour?",Employment Status
CPS_0325,CPS_108,(Do / Does) (name/you) want to work a full time workweek of 35 hours or more per week?,ACS_109,"LAST WEEK, was this person on layoff from a job?",Employment Status
CPS_0326,CPS_108,(Do / Does) (name/you) want to work a full time workweek of 35 hours or more per week?,ACS_110,"LAST WEEK, was this person TEMPORARILY absent from a job or business?",Employment Status
CPS_0327,CPS_108,(Do / Does) (name/you) want to work a full time workweek of 35 hours or more per week?,ACS_114,"When did this person last work, even for a few days?",Employment Status
CPS_0328,CPS_109,Some people work part time because they cannot find full time work or because business is poor. Others work part time because of family obligations or other personal reasons. What is (name's/your) MAIN reason for working part time?,ACS_102,"LAST WEEK, did this person work for pay at a job (or business)?",Employment Status
CPS_0329,CPS_109,Some people work part time because they cannot find full time work or because business is poor. Others work part time because of family obligations or other personal reasons. What is (name's/your) MAIN reason for working part time?,ACS_103,"LAST WEEK, did this person do ANY work for pay, even for as little as one hour?",Employment Status
CPS_0330,CPS_109,Some people work part time because they cannot find full time work or because business is poor. Others work part time because of family obligations or other personal reasons. What is (name's/your) MAIN reason for working part time?,ACS_109,"LAST WEEK, was this person on layoff from a job?",Employment Status
CPS_0331,CPS_109,Some people work part time because they cannot find full time work or because business is poor. Others work part time because of family obligations or other personal reasons. What is (name's/your) MAIN reason for working part time?,ACS_110,"LAST WEEK, was this person TEMPORARILY absent from a job or business?",Employment Status
CPS_0332,CPS_109,Some people work part time because they cannot find full time work or because business is poor. Others work part time because of family obligations or other personal reasons. What is (name's/your) MAIN reason for working part time?,ACS_114,"When did this person last work, even for a few days?",Employment Status
CPS_0333,CPS_110,What is the main reason (you/he/she) (do/does) not want to work full time?,ACS_102,"LAST WEEK, did this person work for pay at a job (or business)?",Employment Status
CPS_0334,CPS_110,What is the main reason (you/he/she) (do/does) not want to work full time?,ACS_103,"LAST WEEK, did this person do ANY work for pay, even for as little as one hour?",Employment Status
CPS_0335,CPS_110,What is the main reason (you/he/she) (do/does) not want to work full time?,ACS_109,"LAST WEEK, was this person on layoff from a job?",Employment Status
CPS_0336,CPS_110,What is the main reason (you/he/she) (do/does) not want to work full time?,ACS_110,"LAST WEEK, was this person TEMPORARILY absent from a job or business?",Employment Status
CPS_0337,CPS_110,What is the main reason (you/he/she) (do/does) not want to work full time?,ACS_114,"When did this person last work, even for a few days?",Employment Status
CPS_0338,CPS_119,What was the main reason ( you/he/she) (was/were) absent from work (THE WEEK BEFORE LAST/LAST WEEK)?,ACS_102,"LAST WEEK, did this person work for pay at a job (or business)?",Employment Status
CPS_0339,CPS_119,What was the main reason ( you/he/she) (was/were) absent from work (THE WEEK BEFORE LAST/LAST WEEK)?,ACS_103,"LAST WEEK, did this person do ANY work for pay, even for as little as one hour?",Employment Status
CPS_0340,CPS_119,What was the main reason ( you/he/she) (was/were) absent from work (THE WEEK BEFORE LAST/LAST WEEK)?,ACS_109,"LAST WEEK, was this person on layoff from a job?",Employment Status
CPS_0341,CPS_119,What was the main reason ( you/he/she) (was/were) absent from work (THE WEEK BEFORE LAST/LAST WEEK)?,ACS_110,"LAST WEEK, was this person TEMPORARILY absent from a job or business?",Employment Status
CPS_0342,CPS_119,What was the main reason ( you/he/she) (was/were) absent from work (THE WEEK BEFORE LAST/LAST WEEK)?,ACS_114,"When did this person last work, even for a few days?",Employment Status
CPS_0343,CPS_121,"(THE WEEK BEFORE LAST/LAST WEEK), could (name/you) have worked full time IF the hours had been available?",ACS_102,"LAST WEEK, did this person work for pay at a job (or business)?",Employment Status
CPS_0344,CPS_121,"(THE WEEK BEFORE LAST/LAST WEEK), could (name/you) have worked full time IF the hours had been available?",ACS_103,"LAST WEEK, did this person do ANY work for pay, even for as little as one hour?",Employment Status
CPS_0345,CPS_121,"(THE WEEK BEFORE LAST/LAST WEEK), could (name/you) have worked full time IF the hours had been available?",ACS_109,"LAST WEEK, was this person on layoff from a job?",Employment Status
CPS_0346,CPS_121,"(THE WEEK BEFORE LAST/LAST WEEK), could (name/you) have worked full time IF the hours had been available?",ACS_110,"LAST WEEK, was this person TEMPORARILY absent from a job or business?",Employment Status
CPS_0347,CPS_121,"(THE WEEK BEFORE LAST/LAST WEEK), could (name/you) have worked full time IF the hours had been available?",ACS_114,"When did this person last work, even for a few days?",Employment Status
CPS_0348,CPS_122,Has (name's/your) employer given (you/he/she) a date to return to work?,ACS_102,"LAST WEEK, did this person work for pay at a job (or business)?",Employment Status
CPS_0349,CPS_122,Has (name's/your) employer given (you/he/she) a date to return to work?,ACS_103,"LAST WEEK, did this person do ANY work for pay, even for as little as one hour?",Employment Status
CPS_0350,CPS_122,Has (name's/your) employer given (you/he/she) a date to return to work?,ACS_109,"LAST WEEK, was this person on layoff from a job?",Employment Status
CPS_0351,CPS_122,Has (name's/your) employer given (you/he/she) a date to return to work?,ACS_110,"LAST WEEK, was this person TEMPORARILY absent from a job or business?",Employment Status
CPS_0352,CPS_122,Has (name's/your) employer given (you/he/she) a date to return to work?,ACS_114,"When did this person last work, even for a few days?",Employment Status
CPS_0353,CPS_123,(Have / Has) (you/he/she) been given any indication that ( you/he/she) will be recalled to work within the next 6 months?,ACS_102,"LAST WEEK, did this person work for pay at a job (or business)?",Employment Status
CPS_0354,CPS_123,(Have / Has) (you/he/she) been given any indication that ( you/he/she) will be recalled to work within the next 6 months?,ACS_103,"LAST WEEK, did this person do ANY work for pay, even for as little as one hour?",Employment Status
CPS_0355,CPS_123,(Have / Has) (you/he/she) been given any indication that ( you/he/she) will be recalled to work within the next 6 months?,ACS_109,"LAST WEEK, was this person on layoff from a job?",Employment Status
CPS_0356,CPS_123,(Have / Has) (you/he/she) been given any indication that ( you/he/she) will be recalled to work within the next 6 months?,ACS_110,"LAST WEEK, was this person TEMPORARILY absent from a job or business?",Employment Status
CPS_0357,CPS_123,(Have / Has) (you/he/she) been given any indication that ( you/he/she) will be recalled to work within the next 6 months?,ACS_114,"When did this person last work, even for a few days?",Employment Status
CPS_0358,CPS_124,Could (you/he/she) have returned to work (THE WEEK BEFORE LAST/LAST WEEK) IF (you/he/she) had been recalled? Why is that?,ACS_102,"LAST WEEK, did this person work for pay at a job (or business)?",Employment Status
CPS_0359,CPS_124,Could (you/he/she) have returned to work (THE WEEK BEFORE LAST/LAST WEEK) IF (you/he/she) had been recalled? Why is that?,ACS_103,"LAST WEEK, did this person do ANY work for pay, even for as little as one hour?",Employment Status
CPS_0360,CPS_124,Could (you/he/she) have returned to work (THE WEEK BEFORE LAST/LAST WEEK) IF (you/he/she) had been recalled? Why is that?,ACS_109,"LAST WEEK, was this person on layoff from a job?",Employment Status
CPS_0361,CPS_124,Could (you/he/she) have returned to work (THE WEEK BEFORE LAST/LAST WEEK) IF (you/he/she) had been recalled? Why is that?,ACS_110,"LAST WEEK, was this person TEMPORARILY absent from a job or business?",Employment Status
CPS_0362,CPS_124,Could (you/he/she) have returned to work (THE WEEK BEFORE LAST/LAST WEEK) IF (you/he/she) had been recalled? Why is that?,ACS_114,"When did this person last work, even for a few days?",Employment Status
CPS_0363,CPS_126,"As of the end of (THE WEEK BEFORE LAST/LAST WEEK), how long had/has (you/he/she) been on layoff?",ACS_102,"LAST WEEK, did this person work for pay at a job (or business)?",Employment Status
CPS_0364,CPS_126,"As of the end of (THE WEEK BEFORE LAST/LAST WEEK), how long had/has (you/he/she) been on layoff?",ACS_103,"LAST WEEK, did this person do ANY work for pay, even for as little as one hour?",Employment Status
CPS_0365,CPS_126,"As of the end of (THE WEEK BEFORE LAST/LAST WEEK), how long had/has (you/he/she) been on layoff?",ACS_109,"LAST WEEK, was this person on layoff from a job?",Employment Status
CPS_0366,CPS_126,"As of the end of (THE WEEK BEFORE LAST/LAST WEEK), how long had/has (you/he/she) been on layoff?",ACS_110,"LAST WEEK, was this person TEMPORARILY absent from a job or business?",Employment Status
CPS_0367,CPS_126,"As of the end of (THE WEEK BEFORE LAST/LAST WEEK), how long had/has (you/he/she) been on layoff?",ACS_114,"When did this person last work, even for a few days?",Employment Status
CPS_0368,CPS_127,"We would like to have that in weeks, IF possible, exactly how many weeks had (name/you) been on layoff?",ACS_102,"LAST WEEK, did this person work for pay at a job (or business)?",Employment Status
CPS_0369,CPS_127,"We would like to have that in weeks, IF possible, exactly how many weeks had (name/you) been on layoff?",ACS_103,"LAST WEEK, did this person do ANY work for pay, even for as little as one hour?",Employment Status
CPS_0370,CPS_127,"We would like to have that in weeks, IF possible, exactly how many weeks had (name/you) been on layoff?",ACS_109,"LAST WEEK, was this person on layoff from a job?",Employment Status
CPS_0371,CPS_127,"We would like to have that in weeks, IF possible, exactly how many weeks had (name/you) been on layoff?",ACS_110,"LAST WEEK, was this person TEMPORARILY absent from a job or business?",Employment Status
CPS_0372,CPS_127,"We would like to have that in weeks, IF possible, exactly how many weeks had (name/you) been on layoff?",ACS_114,"When did this person last work, even for a few days?",Employment Status
CPS_0373,CPS_143,"(THE WEEK BEFORE LAST/LAST WEEK), could (you/he/she) have started a job if one had been offered?",ACS_102,"LAST WEEK, did this person work for pay at a job (or business)?",Employment Status
CPS_0374,CPS_143,"(THE WEEK BEFORE LAST/LAST WEEK), could (you/he/she) have started a job if one had been offered?",ACS_103,"LAST WEEK, did this person do ANY work for pay, even for as little as one hour?",Employment Status
CPS_0375,CPS_143,"(THE WEEK BEFORE LAST/LAST WEEK), could (you/he/she) have started a job if one had been offered?",ACS_109,"LAST WEEK, was this person on layoff from a job?",Employment Status
CPS_0376,CPS_143,"(THE WEEK BEFORE LAST/LAST WEEK), could (you/he/she) have started a job if one had been offered?",ACS_110,"LAST WEEK, was this person TEMPORARILY absent from a job or business?",Employment Status
CPS_0377,CPS_143,"(THE WEEK BEFORE LAST/LAST WEEK), could (you/he/she) have started a job if one had been offered?",ACS_114,"When did this person last work, even for a few days?",Employment Status
CPS_0378,CPS_146,"BEFORE (name/you) started looking for work, what (was/were) (you/he/she) doing: working, going to school, or something else?",ACS_102,"LAST WEEK, did this person work for pay at a job (or business)?",Employment Status
CPS_0379,CPS_146,"BEFORE (name/you) started looking for work, what (was/were) (you/he/she) doing: working, going to school, or something else?",ACS_103,"LAST WEEK, did this person do ANY work for pay, even for as little as one hour?",Employment Status
CPS_0380,CPS_146,"BEFORE (name/you) started looking for work, what (was/were) (you/he/she) doing: working, going to school, or something else?",ACS_109,"LAST WEEK, was this person on layoff from a job?",Employment Status
CPS_0381,CPS_146,"BEFORE (name/you) started looking for work, what (was/were) (you/he/she) doing: working, going to school, or something else?",ACS_110,"LAST WEEK, was this person TEMPORARILY absent from a job or business?",Employment Status
CPS_0382,CPS_146,"BEFORE (name/you) started looking for work, what (was/were) (you/he/she) doing: working, going to school, or something else?",ACS_114,"When did this person last work, even for a few days?",Employment Status
CPS_0383,CPS_147,"Did (you/he/she) lose or quit that job, or was it a temporary job that ended?",ACS_102,"LAST WEEK, did this person work for pay at a job (or business)?",Employment Status
CPS_0384,CPS_147,"Did (you/he/she) lose or quit that job, or was it a temporary job that ended?",ACS_103,"LAST WEEK, did this person do ANY work for pay, even for as little as one hour?",Employment Status
CPS_0385,CPS_147,"Did (you/he/she) lose or quit that job, or was it a temporary job that ended?",ACS_109,"LAST WEEK, was this person on layoff from a job?",Employment Status
CPS_0386,CPS_147,"Did (you/he/she) lose or quit that job, or was it a temporary job that ended?",ACS_110,"LAST WEEK, was this person TEMPORARILY absent from a job or business?",Employment Status
CPS_0387,CPS_147,"Did (you/he/she) lose or quit that job, or was it a temporary job that ended?",ACS_114,"When did this person last work, even for a few days?",Employment Status
CPS_0388,CPS_148,When did (you/he/she) last work at (a/that) job or business?,ACS_102,"LAST WEEK, did this person work for pay at a job (or business)?",Employment Status
CPS_0389,CPS_148,When did (you/he/she) last work at (a/that) job or business?,ACS_103,"LAST WEEK, did this person do ANY work for pay, even for as little as one hour?",Employment Status
CPS_0390,CPS_148,When did (you/he/she) last work at (a/that) job or business?,ACS_109,"LAST WEEK, was this person on layoff from a job?",Employment Status
CPS_0391,CPS_148,When did (you/he/she) last work at (a/that) job or business?,ACS_110,"LAST WEEK, was this person TEMPORARILY absent from a job or business?",Employment Status
CPS_0392,CPS_148,When did (you/he/she) last work at (a/that) job or business?,ACS_114,"When did this person last work, even for a few days?",Employment Status
CPS_0393,CPS_150,What was the month and year that (you/he/she) last worked?,ACS_102,"LAST WEEK, did this person work for pay at a job (or business)?",Employment Status
CPS_0394,CPS_150,What was the month and year that (you/he/she) last worked?,ACS_103,"LAST WEEK, did this person do ANY work for pay, even for as little as one hour?",Employment Status
CPS_0395,CPS_150,What was the month and year that (you/he/she) last worked?,ACS_109,"LAST WEEK, was this person on layoff from a job?",Employment Status
CPS_0396,CPS_150,What was the month and year that (you/he/she) last worked?,ACS_110,"LAST WEEK, was this person TEMPORARILY absent from a job or business?",Employment Status
CPS_0397,CPS_150,What was the month and year that (you/he/she) last worked?,ACS_114,"When did this person last work, even for a few days?",Employment Status
CPS_0398,CPS_154,"(Do / Does) (name/you) currently want a job, either full or part time?",ACS_102,"LAST WEEK, did this person work for pay at a job (or business)?",Employment Status
CPS_0399,CPS_154,"(Do / Does) (name/you) currently want a job, either full or part time?",ACS_103,"LAST WEEK, did this person do ANY work for pay, even for as little as one hour?",Employment Status
CPS_0400,CPS_154,"(Do / Does) (name/you) currently want a job, either full or part time?",ACS_109,"LAST WEEK, was this person on layoff from a job?",Employment Status
CPS_0401,CPS_154,"(Do / Does) (name/you) currently want a job, either full or part time?",ACS_110,"LAST WEEK, was this person TEMPORARILY absent from a job or business?",Employment Status
CPS_0402,CPS_154,"(Do / Does) (name/you) currently want a job, either full or part time?",ACS_114,"When did this person last work, even for a few days?",Employment Status
CPS_0403,CPS_170,Did (you/he/she) actually WORK at a job or business during the last 12 months?,ACS_102,"LAST WEEK, did this person work for pay at a job (or business)?",Employment Status
CPS_0404,CPS_170,Did (you/he/she) actually WORK at a job or business during the last 12 months?,ACS_103,"LAST WEEK, did this person do ANY work for pay, even for as little as one hour?",Employment Status
CPS_0405,CPS_170,Did (you/he/she) actually WORK at a job or business during the last 12 months?,ACS_109,"LAST WEEK, was this person on layoff from a job?",Employment Status
CPS_0406,CPS_170,Did (you/he/she) actually WORK at a job or business during the last 12 months?,ACS_110,"LAST WEEK, was this person TEMPORARILY absent from a job or business?",Employment Status
CPS_0407,CPS_170,Did (you/he/she) actually WORK at a job or business during the last 12 months?,ACS_114,"When did this person last work, even for a few days?",Employment Status
CPS_0408,CPS_171,Did (you/he/she) do any of this work during the last 4 weeks?,ACS_102,"LAST WEEK, did this person work for pay at a job (or business)?",Employment Status
CPS_0409,CPS_171,Did (you/he/she) do any of this work during the last 4 weeks?,ACS_103,"LAST WEEK, did this person do ANY work for pay, even for as little as one hour?",Employment Status
CPS_0410,CPS_171,Did (you/he/she) do any of this work during the last 4 weeks?,ACS_109,"LAST WEEK, was this person on layoff from a job?",Employment Status
CPS_0411,CPS_171,Did (you/he/she) do any of this work during the last 4 weeks?,ACS_110,"LAST WEEK, was this person TEMPORARILY absent from a job or business?",Employment Status
CPS_0412,CPS_171,Did (you/he/she) do any of this work during the last 4 weeks?,ACS_114,"When did this person last work, even for a few days?",Employment Status
CPS_0413,CPS_172,Did (you/he/she) do any of this work during the last 4 weeks?,ACS_102,"LAST WEEK, did this person work for pay at a job (or business)?",Employment Status
CPS_0414,CPS_172,Did (you/he/she) do any of this work during the last 4 weeks?,ACS_103,"LAST WEEK, did this person do ANY work for pay, even for as little as one hour?",Employment Status
CPS_0415,CPS_172,Did (you/he/she) do any of this work during the last 4 weeks?,ACS_109,"LAST WEEK, was this person on layoff from a job?",Employment Status
CPS_0416,CPS_172,Did (you/he/she) do any of this work during the last 4 weeks?,ACS_110,"LAST WEEK, was this person TEMPORARILY absent from a job or business?",Employment Status
CPS_0417,CPS_172,Did (you/he/she) do any of this work during the last 4 weeks?,ACS_114,"When did this person last work, even for a few days?",Employment Status
CPS_0418,CPS_177,(Have / Has) (name/you) worked at a job or business at any time during the past 12 months?,ACS_102,"LAST WEEK, did this person work for pay at a job (or business)?",Employment Status
CPS_0419,CPS_177,(Have / Has) (name/you) worked at a job or business at any time during the past 12 months?,ACS_103,"LAST WEEK, did this person do ANY work for pay, even for as little as one hour?",Employment Status
CPS_0420,CPS_177,(Have / Has) (name/you) worked at a job or business at any time during the past 12 months?,ACS_109,"LAST WEEK, was this person on layoff from a job?",Employment Status
CPS_0421,CPS_177,(Have / Has) (name/you) worked at a job or business at any time during the past 12 months?,ACS_110,"LAST WEEK, was this person TEMPORARILY absent from a job or business?",Employment Status
CPS_0422,CPS_177,(Have / Has) (name/you) worked at a job or business at any time during the past 12 months?,ACS_114,"When did this person last work, even for a few days?",Employment Status
CPS_0423,CPS_178,Did (you/he/she) do any of this work during the last 4 weeks?,ACS_102,"LAST WEEK, did this person work for pay at a job (or business)?",Employment Status
CPS_0424,CPS_178,Did (you/he/she) do any of this work during the last 4 weeks?,ACS_103,"LAST WEEK, did this person do ANY work for pay, even for as little as one hour?",Employment Status
CPS_0425,CPS_178,Did (you/he/she) do any of this work during the last 4 weeks?,ACS_109,"LAST WEEK, was this person on layoff from a job?",Employment Status
CPS_0426,CPS_178,Did (you/he/she) do any of this work during the last 4 weeks?,ACS_110,"LAST WEEK, was this person TEMPORARILY absent from a job or business?",Employment Status
CPS_0427,CPS_178,Did (you/he/she) do any of this work during the last 4 weeks?,ACS_114,"When did this person last work, even for a few days?",Employment Status
CPS_0428,CPS_179,Did (you/he/she) do any of this work during the last 4 weeks?,ACS_102,"LAST WEEK, did this person work for pay at a job (or business)?",Employment Status
CPS_0429,CPS_179,Did (you/he/she) do any of this work during the last 4 weeks?,ACS_103,"LAST WEEK, did this person do ANY work for pay, even for as little as one hour?",Employment Status
CPS_0430,CPS_179,Did (you/he/she) do any of this work during the last 4 weeks?,ACS_109,"LAST WEEK, was this person on layoff from a job?",Employment Status
CPS_0431,CPS_179,Did (you/he/she) do any of this work during the last 4 weeks?,ACS_110,"LAST WEEK, was this person TEMPORARILY absent from a job or business?",Employment Status
CPS_0432,CPS_179,Did (you/he/she) do any of this work during the last 4 weeks?,ACS_114,"When did this person last work, even for a few days?",Employment Status
CPS_0433,CPS_180,What is the main reason (you/he/she) left (your/his/her) last job?,ACS_102,"LAST WEEK, did this person work for pay at a job (or business)?",Employment Status
CPS_0434,CPS_180,What is the main reason (you/he/she) left (your/his/her) last job?,ACS_103,"LAST WEEK, did this person do ANY work for pay, even for as little as one hour?",Employment Status
CPS_0435,CPS_180,What is the main reason (you/he/she) left (your/his/her) last job?,ACS_109,"LAST WEEK, was this person on layoff from a job?",Employment Status
CPS_0436,CPS_180,What is the main reason (you/he/she) left (your/his/her) last job?,ACS_110,"LAST WEEK, was this person TEMPORARILY absent from a job or business?",Employment Status
CPS_0437,CPS_180,What is the main reason (you/he/she) left (your/his/her) last job?,ACS_114,"When did this person last work, even for a few days?",Employment Status
CPS_0438,CPS_182,"Last month, it was reported that (name/you) worked for (input.IO1NAM). (Do / Does) (you/he/she) still work for (input.IO1NAM)",ACS_102,"LAST WEEK, did this person work for pay at a job (or business)?",Employment Status
CPS_0439,CPS_182,"Last month, it was reported that (name/you) worked for (input.IO1NAM). (Do / Does) (you/he/she) still work for (input.IO1NAM)",ACS_103,"LAST WEEK, did this person do ANY work for pay, even for as little as one hour?",Employment Status
CPS_0440,CPS_182,"Last month, it was reported that (name/you) worked for (input.IO1NAM). (Do / Does) (you/he/she) still work for (input.IO1NAM)",ACS_109,"LAST WEEK, was this person on layoff from a job?",Employment Status
CPS_0441,CPS_182,"Last month, it was reported that (name/you) worked for (input.IO1NAM). (Do / Does) (you/he/she) still work for (input.IO1NAM)",ACS_110,"LAST WEEK, was this person TEMPORARILY absent from a job or business?",Employment Status
CPS_0442,CPS_182,"Last month, it was reported that (name/you) worked for (input.IO1NAM). (Do / Does) (you/he/she) still work for (input.IO1NAM)",ACS_114,"When did this person last work, even for a few days?",Employment Status
CPS_0443,CPS_193,(Were/Was) (name/you) working for pay?,ACS_102,"LAST WEEK, did this person work for pay at a job (or business)?",Employment Status
CPS_0444,CPS_193,(Were/Was) (name/you) working for pay?,ACS_103,"LAST WEEK, did this person do ANY work for pay, even for as little as one hour?",Employment Status
CPS_0445,CPS_193,(Were/Was) (name/you) working for pay?,ACS_109,"LAST WEEK, was this person on layoff from a job?",Employment Status
CPS_0446,CPS_193,(Were/Was) (name/you) working for pay?,ACS_110,"LAST WEEK, was this person TEMPORARILY absent from a job or business?",Employment Status
CPS_0447,CPS_193,(Were/Was) (name/you) working for pay?,ACS_114,"When did this person last work, even for a few days?",Employment Status
CPS_0448,CPS_194,(Were/Was) (name/you) working for pay?,ACS_102,"LAST WEEK, did this person work for pay at a job (or business)?",Employment Status
CPS_0449,CPS_194,(Were/Was) (name/you) working for pay?,ACS_103,"LAST WEEK, did this person do ANY work for pay, even for as little as one hour?",Employment Status
CPS_0450,CPS_194,(Were/Was) (name/you) working for pay?,ACS_109,"LAST WEEK, was this person on layoff from a job?",Employment Status
CPS_0451,CPS_194,(Were/Was) (name/you) working for pay?,ACS_110,"LAST WEEK, was this person TEMPORARILY absent from a job or business?",Employment Status
CPS_0452,CPS_194,(Were/Was) (name/you) working for pay?,ACS_114,"When did this person last work, even for a few days?",Employment Status
CPS_0453,CPS_214,(Were/Was) (name/you) working for pay?,ACS_102,"LAST WEEK, did this person work for pay at a job (or business)?",Employment Status
CPS_0454,CPS_214,(Were/Was) (name/you) working for pay?,ACS_103,"LAST WEEK, did this person do ANY work for pay, even for as little as one hour?",Employment Status
CPS_0455,CPS_214,(Were/Was) (name/you) working for pay?,ACS_109,"LAST WEEK, was this person on layoff from a job?",Employment Status
CPS_0456,CPS_214,(Were/Was) (name/you) working for pay?,ACS_110,"LAST WEEK, was this person TEMPORARILY absent from a job or business?",Employment Status
CPS_0457,CPS_214,(Were/Was) (name/you) working for pay?,ACS_114,"When did this person last work, even for a few days?",Employment Status
CPS_0458,CPS_215,(Were/Was) (name/you) working for pay?,ACS_102,"LAST WEEK, did this person work for pay at a job (or business)?",Employment Status
CPS_0459,CPS_215,(Were/Was) (name/you) working for pay?,ACS_103,"LAST WEEK, did this person do ANY work for pay, even for as little as one hour?",Employment Status
CPS_0460,CPS_215,(Were/Was) (name/you) working for pay?,ACS_109,"LAST WEEK, was this person on layoff from a job?",Employment Status
CPS_0461,CPS_215,(Were/Was) (name/you) working for pay?,ACS_110,"LAST WEEK, was this person TEMPORARILY absent from a job or business?",Employment Status
CPS_0462,CPS_215,(Were/Was) (name/you) working for pay?,ACS_114,"When did this person last work, even for a few days?",Employment Status
CPS_0463,CPS_236,(Was/Were) (name/you) working for pay?,ACS_102,"LAST WEEK, did this person work for pay at a job (or business)?",Employment Status
CPS_0464,CPS_236,(Was/Were) (name/you) working for pay?,ACS_103,"LAST WEEK, did this person do ANY work for pay, even for as little as one hour?",Employment Status
CPS_0465,CPS_236,(Was/Were) (name/you) working for pay?,ACS_109,"LAST WEEK, was this person on layoff from a job?",Employment Status
CPS_0466,CPS_236,(Was/Were) (name/you) working for pay?,ACS_110,"LAST WEEK, was this person TEMPORARILY absent from a job or business?",Employment Status
CPS_0467,CPS_236,(Was/Were) (name/you) working for pay?,ACS_114,"When did this person last work, even for a few days?",Employment Status
CPS_0468,CPS_286,"On this job, (are / is) (name/you) covered by a union or employee association contract?",ACS_102,"LAST WEEK, did this person work for pay at a job (or business)?",Employment Status
CPS_0469,CPS_286,"On this job, (are / is) (name/you) covered by a union or employee association contract?",ACS_103,"LAST WEEK, did this person do ANY work for pay, even for as little as one hour?",Employment Status
CPS_0470,CPS_286,"On this job, (are / is) (name/you) covered by a union or employee association contract?",ACS_109,"LAST WEEK, was this person on layoff from a job?",Employment Status
CPS_0471,CPS_286,"On this job, (are / is) (name/you) covered by a union or employee association contract?",ACS_110,"LAST WEEK, was this person TEMPORARILY absent from a job or business?",Employment Status
CPS_0472,CPS_286,"On this job, (are / is) (name/you) covered by a union or employee association contract?",ACS_114,"When did this person last work, even for a few days?",Employment Status
CPS_0473,CPS_287,When did (name/you) last work at a job or business?,ACS_102,"LAST WEEK, did this person work for pay at a job (or business)?",Employment Status
CPS_0474,CPS_287,When did (name/you) last work at a job or business?,ACS_103,"LAST WEEK, did this person do ANY work for pay, even for as little as one hour?",Employment Status
CPS_0475,CPS_287,When did (name/you) last work at a job or business?,ACS_109,"LAST WEEK, was this person on layoff from a job?",Employment Status
CPS_0476,CPS_287,When did (name/you) last work at a job or business?,ACS_110,"LAST WEEK, was this person TEMPORARILY absent from a job or business?",Employment Status
CPS_0477,CPS_287,When did (name/you) last work at a job or business?,ACS_114,"When did this person last work, even for a few days?",Employment Status
CPS_0478,CPS_288,(Are / Is) (name/you) retired FROM A JOB OR BUSINESS?,ACS_102,"LAST WEEK, did this person work for pay at a job (or business)?",Employment Status
CPS_0479,CPS_288,(Are / Is) (name/you) retired FROM A JOB OR BUSINESS?,ACS_103,"LAST WEEK, did this person do ANY work for pay, even for as little as one hour?",Employment Status
CPS_0480,CPS_288,(Are / Is) (name/you) retired FROM A JOB OR BUSINESS?,ACS_109,"LAST WEEK, was this person on layoff from a job?",Employment Status
CPS_0481,CPS_288,(Are / Is) (name/you) retired FROM A JOB OR BUSINESS?,ACS_110,"LAST WEEK, was this person TEMPORARILY absent from a job or business?",Employment Status
CPS_0482,CPS_288,(Are / Is) (name/you) retired FROM A JOB OR BUSINESS?,ACS_114,"When did this person last work, even for a few days?",Employment Status
CPS_0483,CPS_289,"What best describes (name's/your) situation at this time? For example, (are / is) (you/he/she) disabled, ill, in school, taking care of house or family, or something ELSE?",ACS_102,"LAST WEEK, did this person work for pay at a job (or business)?",Employment Status
CPS_0484,CPS_289,"What best describes (name's/your) situation at this time? For example, (are / is) (you/he/she) disabled, ill, in school, taking care of house or family, or something ELSE?",ACS_103,"LAST WEEK, did this person do ANY work for pay, even for as little as one hour?",Employment Status
CPS_0485,CPS_289,"What best describes (name's/your) situation at this time? For example, (are / is) (you/he/she) disabled, ill, in school, taking care of house or family, or something ELSE?",ACS_109,"LAST WEEK, was this person on layoff from a job?",Employment Status
CPS_0486,CPS_289,"What best describes (name's/your) situation at this time? For example, (are / is) (you/he/she) disabled, ill, in school, taking care of house or family, or something ELSE?",ACS_110,"LAST WEEK, was this person TEMPORARILY absent from a job or business?",Employment Status
CPS_0487,CPS_289,"What best describes (name's/your) situation at this time? For example, (are / is) (you/he/she) disabled, ill, in school, taking care of house or family, or something ELSE?",ACS_114,"When did this person last work, even for a few days?",Employment Status
CPS_0488,CPS_300,In what country (was/were) (name/you) born?,ACS_70,Where was this person born?,Foreign Born
CPS_0489,CPS_300,In what country (was/were) (name/you) born?,ACS_72,When did this person come to live in the United States?,Foreign Born
CPS_0490,CPS_301,In what country was (your/his/her) mother born?,ACS_70,Where was this person born?,Foreign Born
CPS_0491,CPS_301,In what country was (your/his/her) mother born?,ACS_72,When did this person come to live in the United States?,Foreign Born
CPS_0492,CPS_302,In what country was (your/his/her) father born?,ACS_70,Where was this person born?,Foreign Born
CPS_0493,CPS_302,In what country was (your/his/her) father born?,ACS_72,When did this person come to live in the United States?,Foreign Born
CPS_0494,CPS_20,How (are / is) (name/you) related to (reference person's name/you)?,ACS_21,What is Person 1’s name? How is this person related to Person 1?,Relationship
CPS_0495,CPS_20,How (are / is) (name/you) related to (reference person's name/you)?,ACS_26,What is Person 2’s name? How is this person related to Person 1?,Relationship
CPS_0496,CPS_20,How (are / is) (name/you) related to (reference person's name/you)?,ACS_31,What is Person 3’s name? How is this person related to Person 1?,Relationship
CPS_0497,CPS_21,Earlier you said that (name of person talking about) (was/were) not related to (reference person's name/you). (Are / Is) (name of person talking about) related to anyone else in this household?,ACS_21,What is Person 1’s name? How is this person related to Person 1?,Relationship
CPS_0498,CPS_21,Earlier you said that (name of person talking about) (was/were) not related to (reference person's name/you). (Are / Is) (name of person talking about) related to anyone else in this household?,ACS_26,What is Person 2’s name? How is this person related to Person 1?,Relationship
CPS_0499,CPS_21,Earlier you said that (name of person talking about) (was/were) not related to (reference person's name/you). (Are / Is) (name of person talking about) related to anyone else in this household?,ACS_31,What is Person 3’s name? How is this person related to Person 1?,Relationship
CPS_0500,CPS_22,Who (are / is) (name of person talking about) related to?,ACS_21,What is Person 1’s name? How is this person related to Person 1?,Relationship
CPS_0501,CPS_22,Who (are / is) (name of person talking about) related to?,ACS_26,What is Person 2’s name? How is this person related to Person 1?,Relationship
CPS_0502,CPS_22,Who (are / is) (name of person talking about) related to?,ACS_31,What is Person 3’s name? How is this person related to Person 1?,Relationship
CPS_0503,CPS_23,Is (name's/your) parent a member of this household?,ACS_21,What is Person 1’s name? How is this person related to Person 1?,Relationship
CPS_0504,CPS_23,Is (name's/your) parent a member of this household?,ACS_26,What is Person 2’s name? How is this person related to Person 1?,Relationship
CPS_0505,CPS_23,Is (name's/your) parent a member of this household?,ACS_31,What is Person 3’s name? How is this person related to Person 1?,Relationship
CPS_0506,CPS_24,"(Are / Is) (name of person talking about) (your / mother's name) biological, step, or adopted child?",ACS_21,What is Person 1’s name? How is this person related to Person 1?,Relationship
CPS_0507,CPS_24,"(Are / Is) (name of person talking about) (your / mother's name) biological, step, or adopted child?",ACS_26,What is Person 2’s name? How is this person related to Person 1?,Relationship
CPS_0508,CPS_24,"(Are / Is) (name of person talking about) (your / mother's name) biological, step, or adopted child?",ACS_31,What is Person 3’s name? How is this person related to Person 1?,Relationship
CPS_0509,CPS_25,Is (name's/your) other parent a member of this household?,ACS_21,What is Person 1’s name? How is this person related to Person 1?,Relationship
CPS_0510,CPS_25,Is (name's/your) other parent a member of this household?,ACS_26,What is Person 2’s name? How is this person related to Person 1?,Relationship
CPS_0511,CPS_25,Is (name's/your) other parent a member of this household?,ACS_31,What is Person 3’s name? How is this person related to Person 1?,Relationship
CPS_0512,CPS_26,"(Are / Is) (name of person talking about) (your / father's name) biological, step, or adopted child?",ACS_21,What is Person 1’s name? How is this person related to Person 1?,Relationship
CPS_0513,CPS_26,"(Are / Is) (name of person talking about) (your / father's name) biological, step, or adopted child?",ACS_26,What is Person 2’s name? How is this person related to Person 1?,Relationship
CPS_0514,CPS_26,"(Are / Is) (name of person talking about) (your / father's name) biological, step, or adopted child?",ACS_31,What is Person 3’s name? How is this person related to Person 1?,Relationship
CPS_0515,CPS_27,"(REF_FNAME ^REF_LNAME’s) parent is also (name of person talking about)’s parent, is that correct?",ACS_21,What is Person 1’s name? How is this person related to Person 1?,Relationship
CPS_0516,CPS_27,"(REF_FNAME ^REF_LNAME’s) parent is also (name of person talking about)’s parent, is that correct?",ACS_26,What is Person 2’s name? How is this person related to Person 1?,Relationship
CPS_0517,CPS_27,"(REF_FNAME ^REF_LNAME’s) parent is also (name of person talking about)’s parent, is that correct?",ACS_31,What is Person 3’s name? How is this person related to Person 1?,Relationship
CPS_0518,CPS_33,Enter line number of spouse of (name of person talking about),ACS_21,What is Person 1’s name? How is this person related to Person 1?,Relationship
CPS_0519,CPS_33,Enter line number of spouse of (name of person talking about),ACS_26,What is Person 2’s name? How is this person related to Person 1?,Relationship
CPS_0520,CPS_33,Enter line number of spouse of (name of person talking about),ACS_31,What is Person 3’s name? How is this person related to Person 1?,Relationship
CPS_0521,CPS_34,"Do you have a boyfriend, girlfriend or partner in this household?",ACS_21,What is Person 1’s name? How is this person related to Person 1?,Relationship
CPS_0522,CPS_34,"Do you have a boyfriend, girlfriend or partner in this household?",ACS_26,What is Person 2’s name? How is this person related to Person 1?,Relationship
CPS_0523,CPS_34,"Do you have a boyfriend, girlfriend or partner in this household?",ACS_31,What is Person 3’s name? How is this person related to Person 1?,Relationship
CPS_0524,CPS_56,Does (your/his/her) disability continue to prevent (you/he/she) from doing any kind of work for the next 6 months (or working in the family business)?,ACS_84,Is this person deaf or does he/she have serious difficulty hearing?,Disability
CPS_0525,CPS_56,Does (your/his/her) disability continue to prevent (you/he/she) from doing any kind of work for the next 6 months (or working in the family business)?,ACS_85,Is this person blind or does he/she have serious difficulty seeing even when wearing glasses?,Disability
CPS_0526,CPS_56,Does (your/his/her) disability continue to prevent (you/he/she) from doing any kind of work for the next 6 months (or working in the family business)?,ACS_86,"Because of a physical, mental, or emotional condition, does this person have serious difficulty concentrating, remembering, or making decisions",Disability
CPS_0527,CPS_56,Does (your/his/her) disability continue to prevent (you/he/she) from doing any kind of work for the next 6 months (or working in the family business)?,ACS_87,Does this person have serious difficulty walking or climbing stairs?,Disability
CPS_0528,CPS_56,Does (your/his/her) disability continue to prevent (you/he/she) from doing any kind of work for the next 6 months (or working in the family business)?,ACS_88,Does this person have difficulty dressing or bathing?,Disability
CPS_0529,CPS_56,Does (your/his/her) disability continue to prevent (you/he/she) from doing any kind of work for the next 6 months (or working in the family business)?,ACS_89,"Because of a physical, mental, or emotional condition, does this person have difficulty doing errands alone such as visiting a doctor’s office or shopping?",Disability
CPS_0530,CPS_61,Does (your/his/her) disability prevent (you/he/she) from accepting any kind of work during the next six months?,ACS_84,Is this person deaf or does he/she have serious difficulty hearing?,Disability
CPS_0531,CPS_61,Does (your/his/her) disability prevent (you/he/she) from accepting any kind of work during the next six months?,ACS_85,Is this person blind or does he/she have serious difficulty seeing even when wearing glasses?,Disability
CPS_0532,CPS_61,Does (your/his/her) disability prevent (you/he/she) from accepting any kind of work during the next six months?,ACS_86,"Because of a physical, mental, or emotional condition, does this person have serious difficulty concentrating, remembering, or making decisions",Disability
CPS_0533,CPS_61,Does (your/his/her) disability prevent (you/he/she) from accepting any kind of work during the next six months?,ACS_87,Does this person have serious difficulty walking or climbing stairs?,Disability
CPS_0534,CPS_61,Does (your/his/her) disability prevent (you/he/she) from accepting any kind of work during the next six months?,ACS_88,Does this person have difficulty dressing or bathing?,Disability
CPS_0535,CPS_61,Does (your/his/her) disability prevent (you/he/she) from accepting any kind of work during the next six months?,ACS_89,"Because of a physical, mental, or emotional condition, does this person have difficulty doing errands alone such as visiting a doctor’s office or shopping?",Disability
CPS_0536,CPS_62,Does (your/his/her) disability prevent (you/he/she) from accepting any kind of work during the next six months?,ACS_84,Is this person deaf or does he/she have serious difficulty hearing?,Disability
CPS_0537,CPS_62,Does (your/his/her) disability prevent (you/he/she) from accepting any kind of work during the next six months?,ACS_85,Is this person blind or does he/she have serious difficulty seeing even when wearing glasses?,Disability
CPS_0538,CPS_62,Does (your/his/her) disability prevent (you/he/she) from accepting any kind of work during the next six months?,ACS_86,"Because of a physical, mental, or emotional condition, does this person have serious difficulty concentrating, remembering, or making decisions",Disability
CPS_0539,CPS_62,Does (your/his/her) disability prevent (you/he/she) from accepting any kind of work during the next six months?,ACS_87,Does this person have serious difficulty walking or climbing stairs?,Disability
CPS_0540,CPS_62,Does (your/his/her) disability prevent (you/he/she) from accepting any kind of work during the next six months?,ACS_88,Does this person have difficulty dressing or bathing?,Disability
CPS_0541,CPS_62,Does (your/his/her) disability prevent (you/he/she) from accepting any kind of work during the next six months?,ACS_89,"Because of a physical, mental, or emotional condition, does this person have difficulty doing errands alone such as visiting a doctor’s office or shopping?",Disability
CPS_0542,CPS_63,Does (your/his/her) disability prevent (you/he/she) from accepting any kind of work during the next six months?,ACS_84,Is this person deaf or does he/she have serious difficulty hearing?,Disability
CPS_0543,CPS_63,Does (your/his/her) disability prevent (you/he/she) from accepting any kind of work during the next six months?,ACS_85,Is this person blind or does he/she have serious difficulty seeing even when wearing glasses?,Disability
CPS_0544,CPS_63,Does (your/his/her) disability prevent (you/he/she) from accepting any kind of work during the next six months?,ACS_86,"Because of a physical, mental, or emotional condition, does this person have serious difficulty concentrating, remembering, or making decisions",Disability
CPS_0545,CPS_63,Does (your/his/her) disability prevent (you/he/she) from accepting any kind of work during the next six months?,ACS_87,Does this person have serious difficulty walking or climbing stairs?,Disability
CPS_0546,CPS_63,Does (your/his/her) disability prevent (you/he/she) from accepting any kind of work during the next six months?,ACS_88,Does this person have difficulty dressing or bathing?,Disability
CPS_0547,CPS_63,Does (your/his/her) disability prevent (you/he/she) from accepting any kind of work during the next six months?,ACS_89,"Because of a physical, mental, or emotional condition, does this person have difficulty doing errands alone such as visiting a doctor’s office or shopping?",Disability
CPS_0548,CPS_64,Does (your/his/her) disability prevent (you/he/she) from accepting any kind of work during the next six months?,ACS_84,Is this person deaf or does he/she have serious difficulty hearing?,Disability
CPS_0549,CPS_64,Does (your/his/her) disability prevent (you/he/she) from accepting any kind of work during the next six months?,ACS_85,Is this person blind or does he/she have serious difficulty seeing even when wearing glasses?,Disability
CPS_0550,CPS_64,Does (your/his/her) disability prevent (you/he/she) from accepting any kind of work during the next six months?,ACS_86,"Because of a physical, mental, or emotional condition, does this person have serious difficulty concentrating, remembering, or making decisions",Disability
CPS_0551,CPS_64,Does (your/his/her) disability prevent (you/he/she) from accepting any kind of work during the next six months?,ACS_87,Does this person have serious difficulty walking or climbing stairs?,Disability
CPS_0552,CPS_64,Does (your/his/her) disability prevent (you/he/she) from accepting any kind of work during the next six months?,ACS_88,Does this person have difficulty dressing or bathing?,Disability
CPS_0553,CPS_64,Does (your/his/her) disability prevent (you/he/she) from accepting any kind of work during the next six months?,ACS_89,"Because of a physical, mental, or emotional condition, does this person have difficulty doing errands alone such as visiting a doctor’s office or shopping?",Disability
CPS_0554,CPS_65,Does (your/his/her) disability prevent (you/he/she) from accepting any kind of work during the next six months?,ACS_84,Is this person deaf or does he/she have serious difficulty hearing?,Disability
CPS_0555,CPS_65,Does (your/his/her) disability prevent (you/he/she) from accepting any kind of work during the next six months?,ACS_85,Is this person blind or does he/she have serious difficulty seeing even when wearing glasses?,Disability
CPS_0556,CPS_65,Does (your/his/her) disability prevent (you/he/she) from accepting any kind of work during the next six months?,ACS_86,"Because of a physical, mental, or emotional condition, does this person have serious difficulty concentrating, remembering, or making decisions",Disability
CPS_0557,CPS_65,Does (your/his/her) disability prevent (you/he/she) from accepting any kind of work during the next six months?,ACS_87,Does this person have serious difficulty walking or climbing stairs?,Disability
CPS_0558,CPS_65,Does (your/his/her) disability prevent (you/he/she) from accepting any kind of work during the next six months?,ACS_88,Does this person have difficulty dressing or bathing?,Disability
CPS_0559,CPS_65,Does (your/his/her) disability prevent (you/he/she) from accepting any kind of work during the next six months?,ACS_89,"Because of a physical, mental, or emotional condition, does this person have difficulty doing errands alone such as visiting a doctor’s office or shopping?",Disability
CPS_0560,CPS_66,(Do / Does) (name/you) have a disability that prevents (you/he/she) from accepting any kind of work during the next six months?,ACS_84,Is this person deaf or does he/she have serious difficulty hearing?,Disability
CPS_0561,CPS_66,(Do / Does) (name/you) have a disability that prevents (you/he/she) from accepting any kind of work during the next six months?,ACS_85,Is this person blind or does he/she have serious difficulty seeing even when wearing glasses?,Disability
CPS_0562,CPS_66,(Do / Does) (name/you) have a disability that prevents (you/he/she) from accepting any kind of work during the next six months?,ACS_86,"Because of a physical, mental, or emotional condition, does this person have serious difficulty concentrating, remembering, or making decisions",Disability
CPS_0563,CPS_66,(Do / Does) (name/you) have a disability that prevents (you/he/she) from accepting any kind of work during the next six months?,ACS_87,Does this person have serious difficulty walking or climbing stairs?,Disability
CPS_0564,CPS_66,(Do / Does) (name/you) have a disability that prevents (you/he/she) from accepting any kind of work during the next six months?,ACS_88,Does this person have difficulty dressing or bathing?,Disability
CPS_0565,CPS_66,(Do / Does) (name/you) have a disability that prevents (you/he/she) from accepting any kind of work during the next six months?,ACS_89,"Because of a physical, mental, or emotional condition, does this person have difficulty doing errands alone such as visiting a doctor’s office or shopping?",Disability
CPS_0566,CPS_67,(Do / Does) (name/you) have a disability that prevents (you/he/she) from accepting any kind of work during the next six months?,ACS_84,Is this person deaf or does he/she have serious difficulty hearing?,Disability
CPS_0567,CPS_67,(Do / Does) (name/you) have a disability that prevents (you/he/she) from accepting any kind of work during the next six months?,ACS_85,Is this person blind or does he/she have serious difficulty seeing even when wearing glasses?,Disability
CPS_0568,CPS_67,(Do / Does) (name/you) have a disability that prevents (you/he/she) from accepting any kind of work during the next six months?,ACS_86,"Because of a physical, mental, or emotional condition, does this person have serious difficulty concentrating, remembering, or making decisions",Disability
CPS_0569,CPS_67,(Do / Does) (name/you) have a disability that prevents (you/he/she) from accepting any kind of work during the next six months?,ACS_87,Does this person have serious difficulty walking or climbing stairs?,Disability
CPS_0570,CPS_67,(Do / Does) (name/you) have a disability that prevents (you/he/she) from accepting any kind of work during the next six months?,ACS_88,Does this person have difficulty dressing or bathing?,Disability
CPS_0571,CPS_67,(Do / Does) (name/you) have a disability that prevents (you/he/she) from accepting any kind of work during the next six months?,ACS_89,"Because of a physical, mental, or emotional condition, does this person have difficulty doing errands alone such as visiting a doctor’s office or shopping?",Disability
CPS_0572,CPS_68,(Do / Does) (name/you) have a disability that prevents (you/he/she) from accepting any kind of work during the next six months?,ACS_84,Is this person deaf or does he/she have serious difficulty hearing?,Disability
CPS_0573,CPS_68,(Do / Does) (name/you) have a disability that prevents (you/he/she) from accepting any kind of work during the next six months?,ACS_85,Is this person blind or does he/she have serious difficulty seeing even when wearing glasses?,Disability
CPS_0574,CPS_68,(Do / Does) (name/you) have a disability that prevents (you/he/she) from accepting any kind of work during the next six months?,ACS_86,"Because of a physical, mental, or emotional condition, does this person have serious difficulty concentrating, remembering, or making decisions",Disability
CPS_0575,CPS_68,(Do / Does) (name/you) have a disability that prevents (you/he/she) from accepting any kind of work during the next six months?,ACS_87,Does this person have serious difficulty walking or climbing stairs?,Disability
CPS_0576,CPS_68,(Do / Does) (name/you) have a disability that prevents (you/he/she) from accepting any kind of work during the next six months?,ACS_88,Does this person have difficulty dressing or bathing?,Disability
CPS_0577,CPS_68,(Do / Does) (name/you) have a disability that prevents (you/he/she) from accepting any kind of work during the next six months?,ACS_89,"Because of a physical, mental, or emotional condition, does this person have difficulty doing errands alone such as visiting a doctor’s office or shopping?",Disability
CPS_0578,CPS_69,(Do / Does) (name/you) have a disability that prevents (you/he/she) from accepting any kind of work during the next six months?,ACS_84,Is this person deaf or does he/she have serious difficulty hearing?,Disability
CPS_0579,CPS_69,(Do / Does) (name/you) have a disability that prevents (you/he/she) from accepting any kind of work during the next six months?,ACS_85,Is this person blind or does he/she have serious difficulty seeing even when wearing glasses?,Disability
CPS_0580,CPS_69,(Do / Does) (name/you) have a disability that prevents (you/he/she) from accepting any kind of work during the next six months?,ACS_86,"Because of a physical, mental, or emotional condition, does this person have serious difficulty concentrating, remembering, or making decisions",Disability
CPS_0581,CPS_69,(Do / Does) (name/you) have a disability that prevents (you/he/she) from accepting any kind of work during the next six months?,ACS_87,Does this person have serious difficulty walking or climbing stairs?,Disability
CPS_0582,CPS_69,(Do / Does) (name/you) have a disability that prevents (you/he/she) from accepting any kind of work during the next six months?,ACS_88,Does this person have difficulty dressing or bathing?,Disability
CPS_0583,CPS_69,(Do / Does) (name/you) have a disability that prevents (you/he/she) from accepting any kind of work during the next six months?,ACS_89,"Because of a physical, mental, or emotional condition, does this person have difficulty doing errands alone such as visiting a doctor’s office or shopping?",Disability
CPS_0584,CPS_70,(Do / Does) (name/you) have a disability that prevents (you/he/she) from accepting any kind of work during the next six months?,ACS_84,Is this person deaf or does he/she have serious difficulty hearing?,Disability
CPS_0585,CPS_70,(Do / Does) (name/you) have a disability that prevents (you/he/she) from accepting any kind of work during the next six months?,ACS_85,Is this person blind or does he/she have serious difficulty seeing even when wearing glasses?,Disability
CPS_0586,CPS_70,(Do / Does) (name/you) have a disability that prevents (you/he/she) from accepting any kind of work during the next six months?,ACS_86,"Because of a physical, mental, or emotional condition, does this person have serious difficulty concentrating, remembering, or making decisions",Disability
CPS_0587,CPS_70,(Do / Does) (name/you) have a disability that prevents (you/he/she) from accepting any kind of work during the next six months?,ACS_87,Does this person have serious difficulty walking or climbing stairs?,Disability
CPS_0588,CPS_70,(Do / Does) (name/you) have a disability that prevents (you/he/she) from accepting any kind of work during the next six months?,ACS_88,Does this person have difficulty dressing or bathing?,Disability
CPS_0589,CPS_70,(Do / Does) (name/you) have a disability that prevents (you/he/she) from accepting any kind of work during the next six months?,ACS_89,"Because of a physical, mental, or emotional condition, does this person have difficulty doing errands alone such as visiting a doctor’s office or shopping?",Disability
CPS_0590,CPS_76,Does (your/his/her) disability prevent (you/he/she) from accepting any kind of work during the next six months?,ACS_84,Is this person deaf or does he/she have serious difficulty hearing?,Disability
CPS_0591,CPS_76,Does (your/his/her) disability prevent (you/he/she) from accepting any kind of work during the next six months?,ACS_85,Is this person blind or does he/she have serious difficulty seeing even when wearing glasses?,Disability
CPS_0592,CPS_76,Does (your/his/her) disability prevent (you/he/she) from accepting any kind of work during the next six months?,ACS_86,"Because of a physical, mental, or emotional condition, does this person have serious difficulty concentrating, remembering, or making decisions",Disability
CPS_0593,CPS_76,Does (your/his/her) disability prevent (you/he/she) from accepting any kind of work during the next six months?,ACS_87,Does this person have serious difficulty walking or climbing stairs?,Disability
CPS_0594,CPS_76,Does (your/his/her) disability prevent (you/he/she) from accepting any kind of work during the next six months?,ACS_88,Does this person have difficulty dressing or bathing?,Disability
CPS_0595,CPS_76,Does (your/his/her) disability prevent (you/he/she) from accepting any kind of work during the next six months?,ACS_89,"Because of a physical, mental, or emotional condition, does this person have difficulty doing errands alone such as visiting a doctor’s office or shopping?",Disability
CPS_0596,CPS_77,Does (your/his/her) disability prevent (you/he/she) from accepting any kind of work during the next six months?,ACS_84,Is this person deaf or does he/she have serious difficulty hearing?,Disability
CPS_0597,CPS_77,Does (your/his/her) disability prevent (you/he/she) from accepting any kind of work during the next six months?,ACS_85,Is this person blind or does he/she have serious difficulty seeing even when wearing glasses?,Disability
CPS_0598,CPS_77,Does (your/his/her) disability prevent (you/he/she) from accepting any kind of work during the next six months?,ACS_86,"Because of a physical, mental, or emotional condition, does this person have serious difficulty concentrating, remembering, or making decisions",Disability
CPS_0599,CPS_77,Does (your/his/her) disability prevent (you/he/she) from accepting any kind of work during the next six months?,ACS_87,Does this person have serious difficulty walking or climbing stairs?,Disability
CPS_0600,CPS_77,Does (your/his/her) disability prevent (you/he/she) from accepting any kind of work during the next six months?,ACS_88,Does this person have difficulty dressing or bathing?,Disability
CPS_0601,CPS_77,Does (your/his/her) disability prevent (you/he/she) from accepting any kind of work during the next six months?,ACS_89,"Because of a physical, mental, or emotional condition, does this person have difficulty doing errands alone such as visiting a doctor’s office or shopping?",Disability
CPS_0602,CPS_78,Does (your/his/her) disability prevent (you/he/she) from accepting any kind of work during the next six months?,ACS_84,Is this person deaf or does he/she have serious difficulty hearing?,Disability
CPS_0603,CPS_78,Does (your/his/her) disability prevent (you/he/she) from accepting any kind of work during the next six months?,ACS_85,Is this person blind or does he/she have serious difficulty seeing even when wearing glasses?,Disability
CPS_0604,CPS_78,Does (your/his/her) disability prevent (you/he/she) from accepting any kind of work during the next six months?,ACS_86,"Because of a physical, mental, or emotional condition, does this person have serious difficulty concentrating, remembering, or making decisions",Disability
CPS_0605,CPS_78,Does (your/his/her) disability prevent (you/he/she) from accepting any kind of work during the next six months?,ACS_87,Does this person have serious difficulty walking or climbing stairs?,Disability
CPS_0606,CPS_78,Does (your/his/her) disability prevent (you/he/she) from accepting any kind of work during the next six months?,ACS_88,Does this person have difficulty dressing or bathing?,Disability
CPS_0607,CPS_78,Does (your/his/her) disability prevent (you/he/she) from accepting any kind of work during the next six months?,ACS_89,"Because of a physical, mental, or emotional condition, does this person have difficulty doing errands alone such as visiting a doctor’s office or shopping?",Disability
CPS_0608,CPS_79,Does (your/his/her) disability prevent (you/he/she) from accepting any kind of work during the next six months?,ACS_84,Is this person deaf or does he/she have serious difficulty hearing?,Disability
CPS_0609,CPS_79,Does (your/his/her) disability prevent (you/he/she) from accepting any kind of work during the next six months?,ACS_85,Is this person blind or does he/she have serious difficulty seeing even when wearing glasses?,Disability
CPS_0610,CPS_79,Does (your/his/her) disability prevent (you/he/she) from accepting any kind of work during the next six months?,ACS_86,"Because of a physical, mental, or emotional condition, does this person have serious difficulty concentrating, remembering, or making decisions",Disability
CPS_0611,CPS_79,Does (your/his/her) disability prevent (you/he/she) from accepting any kind of work during the next six months?,ACS_87,Does this person have serious difficulty walking or climbing stairs?,Disability
CPS_0612,CPS_79,Does (your/his/her) disability prevent (you/he/she) from accepting any kind of work during the next six months?,ACS_88,Does this person have difficulty dressing or bathing?,Disability
CPS_0613,CPS_79,Does (your/his/her) disability prevent (you/he/she) from accepting any kind of work during the next six months?,ACS_89,"Because of a physical, mental, or emotional condition, does this person have difficulty doing errands alone such as visiting a doctor’s office or shopping?",Disability
CPS_0614,CPS_80,Does (your/his/her) disability prevent (you/he/she) from accepting any kind of work during the next six months?,ACS_84,Is this person deaf or does he/she have serious difficulty hearing?,Disability
CPS_0615,CPS_80,Does (your/his/her) disability prevent (you/he/she) from accepting any kind of work during the next six months?,ACS_85,Is this person blind or does he/she have serious difficulty seeing even when wearing glasses?,Disability
CPS_0616,CPS_80,Does (your/his/her) disability prevent (you/he/she) from accepting any kind of work during the next six months?,ACS_86,"Because of a physical, mental, or emotional condition, does this person have serious difficulty concentrating, remembering, or making decisions",Disability
CPS_0617,CPS_80,Does (your/his/her) disability prevent (you/he/she) from accepting any kind of work during the next six months?,ACS_87,Does this person have serious difficulty walking or climbing stairs?,Disability
CPS_0618,CPS_80,Does (your/his/her) disability prevent (you/he/she) from accepting any kind of work during the next six months?,ACS_88,Does this person have difficulty dressing or bathing?,Disability
CPS_0619,CPS_80,Does (your/his/her) disability prevent (you/he/she) from accepting any kind of work during the next six months?,ACS_89,"Because of a physical, mental, or emotional condition, does this person have difficulty doing errands alone such as visiting a doctor’s office or shopping?",Disability
CPS_0620,CPS_81,(Do / Does) (name/you) have a disability that prevents (you/he/she) from accepting any kind of work during the next six months?,ACS_84,Is this person deaf or does he/she have serious difficulty hearing?,Disability
CPS_0621,CPS_81,(Do / Does) (name/you) have a disability that prevents (you/he/she) from accepting any kind of work during the next six months?,ACS_85,Is this person blind or does he/she have serious difficulty seeing even when wearing glasses?,Disability
CPS_0622,CPS_81,(Do / Does) (name/you) have a disability that prevents (you/he/she) from accepting any kind of work during the next six months?,ACS_86,"Because of a physical, mental, or emotional condition, does this person have serious difficulty concentrating, remembering, or making decisions",Disability
CPS_0623,CPS_81,(Do / Does) (name/you) have a disability that prevents (you/he/she) from accepting any kind of work during the next six months?,ACS_87,Does this person have serious difficulty walking or climbing stairs?,Disability
CPS_0624,CPS_81,(Do / Does) (name/you) have a disability that prevents (you/he/she) from accepting any kind of work during the next six months?,ACS_88,Does this person have difficulty dressing or bathing?,Disability
CPS_0625,CPS_81,(Do / Does) (name/you) have a disability that prevents (you/he/she) from accepting any kind of work during the next six months?,ACS_89,"Because of a physical, mental, or emotional condition, does this person have difficulty doing errands alone such as visiting a doctor’s office or shopping?",Disability
CPS_0626,CPS_82,(Do / Does) (name/you) have a disability that prevents (you/he/she) from accepting any kind of work during the next six months?,ACS_84,Is this person deaf or does he/she have serious difficulty hearing?,Disability
CPS_0627,CPS_82,(Do / Does) (name/you) have a disability that prevents (you/he/she) from accepting any kind of work during the next six months?,ACS_85,Is this person blind or does he/she have serious difficulty seeing even when wearing glasses?,Disability
CPS_0628,CPS_82,(Do / Does) (name/you) have a disability that prevents (you/he/she) from accepting any kind of work during the next six months?,ACS_86,"Because of a physical, mental, or emotional condition, does this person have serious difficulty concentrating, remembering, or making decisions",Disability
CPS_0629,CPS_82,(Do / Does) (name/you) have a disability that prevents (you/he/she) from accepting any kind of work during the next six months?,ACS_87,Does this person have serious difficulty walking or climbing stairs?,Disability
CPS_0630,CPS_82,(Do / Does) (name/you) have a disability that prevents (you/he/she) from accepting any kind of work during the next six months?,ACS_88,Does this person have difficulty dressing or bathing?,Disability
CPS_0631,CPS_82,(Do / Does) (name/you) have a disability that prevents (you/he/she) from accepting any kind of work during the next six months?,ACS_89,"Because of a physical, mental, or emotional condition, does this person have difficulty doing errands alone such as visiting a doctor’s office or shopping?",Disability
CPS_0632,CPS_83,(Do / Does) (name/you) have a disability that prevents (you/he/she) from accepting any kind of work during the next six months?,ACS_84,Is this person deaf or does he/she have serious difficulty hearing?,Disability
CPS_0633,CPS_83,(Do / Does) (name/you) have a disability that prevents (you/he/she) from accepting any kind of work during the next six months?,ACS_85,Is this person blind or does he/she have serious difficulty seeing even when wearing glasses?,Disability
CPS_0634,CPS_83,(Do / Does) (name/you) have a disability that prevents (you/he/she) from accepting any kind of work during the next six months?,ACS_86,"Because of a physical, mental, or emotional condition, does this person have serious difficulty concentrating, remembering, or making decisions",Disability
CPS_0635,CPS_83,(Do / Does) (name/you) have a disability that prevents (you/he/she) from accepting any kind of work during the next six months?,ACS_87,Does this person have serious difficulty walking or climbing stairs?,Disability
CPS_0636,CPS_83,(Do / Does) (name/you) have a disability that prevents (you/he/she) from accepting any kind of work during the next six months?,ACS_88,Does this person have difficulty dressing or bathing?,Disability
CPS_0637,CPS_83,(Do / Does) (name/you) have a disability that prevents (you/he/she) from accepting any kind of work during the next six months?,ACS_89,"Because of a physical, mental, or emotional condition, does this person have difficulty doing errands alone such as visiting a doctor’s office or shopping?",Disability
CPS_0638,CPS_84,(Do / Does) (name/you) have a disability that prevents (you/he/she) from accepting any kind of work during the next six months?,ACS_84,Is this person deaf or does he/she have serious difficulty hearing?,Disability
CPS_0639,CPS_84,(Do / Does) (name/you) have a disability that prevents (you/he/she) from accepting any kind of work during the next six months?,ACS_85,Is this person blind or does he/she have serious difficulty seeing even when wearing glasses?,Disability
CPS_0640,CPS_84,(Do / Does) (name/you) have a disability that prevents (you/he/she) from accepting any kind of work during the next six months?,ACS_86,"Because of a physical, mental, or emotional condition, does this person have serious difficulty concentrating, remembering, or making decisions",Disability
CPS_0641,CPS_84,(Do / Does) (name/you) have a disability that prevents (you/he/she) from accepting any kind of work during the next six months?,ACS_87,Does this person have serious difficulty walking or climbing stairs?,Disability
CPS_0642,CPS_84,(Do / Does) (name/you) have a disability that prevents (you/he/she) from accepting any kind of work during the next six months?,ACS_88,Does this person have difficulty dressing or bathing?,Disability
CPS_0643,CPS_84,(Do / Does) (name/you) have a disability that prevents (you/he/she) from accepting any kind of work during the next six months?,ACS_89,"Because of a physical, mental, or emotional condition, does this person have difficulty doing errands alone such as visiting a doctor’s office or shopping?",Disability
CPS_0644,CPS_85,(Do / Does) (name/you) have a disability that prevents (you/he/she) from accepting any kind of work during the next six months?,ACS_84,Is this person deaf or does he/she have serious difficulty hearing?,Disability
CPS_0645,CPS_85,(Do / Does) (name/you) have a disability that prevents (you/he/she) from accepting any kind of work during the next six months?,ACS_85,Is this person blind or does he/she have serious difficulty seeing even when wearing glasses?,Disability
CPS_0646,CPS_85,(Do / Does) (name/you) have a disability that prevents (you/he/she) from accepting any kind of work during the next six months?,ACS_86,"Because of a physical, mental, or emotional condition, does this person have serious difficulty concentrating, remembering, or making decisions",Disability
CPS_0647,CPS_85,(Do / Does) (name/you) have a disability that prevents (you/he/she) from accepting any kind of work during the next six months?,ACS_87,Does this person have serious difficulty walking or climbing stairs?,Disability
CPS_0648,CPS_85,(Do / Does) (name/you) have a disability that prevents (you/he/she) from accepting any kind of work during the next six months?,ACS_88,Does this person have difficulty dressing or bathing?,Disability
CPS_0649,CPS_85,(Do / Does) (name/you) have a disability that prevents (you/he/she) from accepting any kind of work during the next six months?,ACS_89,"Because of a physical, mental, or emotional condition, does this person have difficulty doing errands alone such as visiting a doctor’s office or shopping?",Disability
CPS_0650,CPS_91,Does (your/his/her) disability prevent (you/he/she) from accepting any kind of work during the next six months?,ACS_84,Is this person deaf or does he/she have serious difficulty hearing?,Disability
CPS_0651,CPS_91,Does (your/his/her) disability prevent (you/he/she) from accepting any kind of work during the next six months?,ACS_85,Is this person blind or does he/she have serious difficulty seeing even when wearing glasses?,Disability
CPS_0652,CPS_91,Does (your/his/her) disability prevent (you/he/she) from accepting any kind of work during the next six months?,ACS_86,"Because of a physical, mental, or emotional condition, does this person have serious difficulty concentrating, remembering, or making decisions",Disability
CPS_0653,CPS_91,Does (your/his/her) disability prevent (you/he/she) from accepting any kind of work during the next six months?,ACS_87,Does this person have serious difficulty walking or climbing stairs?,Disability
CPS_0654,CPS_91,Does (your/his/her) disability prevent (you/he/she) from accepting any kind of work during the next six months?,ACS_88,Does this person have difficulty dressing or bathing?,Disability
CPS_0655,CPS_91,Does (your/his/her) disability prevent (you/he/she) from accepting any kind of work during the next six months?,ACS_89,"Because of a physical, mental, or emotional condition, does this person have difficulty doing errands alone such as visiting a doctor’s office or shopping?",Disability
CPS_0656,CPS_92,Does (your/his/her) disability prevent (you/he/she) from accepting any kind of work during the next six months?,ACS_84,Is this person deaf or does he/she have serious difficulty hearing?,Disability
CPS_0657,CPS_92,Does (your/his/her) disability prevent (you/he/she) from accepting any kind of work during the next six months?,ACS_85,Is this person blind or does he/she have serious difficulty seeing even when wearing glasses?,Disability
CPS_0658,CPS_92,Does (your/his/her) disability prevent (you/he/she) from accepting any kind of work during the next six months?,ACS_86,"Because of a physical, mental, or emotional condition, does this person have serious difficulty concentrating, remembering, or making decisions",Disability
CPS_0659,CPS_92,Does (your/his/her) disability prevent (you/he/she) from accepting any kind of work during the next six months?,ACS_87,Does this person have serious difficulty walking or climbing stairs?,Disability
CPS_0660,CPS_92,Does (your/his/her) disability prevent (you/he/she) from accepting any kind of work during the next six months?,ACS_88,Does this person have difficulty dressing or bathing?,Disability
CPS_0661,CPS_92,Does (your/his/her) disability prevent (you/he/she) from accepting any kind of work during the next six months?,ACS_89,"Because of a physical, mental, or emotional condition, does this person have difficulty doing errands alone such as visiting a doctor’s office or shopping?",Disability
CPS_0662,CPS_93,Does (your/his/her) disability prevent (you/he/she) from accepting any kind of work during the next six months?,ACS_84,Is this person deaf or does he/she have serious difficulty hearing?,Disability
CPS_0663,CPS_93,Does (your/his/her) disability prevent (you/he/she) from accepting any kind of work during the next six months?,ACS_85,Is this person blind or does he/she have serious difficulty seeing even when wearing glasses?,Disability
CPS_0664,CPS_93,Does (your/his/her) disability prevent (you/he/she) from accepting any kind of work during the next six months?,ACS_86,"Because of a physical, mental, or emotional condition, does this person have serious difficulty concentrating, remembering, or making decisions",Disability
CPS_0665,CPS_93,Does (your/his/her) disability prevent (you/he/she) from accepting any kind of work during the next six months?,ACS_87,Does this person have serious difficulty walking or climbing stairs?,Disability
CPS_0666,CPS_93,Does (your/his/her) disability prevent (you/he/she) from accepting any kind of work during the next six months?,ACS_88,Does this person have difficulty dressing or bathing?,Disability
CPS_0667,CPS_93,Does (your/his/her) disability prevent (you/he/she) from accepting any kind of work during the next six months?,ACS_89,"Because of a physical, mental, or emotional condition, does this person have difficulty doing errands alone such as visiting a doctor’s office or shopping?",Disability
CPS_0668,CPS_94,Does (your/his/her) disability prevent (you/he/she) from accepting any kind of work during the next six months?,ACS_84,Is this person deaf or does he/she have serious difficulty hearing?,Disability
CPS_0669,CPS_94,Does (your/his/her) disability prevent (you/he/she) from accepting any kind of work during the next six months?,ACS_85,Is this person blind or does he/she have serious difficulty seeing even when wearing glasses?,Disability
CPS_0670,CPS_94,Does (your/his/her) disability prevent (you/he/she) from accepting any kind of work during the next six months?,ACS_86,"Because of a physical, mental, or emotional condition, does this person have serious difficulty concentrating, remembering, or making decisions",Disability
CPS_0671,CPS_94,Does (your/his/her) disability prevent (you/he/she) from accepting any kind of work during the next six months?,ACS_87,Does this person have serious difficulty walking or climbing stairs?,Disability
CPS_0672,CPS_94,Does (your/his/her) disability prevent (you/he/she) from accepting any kind of work during the next six months?,ACS_88,Does this person have difficulty dressing or bathing?,Disability
CPS_0673,CPS_94,Does (your/his/her) disability prevent (you/he/she) from accepting any kind of work during the next six months?,ACS_89,"Because of a physical, mental, or emotional condition, does this person have difficulty doing errands alone such as visiting a doctor’s office or shopping?",Disability
CPS_0674,CPS_95,Does (your/his/her) disability prevent (you/he/she) from accepting any kind of work during the next six months?,ACS_84,Is this person deaf or does he/she have serious difficulty hearing?,Disability
CPS_0675,CPS_95,Does (your/his/her) disability prevent (you/he/she) from accepting any kind of work during the next six months?,ACS_85,Is this person blind or does he/she have serious difficulty seeing even when wearing glasses?,Disability
CPS_0676,CPS_95,Does (your/his/her) disability prevent (you/he/she) from accepting any kind of work during the next six months?,ACS_86,"Because of a physical, mental, or emotional condition, does this person have serious difficulty concentrating, remembering, or making decisions",Disability
CPS_0677,CPS_95,Does (your/his/her) disability prevent (you/he/she) from accepting any kind of work during the next six months?,ACS_87,Does this person have serious difficulty walking or climbing stairs?,Disability
CPS_0678,CPS_95,Does (your/his/her) disability prevent (you/he/she) from accepting any kind of work during the next six months?,ACS_88,Does this person have difficulty dressing or bathing?,Disability
CPS_0679,CPS_95,Does (your/his/her) disability prevent (you/he/she) from accepting any kind of work during the next six months?,ACS_89,"Because of a physical, mental, or emotional condition, does this person have difficulty doing errands alone such as visiting a doctor’s office or shopping?",Disability
CPS_0680,CPS_96,(Do / Does) (name/you) have a disability that prevents (you/he/she) from accepting any kind of work during the next six months?,ACS_84,Is this person deaf or does he/she have serious difficulty hearing?,Disability
CPS_0681,CPS_96,(Do / Does) (name/you) have a disability that prevents (you/he/she) from accepting any kind of work during the next six months?,ACS_85,Is this person blind or does he/she have serious difficulty seeing even when wearing glasses?,Disability
CPS_0682,CPS_96,(Do / Does) (name/you) have a disability that prevents (you/he/she) from accepting any kind of work during the next six months?,ACS_86,"Because of a physical, mental, or emotional condition, does this person have serious difficulty concentrating, remembering, or making decisions",Disability
CPS_0683,CPS_96,(Do / Does) (name/you) have a disability that prevents (you/he/she) from accepting any kind of work during the next six months?,ACS_87,Does this person have serious difficulty walking or climbing stairs?,Disability
CPS_0684,CPS_96,(Do / Does) (name/you) have a disability that prevents (you/he/she) from accepting any kind of work during the next six months?,ACS_88,Does this person have difficulty dressing or bathing?,Disability
CPS_0685,CPS_96,(Do / Does) (name/you) have a disability that prevents (you/he/she) from accepting any kind of work during the next six months?,ACS_89,"Because of a physical, mental, or emotional condition, does this person have difficulty doing errands alone such as visiting a doctor’s office or shopping?",Disability
CPS_0686,CPS_97,(Do / Does) (name/you) have a disability that prevents (you/he/she) from accepting any kind of work during the next six months?,ACS_84,Is this person deaf or does he/she have serious difficulty hearing?,Disability
CPS_0687,CPS_97,(Do / Does) (name/you) have a disability that prevents (you/he/she) from accepting any kind of work during the next six months?,ACS_85,Is this person blind or does he/she have serious difficulty seeing even when wearing glasses?,Disability
CPS_0688,CPS_97,(Do / Does) (name/you) have a disability that prevents (you/he/she) from accepting any kind of work during the next six months?,ACS_86,"Because of a physical, mental, or emotional condition, does this person have serious difficulty concentrating, remembering, or making decisions",Disability
CPS_0689,CPS_97,(Do / Does) (name/you) have a disability that prevents (you/he/she) from accepting any kind of work during the next six months?,ACS_87,Does this person have serious difficulty walking or climbing stairs?,Disability
CPS_0690,CPS_97,(Do / Does) (name/you) have a disability that prevents (you/he/she) from accepting any kind of work during the next six months?,ACS_88,Does this person have difficulty dressing or bathing?,Disability
CPS_0691,CPS_97,(Do / Does) (name/you) have a disability that prevents (you/he/she) from accepting any kind of work during the next six months?,ACS_89,"Because of a physical, mental, or emotional condition, does this person have difficulty doing errands alone such as visiting a doctor’s office or shopping?",Disability
CPS_0692,CPS_98,(Do / Does) (name/you) have a disability that prevents (you/he/she) from accepting any kind of work during the next six months?,ACS_84,Is this person deaf or does he/she have serious difficulty hearing?,Disability
CPS_0693,CPS_98,(Do / Does) (name/you) have a disability that prevents (you/he/she) from accepting any kind of work during the next six months?,ACS_85,Is this person blind or does he/she have serious difficulty seeing even when wearing glasses?,Disability
CPS_0694,CPS_98,(Do / Does) (name/you) have a disability that prevents (you/he/she) from accepting any kind of work during the next six months?,ACS_86,"Because of a physical, mental, or emotional condition, does this person have serious difficulty concentrating, remembering, or making decisions",Disability
CPS_0695,CPS_98,(Do / Does) (name/you) have a disability that prevents (you/he/she) from accepting any kind of work during the next six months?,ACS_87,Does this person have serious difficulty walking or climbing stairs?,Disability
CPS_0696,CPS_98,(Do / Does) (name/you) have a disability that prevents (you/he/she) from accepting any kind of work during the next six months?,ACS_88,Does this person have difficulty dressing or bathing?,Disability
CPS_0697,CPS_98,(Do / Does) (name/you) have a disability that prevents (you/he/she) from accepting any kind of work during the next six months?,ACS_89,"Because of a physical, mental, or emotional condition, does this person have difficulty doing errands alone such as visiting a doctor’s office or shopping?",Disability
CPS_0698,CPS_99,(Do / Does) (name/you) have a disability that prevents (you/he/she) from accepting any kind of work during the next six months?,ACS_84,Is this person deaf or does he/she have serious difficulty hearing?,Disability
CPS_0699,CPS_99,(Do / Does) (name/you) have a disability that prevents (you/he/she) from accepting any kind of work during the next six months?,ACS_85,Is this person blind or does he/she have serious difficulty seeing even when wearing glasses?,Disability
CPS_0700,CPS_99,(Do / Does) (name/you) have a disability that prevents (you/he/she) from accepting any kind of work during the next six months?,ACS_86,"Because of a physical, mental, or emotional condition, does this person have serious difficulty concentrating, remembering, or making decisions",Disability
CPS_0701,CPS_99,(Do / Does) (name/you) have a disability that prevents (you/he/she) from accepting any kind of work during the next six months?,ACS_87,Does this person have serious difficulty walking or climbing stairs?,Disability
CPS_0702,CPS_99,(Do / Does) (name/you) have a disability that prevents (you/he/she) from accepting any kind of work during the next six months?,ACS_88,Does this person have difficulty dressing or bathing?,Disability
CPS_0703,CPS_99,(Do / Does) (name/you) have a disability that prevents (you/he/she) from accepting any kind of work during the next six months?,ACS_89,"Because of a physical, mental, or emotional condition, does this person have difficulty doing errands alone such as visiting a doctor’s office or shopping?",Disability
CPS_0704,CPS_100,(Do / Does) (name/you) have a disability that prevents (you/he/she) from accepting any kind of work during the next six months?,ACS_84,Is this person deaf or does he/she have serious difficulty hearing?,Disability
CPS_0705,CPS_100,(Do / Does) (name/you) have a disability that prevents (you/he/she) from accepting any kind of work during the next six months?,ACS_85,Is this person blind or does he/she have serious difficulty seeing even when wearing glasses?,Disability
CPS_0706,CPS_100,(Do / Does) (name/you) have a disability that prevents (you/he/she) from accepting any kind of work during the next six months?,ACS_86,"Because of a physical, mental, or emotional condition, does this person have serious difficulty concentrating, remembering, or making decisions",Disability
CPS_0707,CPS_100,(Do / Does) (name/you) have a disability that prevents (you/he/she) from accepting any kind of work during the next six months?,ACS_87,Does this person have serious difficulty walking or climbing stairs?,Disability
CPS_0708,CPS_100,(Do / Does) (name/you) have a disability that prevents (you/he/she) from accepting any kind of work during the next six months?,ACS_88,Does this person have difficulty dressing or bathing?,Disability
CPS_0709,CPS_100,(Do / Does) (name/you) have a disability that prevents (you/he/she) from accepting any kind of work during the next six months?,ACS_89,"Because of a physical, mental, or emotional condition, does this person have difficulty doing errands alone such as visiting a doctor’s office or shopping?",Disability
CPS_0710,CPS_130,Does (your/his/her) disability prevent (you/he/she) from accepting any kind of work during the next six months?,ACS_84,Is this person deaf or does he/she have serious difficulty hearing?,Disability
CPS_0711,CPS_130,Does (your/his/her) disability prevent (you/he/she) from accepting any kind of work during the next six months?,ACS_85,Is this person blind or does he/she have serious difficulty seeing even when wearing glasses?,Disability
CPS_0712,CPS_130,Does (your/his/her) disability prevent (you/he/she) from accepting any kind of work during the next six months?,ACS_86,"Because of a physical, mental, or emotional condition, does this person have serious difficulty concentrating, remembering, or making decisions",Disability
CPS_0713,CPS_130,Does (your/his/her) disability prevent (you/he/she) from accepting any kind of work during the next six months?,ACS_87,Does this person have serious difficulty walking or climbing stairs?,Disability
CPS_0714,CPS_130,Does (your/his/her) disability prevent (you/he/she) from accepting any kind of work during the next six months?,ACS_88,Does this person have difficulty dressing or bathing?,Disability
CPS_0715,CPS_130,Does (your/his/her) disability prevent (you/he/she) from accepting any kind of work during the next six months?,ACS_89,"Because of a physical, mental, or emotional condition, does this person have difficulty doing errands alone such as visiting a doctor’s office or shopping?",Disability
CPS_0716,CPS_131,Does (your/his/her) disability prevent (you/he/she) from accepting any kind of work during the next six months?,ACS_84,Is this person deaf or does he/she have serious difficulty hearing?,Disability
CPS_0717,CPS_131,Does (your/his/her) disability prevent (you/he/she) from accepting any kind of work during the next six months?,ACS_85,Is this person blind or does he/she have serious difficulty seeing even when wearing glasses?,Disability
CPS_0718,CPS_131,Does (your/his/her) disability prevent (you/he/she) from accepting any kind of work during the next six months?,ACS_86,"Because of a physical, mental, or emotional condition, does this person have serious difficulty concentrating, remembering, or making decisions",Disability
CPS_0719,CPS_131,Does (your/his/her) disability prevent (you/he/she) from accepting any kind of work during the next six months?,ACS_87,Does this person have serious difficulty walking or climbing stairs?,Disability
CPS_0720,CPS_131,Does (your/his/her) disability prevent (you/he/she) from accepting any kind of work during the next six months?,ACS_88,Does this person have difficulty dressing or bathing?,Disability
CPS_0721,CPS_131,Does (your/his/her) disability prevent (you/he/she) from accepting any kind of work during the next six months?,ACS_89,"Because of a physical, mental, or emotional condition, does this person have difficulty doing errands alone such as visiting a doctor’s office or shopping?",Disability
CPS_0722,CPS_132,Does (your/his/her) disability prevent (you/he/she) from accepting any kind of work during the next six months?,ACS_84,Is this person deaf or does he/she have serious difficulty hearing?,Disability
CPS_0723,CPS_132,Does (your/his/her) disability prevent (you/he/she) from accepting any kind of work during the next six months?,ACS_85,Is this person blind or does he/she have serious difficulty seeing even when wearing glasses?,Disability
CPS_0724,CPS_132,Does (your/his/her) disability prevent (you/he/she) from accepting any kind of work during the next six months?,ACS_86,"Because of a physical, mental, or emotional condition, does this person have serious difficulty concentrating, remembering, or making decisions",Disability
CPS_0725,CPS_132,Does (your/his/her) disability prevent (you/he/she) from accepting any kind of work during the next six months?,ACS_87,Does this person have serious difficulty walking or climbing stairs?,Disability
CPS_0726,CPS_132,Does (your/his/her) disability prevent (you/he/she) from accepting any kind of work during the next six months?,ACS_88,Does this person have difficulty dressing or bathing?,Disability
CPS_0727,CPS_132,Does (your/his/her) disability prevent (you/he/she) from accepting any kind of work during the next six months?,ACS_89,"Because of a physical, mental, or emotional condition, does this person have difficulty doing errands alone such as visiting a doctor’s office or shopping?",Disability
CPS_0728,CPS_133,Does (your/his/her) disability prevent (you/he/she) from accepting any kind of work during the next six months?,ACS_84,Is this person deaf or does he/she have serious difficulty hearing?,Disability
CPS_0729,CPS_133,Does (your/his/her) disability prevent (you/he/she) from accepting any kind of work during the next six months?,ACS_85,Is this person blind or does he/she have serious difficulty seeing even when wearing glasses?,Disability
CPS_0730,CPS_133,Does (your/his/her) disability prevent (you/he/she) from accepting any kind of work during the next six months?,ACS_86,"Because of a physical, mental, or emotional condition, does this person have serious difficulty concentrating, remembering, or making decisions",Disability
CPS_0731,CPS_133,Does (your/his/her) disability prevent (you/he/she) from accepting any kind of work during the next six months?,ACS_87,Does this person have serious difficulty walking or climbing stairs?,Disability
CPS_0732,CPS_133,Does (your/his/her) disability prevent (you/he/she) from accepting any kind of work during the next six months?,ACS_88,Does this person have difficulty dressing or bathing?,Disability
CPS_0733,CPS_133,Does (your/his/her) disability prevent (you/he/she) from accepting any kind of work during the next six months?,ACS_89,"Because of a physical, mental, or emotional condition, does this person have difficulty doing errands alone such as visiting a doctor’s office or shopping?",Disability
CPS_0734,CPS_134,Does (your/his/her) disability prevent (you/he/she) from accepting any kind of work during the next six months?,ACS_84,Is this person deaf or does he/she have serious difficulty hearing?,Disability
CPS_0735,CPS_134,Does (your/his/her) disability prevent (you/he/she) from accepting any kind of work during the next six months?,ACS_85,Is this person blind or does he/she have serious difficulty seeing even when wearing glasses?,Disability
CPS_0736,CPS_134,Does (your/his/her) disability prevent (you/he/she) from accepting any kind of work during the next six months?,ACS_86,"Because of a physical, mental, or emotional condition, does this person have serious difficulty concentrating, remembering, or making decisions",Disability
CPS_0737,CPS_134,Does (your/his/her) disability prevent (you/he/she) from accepting any kind of work during the next six months?,ACS_87,Does this person have serious difficulty walking or climbing stairs?,Disability
CPS_0738,CPS_134,Does (your/his/her) disability prevent (you/he/she) from accepting any kind of work during the next six months?,ACS_88,Does this person have difficulty dressing or bathing?,Disability
CPS_0739,CPS_134,Does (your/his/her) disability prevent (you/he/she) from accepting any kind of work during the next six months?,ACS_89,"Because of a physical, mental, or emotional condition, does this person have difficulty doing errands alone such as visiting a doctor’s office or shopping?",Disability
CPS_0740,CPS_135,(Do / Does) (name/you) have a disability that prevents (you/he/she) from accepting any kind of work during the next six months?,ACS_84,Is this person deaf or does he/she have serious difficulty hearing?,Disability
CPS_0741,CPS_135,(Do / Does) (name/you) have a disability that prevents (you/he/she) from accepting any kind of work during the next six months?,ACS_85,Is this person blind or does he/she have serious difficulty seeing even when wearing glasses?,Disability
CPS_0742,CPS_135,(Do / Does) (name/you) have a disability that prevents (you/he/she) from accepting any kind of work during the next six months?,ACS_86,"Because of a physical, mental, or emotional condition, does this person have serious difficulty concentrating, remembering, or making decisions",Disability
CPS_0743,CPS_135,(Do / Does) (name/you) have a disability that prevents (you/he/she) from accepting any kind of work during the next six months?,ACS_87,Does this person have serious difficulty walking or climbing stairs?,Disability
CPS_0744,CPS_135,(Do / Does) (name/you) have a disability that prevents (you/he/she) from accepting any kind of work during the next six months?,ACS_88,Does this person have difficulty dressing or bathing?,Disability
CPS_0745,CPS_135,(Do / Does) (name/you) have a disability that prevents (you/he/she) from accepting any kind of work during the next six months?,ACS_89,"Because of a physical, mental, or emotional condition, does this person have difficulty doing errands alone such as visiting a doctor’s office or shopping?",Disability
CPS_0746,CPS_136,(Do / Does) (name/you) have a disability that prevents (you/he/she) from accepting any kind of work during the next six months?,ACS_84,Is this person deaf or does he/she have serious difficulty hearing?,Disability
CPS_0747,CPS_136,(Do / Does) (name/you) have a disability that prevents (you/he/she) from accepting any kind of work during the next six months?,ACS_85,Is this person blind or does he/she have serious difficulty seeing even when wearing glasses?,Disability
CPS_0748,CPS_136,(Do / Does) (name/you) have a disability that prevents (you/he/she) from accepting any kind of work during the next six months?,ACS_86,"Because of a physical, mental, or emotional condition, does this person have serious difficulty concentrating, remembering, or making decisions",Disability
CPS_0749,CPS_136,(Do / Does) (name/you) have a disability that prevents (you/he/she) from accepting any kind of work during the next six months?,ACS_87,Does this person have serious difficulty walking or climbing stairs?,Disability
CPS_0750,CPS_136,(Do / Does) (name/you) have a disability that prevents (you/he/she) from accepting any kind of work during the next six months?,ACS_88,Does this person have difficulty dressing or bathing?,Disability
CPS_0751,CPS_136,(Do / Does) (name/you) have a disability that prevents (you/he/she) from accepting any kind of work during the next six months?,ACS_89,"Because of a physical, mental, or emotional condition, does this person have difficulty doing errands alone such as visiting a doctor’s office or shopping?",Disability
CPS_0752,CPS_137,(Do / Does) (name/you) have a disability that prevents (you/he/she) from accepting any kind of work during the next six months?,ACS_84,Is this person deaf or does he/she have serious difficulty hearing?,Disability
CPS_0753,CPS_137,(Do / Does) (name/you) have a disability that prevents (you/he/she) from accepting any kind of work during the next six months?,ACS_85,Is this person blind or does he/she have serious difficulty seeing even when wearing glasses?,Disability
CPS_0754,CPS_137,(Do / Does) (name/you) have a disability that prevents (you/he/she) from accepting any kind of work during the next six months?,ACS_86,"Because of a physical, mental, or emotional condition, does this person have serious difficulty concentrating, remembering, or making decisions",Disability
CPS_0755,CPS_137,(Do / Does) (name/you) have a disability that prevents (you/he/she) from accepting any kind of work during the next six months?,ACS_87,Does this person have serious difficulty walking or climbing stairs?,Disability
CPS_0756,CPS_137,(Do / Does) (name/you) have a disability that prevents (you/he/she) from accepting any kind of work during the next six months?,ACS_88,Does this person have difficulty dressing or bathing?,Disability
CPS_0757,CPS_137,(Do / Does) (name/you) have a disability that prevents (you/he/she) from accepting any kind of work during the next six months?,ACS_89,"Because of a physical, mental, or emotional condition, does this person have difficulty doing errands alone such as visiting a doctor’s office or shopping?",Disability
CPS_0758,CPS_138,(Do / Does) (name/you) have a disability that prevents (you/he/she) from accepting any kind of work during the next six months?,ACS_84,Is this person deaf or does he/she have serious difficulty hearing?,Disability
CPS_0759,CPS_138,(Do / Does) (name/you) have a disability that prevents (you/he/she) from accepting any kind of work during the next six months?,ACS_85,Is this person blind or does he/she have serious difficulty seeing even when wearing glasses?,Disability
CPS_0760,CPS_138,(Do / Does) (name/you) have a disability that prevents (you/he/she) from accepting any kind of work during the next six months?,ACS_86,"Because of a physical, mental, or emotional condition, does this person have serious difficulty concentrating, remembering, or making decisions",Disability
CPS_0761,CPS_138,(Do / Does) (name/you) have a disability that prevents (you/he/she) from accepting any kind of work during the next six months?,ACS_87,Does this person have serious difficulty walking or climbing stairs?,Disability
CPS_0762,CPS_138,(Do / Does) (name/you) have a disability that prevents (you/he/she) from accepting any kind of work during the next six months?,ACS_88,Does this person have difficulty dressing or bathing?,Disability
CPS_0763,CPS_138,(Do / Does) (name/you) have a disability that prevents (you/he/she) from accepting any kind of work during the next six months?,ACS_89,"Because of a physical, mental, or emotional condition, does this person have difficulty doing errands alone such as visiting a doctor’s office or shopping?",Disability
CPS_0764,CPS_139,(Do / Does) (name/you) have a disability that prevents (you/he/she) from accepting any kind of work during the next six months?,ACS_84,Is this person deaf or does he/she have serious difficulty hearing?,Disability
CPS_0765,CPS_139,(Do / Does) (name/you) have a disability that prevents (you/he/she) from accepting any kind of work during the next six months?,ACS_85,Is this person blind or does he/she have serious difficulty seeing even when wearing glasses?,Disability
CPS_0766,CPS_139,(Do / Does) (name/you) have a disability that prevents (you/he/she) from accepting any kind of work during the next six months?,ACS_86,"Because of a physical, mental, or emotional condition, does this person have serious difficulty concentrating, remembering, or making decisions",Disability
CPS_0767,CPS_139,(Do / Does) (name/you) have a disability that prevents (you/he/she) from accepting any kind of work during the next six months?,ACS_87,Does this person have serious difficulty walking or climbing stairs?,Disability
CPS_0768,CPS_139,(Do / Does) (name/you) have a disability that prevents (you/he/she) from accepting any kind of work during the next six months?,ACS_88,Does this person have difficulty dressing or bathing?,Disability
CPS_0769,CPS_139,(Do / Does) (name/you) have a disability that prevents (you/he/she) from accepting any kind of work during the next six months?,ACS_89,"Because of a physical, mental, or emotional condition, does this person have difficulty doing errands alone such as visiting a doctor’s office or shopping?",Disability
CPS_0770,CPS_158,Does (your/his/her) disability prevent (you/he/she) from accepting any kind of work during the next six months?,ACS_84,Is this person deaf or does he/she have serious difficulty hearing?,Disability
CPS_0771,CPS_158,Does (your/his/her) disability prevent (you/he/she) from accepting any kind of work during the next six months?,ACS_85,Is this person blind or does he/she have serious difficulty seeing even when wearing glasses?,Disability
CPS_0772,CPS_158,Does (your/his/her) disability prevent (you/he/she) from accepting any kind of work during the next six months?,ACS_86,"Because of a physical, mental, or emotional condition, does this person have serious difficulty concentrating, remembering, or making decisions",Disability
CPS_0773,CPS_158,Does (your/his/her) disability prevent (you/he/she) from accepting any kind of work during the next six months?,ACS_87,Does this person have serious difficulty walking or climbing stairs?,Disability
CPS_0774,CPS_158,Does (your/his/her) disability prevent (you/he/she) from accepting any kind of work during the next six months?,ACS_88,Does this person have difficulty dressing or bathing?,Disability
CPS_0775,CPS_158,Does (your/his/her) disability prevent (you/he/she) from accepting any kind of work during the next six months?,ACS_89,"Because of a physical, mental, or emotional condition, does this person have difficulty doing errands alone such as visiting a doctor’s office or shopping?",Disability
CPS_0776,CPS_159,Does (your/his/her) disability prevent (you/he/she) from accepting any kind of work during the next six months?,ACS_84,Is this person deaf or does he/she have serious difficulty hearing?,Disability
CPS_0777,CPS_159,Does (your/his/her) disability prevent (you/he/she) from accepting any kind of work during the next six months?,ACS_85,Is this person blind or does he/she have serious difficulty seeing even when wearing glasses?,Disability
CPS_0778,CPS_159,Does (your/his/her) disability prevent (you/he/she) from accepting any kind of work during the next six months?,ACS_86,"Because of a physical, mental, or emotional condition, does this person have serious difficulty concentrating, remembering, or making decisions",Disability
CPS_0779,CPS_159,Does (your/his/her) disability prevent (you/he/she) from accepting any kind of work during the next six months?,ACS_87,Does this person have serious difficulty walking or climbing stairs?,Disability
CPS_0780,CPS_159,Does (your/his/her) disability prevent (you/he/she) from accepting any kind of work during the next six months?,ACS_88,Does this person have difficulty dressing or bathing?,Disability
CPS_0781,CPS_159,Does (your/his/her) disability prevent (you/he/she) from accepting any kind of work during the next six months?,ACS_89,"Because of a physical, mental, or emotional condition, does this person have difficulty doing errands alone such as visiting a doctor’s office or shopping?",Disability
CPS_0782,CPS_160,Does (your/his/her) disability prevent (you/he/she) from accepting any kind of work during the next six months?,ACS_84,Is this person deaf or does he/she have serious difficulty hearing?,Disability
CPS_0783,CPS_160,Does (your/his/her) disability prevent (you/he/she) from accepting any kind of work during the next six months?,ACS_85,Is this person blind or does he/she have serious difficulty seeing even when wearing glasses?,Disability
CPS_0784,CPS_160,Does (your/his/her) disability prevent (you/he/she) from accepting any kind of work during the next six months?,ACS_86,"Because of a physical, mental, or emotional condition, does this person have serious difficulty concentrating, remembering, or making decisions",Disability
CPS_0785,CPS_160,Does (your/his/her) disability prevent (you/he/she) from accepting any kind of work during the next six months?,ACS_87,Does this person have serious difficulty walking or climbing stairs?,Disability
CPS_0786,CPS_160,Does (your/his/her) disability prevent (you/he/she) from accepting any kind of work during the next six months?,ACS_88,Does this person have difficulty dressing or bathing?,Disability
CPS_0787,CPS_160,Does (your/his/her) disability prevent (you/he/she) from accepting any kind of work during the next six months?,ACS_89,"Because of a physical, mental, or emotional condition, does this person have difficulty doing errands alone such as visiting a doctor’s office or shopping?",Disability
CPS_0788,CPS_161,Does (your/his/her) disability prevent (you/he/she) from accepting any kind of work during the next six months?,ACS_84,Is this person deaf or does he/she have serious difficulty hearing?,Disability
CPS_0789,CPS_161,Does (your/his/her) disability prevent (you/he/she) from accepting any kind of work during the next six months?,ACS_85,Is this person blind or does he/she have serious difficulty seeing even when wearing glasses?,Disability
CPS_0790,CPS_161,Does (your/his/her) disability prevent (you/he/she) from accepting any kind of work during the next six months?,ACS_86,"Because of a physical, mental, or emotional condition, does this person have serious difficulty concentrating, remembering, or making decisions",Disability
CPS_0791,CPS_161,Does (your/his/her) disability prevent (you/he/she) from accepting any kind of work during the next six months?,ACS_87,Does this person have serious difficulty walking or climbing stairs?,Disability
CPS_0792,CPS_161,Does (your/his/her) disability prevent (you/he/she) from accepting any kind of work during the next six months?,ACS_88,Does this person have difficulty dressing or bathing?,Disability
CPS_0793,CPS_161,Does (your/his/her) disability prevent (you/he/she) from accepting any kind of work during the next six months?,ACS_89,"Because of a physical, mental, or emotional condition, does this person have difficulty doing errands alone such as visiting a doctor’s office or shopping?",Disability
CPS_0794,CPS_162,Does (your/his/her) disability prevent (you/he/she) from accepting any kind of work during the next six months?,ACS_84,Is this person deaf or does he/she have serious difficulty hearing?,Disability
CPS_0795,CPS_162,Does (your/his/her) disability prevent (you/he/she) from accepting any kind of work during the next six months?,ACS_85,Is this person blind or does he/she have serious difficulty seeing even when wearing glasses?,Disability
CPS_0796,CPS_162,Does (your/his/her) disability prevent (you/he/she) from accepting any kind of work during the next six months?,ACS_86,"Because of a physical, mental, or emotional condition, does this person have serious difficulty concentrating, remembering, or making decisions",Disability
CPS_0797,CPS_162,Does (your/his/her) disability prevent (you/he/she) from accepting any kind of work during the next six months?,ACS_87,Does this person have serious difficulty walking or climbing stairs?,Disability
CPS_0798,CPS_162,Does (your/his/her) disability prevent (you/he/she) from accepting any kind of work during the next six months?,ACS_88,Does this person have difficulty dressing or bathing?,Disability
CPS_0799,CPS_162,Does (your/his/her) disability prevent (you/he/she) from accepting any kind of work during the next six months?,ACS_89,"Because of a physical, mental, or emotional condition, does this person have difficulty doing errands alone such as visiting a doctor’s office or shopping?",Disability
CPS_0800,CPS_163,(Do / Does) (name/you) have a disability that prevents (you/he/she) from accepting any kind of work during the next six months?,ACS_84,Is this person deaf or does he/she have serious difficulty hearing?,Disability
CPS_0801,CPS_163,(Do / Does) (name/you) have a disability that prevents (you/he/she) from accepting any kind of work during the next six months?,ACS_85,Is this person blind or does he/she have serious difficulty seeing even when wearing glasses?,Disability
CPS_0802,CPS_163,(Do / Does) (name/you) have a disability that prevents (you/he/she) from accepting any kind of work during the next six months?,ACS_86,"Because of a physical, mental, or emotional condition, does this person have serious difficulty concentrating, remembering, or making decisions",Disability
CPS_0803,CPS_163,(Do / Does) (name/you) have a disability that prevents (you/he/she) from accepting any kind of work during the next six months?,ACS_87,Does this person have serious difficulty walking or climbing stairs?,Disability
CPS_0804,CPS_163,(Do / Does) (name/you) have a disability that prevents (you/he/she) from accepting any kind of work during the next six months?,ACS_88,Does this person have difficulty dressing or bathing?,Disability
CPS_0805,CPS_163,(Do / Does) (name/you) have a disability that prevents (you/he/she) from accepting any kind of work during the next six months?,ACS_89,"Because of a physical, mental, or emotional condition, does this person have difficulty doing errands alone such as visiting a doctor’s office or shopping?",Disability
CPS_0806,CPS_164,(Do / Does) (name/you) have a disability that prevents (you/he/she) from accepting any kind of work during the next six months?,ACS_84,Is this person deaf or does he/she have serious difficulty hearing?,Disability
CPS_0807,CPS_164,(Do / Does) (name/you) have a disability that prevents (you/he/she) from accepting any kind of work during the next six months?,ACS_85,Is this person blind or does he/she have serious difficulty seeing even when wearing glasses?,Disability
CPS_0808,CPS_164,(Do / Does) (name/you) have a disability that prevents (you/he/she) from accepting any kind of work during the next six months?,ACS_86,"Because of a physical, mental, or emotional condition, does this person have serious difficulty concentrating, remembering, or making decisions",Disability
CPS_0809,CPS_164,(Do / Does) (name/you) have a disability that prevents (you/he/she) from accepting any kind of work during the next six months?,ACS_87,Does this person have serious difficulty walking or climbing stairs?,Disability
CPS_0810,CPS_164,(Do / Does) (name/you) have a disability that prevents (you/he/she) from accepting any kind of work during the next six months?,ACS_88,Does this person have difficulty dressing or bathing?,Disability
CPS_0811,CPS_164,(Do / Does) (name/you) have a disability that prevents (you/he/she) from accepting any kind of work during the next six months?,ACS_89,"Because of a physical, mental, or emotional condition, does this person have difficulty doing errands alone such as visiting a doctor’s office or shopping?",Disability
CPS_0812,CPS_165,(Do / Does) (name/you) have a disability that prevents (you/he/she) from accepting any kind of work during the next six months?,ACS_84,Is this person deaf or does he/she have serious difficulty hearing?,Disability
CPS_0813,CPS_165,(Do / Does) (name/you) have a disability that prevents (you/he/she) from accepting any kind of work during the next six months?,ACS_85,Is this person blind or does he/she have serious difficulty seeing even when wearing glasses?,Disability
CPS_0814,CPS_165,(Do / Does) (name/you) have a disability that prevents (you/he/she) from accepting any kind of work during the next six months?,ACS_86,"Because of a physical, mental, or emotional condition, does this person have serious difficulty concentrating, remembering, or making decisions",Disability
CPS_0815,CPS_165,(Do / Does) (name/you) have a disability that prevents (you/he/she) from accepting any kind of work during the next six months?,ACS_87,Does this person have serious difficulty walking or climbing stairs?,Disability
CPS_0816,CPS_165,(Do / Does) (name/you) have a disability that prevents (you/he/she) from accepting any kind of work during the next six months?,ACS_88,Does this person have difficulty dressing or bathing?,Disability
CPS_0817,CPS_165,(Do / Does) (name/you) have a disability that prevents (you/he/she) from accepting any kind of work during the next six months?,ACS_89,"Because of a physical, mental, or emotional condition, does this person have difficulty doing errands alone such as visiting a doctor’s office or shopping?",Disability
CPS_0818,CPS_166,(Do / Does) (name/you) have a disability that prevents (you/he/she) from accepting any kind of work during the next six months?,ACS_84,Is this person deaf or does he/she have serious difficulty hearing?,Disability
CPS_0819,CPS_166,(Do / Does) (name/you) have a disability that prevents (you/he/she) from accepting any kind of work during the next six months?,ACS_85,Is this person blind or does he/she have serious difficulty seeing even when wearing glasses?,Disability
CPS_0820,CPS_166,(Do / Does) (name/you) have a disability that prevents (you/he/she) from accepting any kind of work during the next six months?,ACS_86,"Because of a physical, mental, or emotional condition, does this person have serious difficulty concentrating, remembering, or making decisions",Disability
CPS_0821,CPS_166,(Do / Does) (name/you) have a disability that prevents (you/he/she) from accepting any kind of work during the next six months?,ACS_87,Does this person have serious difficulty walking or climbing stairs?,Disability
CPS_0822,CPS_166,(Do / Does) (name/you) have a disability that prevents (you/he/she) from accepting any kind of work during the next six months?,ACS_88,Does this person have difficulty dressing or bathing?,Disability
CPS_0823,CPS_166,(Do / Does) (name/you) have a disability that prevents (you/he/she) from accepting any kind of work during the next six months?,ACS_89,"Because of a physical, mental, or emotional condition, does this person have difficulty doing errands alone such as visiting a doctor’s office or shopping?",Disability
CPS_0824,CPS_167,(Do / Does) (name/you) have a disability that prevents (you/he/she) from accepting any kind of work during the next six months?,ACS_84,Is this person deaf or does he/she have serious difficulty hearing?,Disability
CPS_0825,CPS_167,(Do / Does) (name/you) have a disability that prevents (you/he/she) from accepting any kind of work during the next six months?,ACS_85,Is this person blind or does he/she have serious difficulty seeing even when wearing glasses?,Disability
CPS_0826,CPS_167,(Do / Does) (name/you) have a disability that prevents (you/he/she) from accepting any kind of work during the next six months?,ACS_86,"Because of a physical, mental, or emotional condition, does this person have serious difficulty concentrating, remembering, or making decisions",Disability
CPS_0827,CPS_167,(Do / Does) (name/you) have a disability that prevents (you/he/she) from accepting any kind of work during the next six months?,ACS_87,Does this person have serious difficulty walking or climbing stairs?,Disability
CPS_0828,CPS_167,(Do / Does) (name/you) have a disability that prevents (you/he/she) from accepting any kind of work during the next six months?,ACS_88,Does this person have difficulty dressing or bathing?,Disability
CPS_0829,CPS_167,(Do / Does) (name/you) have a disability that prevents (you/he/she) from accepting any kind of work during the next six months?,ACS_89,"Because of a physical, mental, or emotional condition, does this person have difficulty doing errands alone such as visiting a doctor’s office or shopping?",Disability
CPS_0830,CPS_294,(Are you/Is NAME/Is anyone/Are any of the new household members) deaf or (do you/does NAME/does anyone/do they) have serious difficulty hearing?,ACS_84,Is this person deaf or does he/she have serious difficulty hearing?,Disability
CPS_0831,CPS_294,(Are you/Is NAME/Is anyone/Are any of the new household members) deaf or (do you/does NAME/does anyone/do they) have serious difficulty hearing?,ACS_85,Is this person blind or does he/she have serious difficulty seeing even when wearing glasses?,Disability
CPS_0832,CPS_294,(Are you/Is NAME/Is anyone/Are any of the new household members) deaf or (do you/does NAME/does anyone/do they) have serious difficulty hearing?,ACS_86,"Because of a physical, mental, or emotional condition, does this person have serious difficulty concentrating, remembering, or making decisions",Disability
CPS_0833,CPS_294,(Are you/Is NAME/Is anyone/Are any of the new household members) deaf or (do you/does NAME/does anyone/do they) have serious difficulty hearing?,ACS_87,Does this person have serious difficulty walking or climbing stairs?,Disability
CPS_0834,CPS_294,(Are you/Is NAME/Is anyone/Are any of the new household members) deaf or (do you/does NAME/does anyone/do they) have serious difficulty hearing?,ACS_88,Does this person have difficulty dressing or bathing?,Disability
CPS_0835,CPS_294,(Are you/Is NAME/Is anyone/Are any of the new household members) deaf or (do you/does NAME/does anyone/do they) have serious difficulty hearing?,ACS_89,"Because of a physical, mental, or emotional condition, does this person have difficulty doing errands alone such as visiting a doctor’s office or shopping?",Disability
CPS_0836,CPS_295,"(Are you/Is NAME/Is anyone/Are any of the new household members) blind or (do you/does NAME/does anyone/do they) have serious difficulty seeing, even when wearing glasses?",ACS_84,Is this person deaf or does he/she have serious difficulty hearing?,Disability
CPS_0837,CPS_295,"(Are you/Is NAME/Is anyone/Are any of the new household members) blind or (do you/does NAME/does anyone/do they) have serious difficulty seeing, even when wearing glasses?",ACS_85,Is this person blind or does he/she have serious difficulty seeing even when wearing glasses?,Disability
CPS_0838,CPS_295,"(Are you/Is NAME/Is anyone/Are any of the new household members) blind or (do you/does NAME/does anyone/do they) have serious difficulty seeing, even when wearing glasses?",ACS_86,"Because of a physical, mental, or emotional condition, does this person have serious difficulty concentrating, remembering, or making decisions",Disability
CPS_0839,CPS_295,"(Are you/Is NAME/Is anyone/Are any of the new household members) blind or (do you/does NAME/does anyone/do they) have serious difficulty seeing, even when wearing glasses?",ACS_87,Does this person have serious difficulty walking or climbing stairs?,Disability
CPS_0840,CPS_295,"(Are you/Is NAME/Is anyone/Are any of the new household members) blind or (do you/does NAME/does anyone/do they) have serious difficulty seeing, even when wearing glasses?",ACS_88,Does this person have difficulty dressing or bathing?,Disability
CPS_0841,CPS_295,"(Are you/Is NAME/Is anyone/Are any of the new household members) blind or (do you/does NAME/does anyone/do they) have serious difficulty seeing, even when wearing glasses?",ACS_89,"Because of a physical, mental, or emotional condition, does this person have difficulty doing errands alone such as visiting a doctor’s office or shopping?",Disability
CPS_0842,CPS_296,"Because of a physical, mental, or emotional condition, (do you/does NAME/does anyone/do any of the new household members) have serious difficulty concentrating, remembering, or making decisions?",ACS_84,Is this person deaf or does he/she have serious difficulty hearing?,Disability
CPS_0843,CPS_296,"Because of a physical, mental, or emotional condition, (do you/does NAME/does anyone/do any of the new household members) have serious difficulty concentrating, remembering, or making decisions?",ACS_85,Is this person blind or does he/she have serious difficulty seeing even when wearing glasses?,Disability
CPS_0844,CPS_296,"Because of a physical, mental, or emotional condition, (do you/does NAME/does anyone/do any of the new household members) have serious difficulty concentrating, remembering, or making decisions?",ACS_86,"Because of a physical, mental, or emotional condition, does this person have serious difficulty concentrating, remembering, or making decisions",Disability
CPS_0845,CPS_296,"Because of a physical, mental, or emotional condition, (do you/does NAME/does anyone/do any of the new household members) have serious difficulty concentrating, remembering, or making decisions?",ACS_87,Does this person have serious difficulty walking or climbing stairs?,Disability
CPS_0846,CPS_296,"Because of a physical, mental, or emotional condition, (do you/does NAME/does anyone/do any of the new household members) have serious difficulty concentrating, remembering, or making decisions?",ACS_88,Does this person have difficulty dressing or bathing?,Disability
CPS_0847,CPS_296,"Because of a physical, mental, or emotional condition, (do you/does NAME/does anyone/do any of the new household members) have serious difficulty concentrating, remembering, or making decisions?",ACS_89,"Because of a physical, mental, or emotional condition, does this person have difficulty doing errands alone such as visiting a doctor’s office or shopping?",Disability
CPS_0848,CPS_297,(Do you/Does NAME/Does anyone/Do any of the new household members) have serious difficulty walking or climbing stairs?,ACS_84,Is this person deaf or does he/she have serious difficulty hearing?,Disability
CPS_0849,CPS_297,(Do you/Does NAME/Does anyone/Do any of the new household members) have serious difficulty walking or climbing stairs?,ACS_85,Is this person blind or does he/she have serious difficulty seeing even when wearing glasses?,Disability
CPS_0850,CPS_297,(Do you/Does NAME/Does anyone/Do any of the new household members) have serious difficulty walking or climbing stairs?,ACS_86,"Because of a physical, mental, or emotional condition, does this person have serious difficulty concentrating, remembering, or making decisions",Disability
CPS_0851,CPS_297,(Do you/Does NAME/Does anyone/Do any of the new household members) have serious difficulty walking or climbing stairs?,ACS_87,Does this person have serious difficulty walking or climbing stairs?,Disability
CPS_0852,CPS_297,(Do you/Does NAME/Does anyone/Do any of the new household members) have serious difficulty walking or climbing stairs?,ACS_88,Does this person have difficulty dressing or bathing?,Disability
CPS_0853,CPS_297,(Do you/Does NAME/Does anyone/Do any of the new household members) have serious difficulty walking or climbing stairs?,ACS_89,"Because of a physical, mental, or emotional condition, does this person have difficulty doing errands alone such as visiting a doctor’s office or shopping?",Disability
CPS_0854,CPS_298,(Do you/Does NAME/Does anyone/Do any of the new household members) have difficulty dressing or bathing?,ACS_84,Is this person deaf or does he/she have serious difficulty hearing?,Disability
CPS_0855,CPS_298,(Do you/Does NAME/Does anyone/Do any of the new household members) have difficulty dressing or bathing?,ACS_85,Is this person blind or does he/she have serious difficulty seeing even when wearing glasses?,Disability
CPS_0856,CPS_298,(Do you/Does NAME/Does anyone/Do any of the new household members) have difficulty dressing or bathing?,ACS_86,"Because of a physical, mental, or emotional condition, does this person have serious difficulty concentrating, remembering, or making decisions",Disability
CPS_0857,CPS_298,(Do you/Does NAME/Does anyone/Do any of the new household members) have difficulty dressing or bathing?,ACS_87,Does this person have serious difficulty walking or climbing stairs?,Disability
CPS_0858,CPS_298,(Do you/Does NAME/Does anyone/Do any of the new household members) have difficulty dressing or bathing?,ACS_88,Does this person have difficulty dressing or bathing?,Disability
CPS_0859,CPS_298,(Do you/Does NAME/Does anyone/Do any of the new household members) have difficulty dressing or bathing?,ACS_89,"Because of a physical, mental, or emotional condition, does this person have difficulty doing errands alone such as visiting a doctor’s office or shopping?",Disability
CPS_0860,CPS_299,"Because of a physical, mental, or emotional condition, (do you/does NAME/does anyone/do any of the new household members) have difficulty doing errands alone such as visiting a doctor's office or shopping?",ACS_84,Is this person deaf or does he/she have serious difficulty hearing?,Disability
CPS_0861,CPS_299,"Because of a physical, mental, or emotional condition, (do you/does NAME/does anyone/do any of the new household members) have difficulty doing errands alone such as visiting a doctor's office or shopping?",ACS_85,Is this person blind or does he/she have serious difficulty seeing even when wearing glasses?,Disability
CPS_0862,CPS_299,"Because of a physical, mental, or emotional condition, (do you/does NAME/does anyone/do any of the new household members) have difficulty doing errands alone such as visiting a doctor's office or shopping?",ACS_86,"Because of a physical, mental, or emotional condition, does this person have serious difficulty concentrating, remembering, or making decisions",Disability
CPS_0863,CPS_299,"Because of a physical, mental, or emotional condition, (do you/does NAME/does anyone/do any of the new household members) have difficulty doing errands alone such as visiting a doctor's office or shopping?",ACS_87,Does this person have serious difficulty walking or climbing stairs?,Disability
CPS_0864,CPS_299,"Because of a physical, mental, or emotional condition, (do you/does NAME/does anyone/do any of the new household members) have difficulty doing errands alone such as visiting a doctor's office or shopping?",ACS_88,Does this person have difficulty dressing or bathing?,Disability
CPS_0865,CPS_299,"Because of a physical, mental, or emotional condition, (do you/does NAME/does anyone/do any of the new household members) have difficulty doing errands alone such as visiting a doctor's office or shopping?",ACS_89,"Because of a physical, mental, or emotional condition, does this person have difficulty doing errands alone such as visiting a doctor’s office or shopping?",Disability
CPS_0866,CPS_117,"At any time (THE WEEK BEFORE LAST/LAST WEEK), did (you/NAME) telework or work at home for pay?",ACS_104,At what location did this person work LAST WEEK?,Commute/Commuting
CPS_0867,CPS_117,"At any time (THE WEEK BEFORE LAST/LAST WEEK), did (you/NAME) telework or work at home for pay?",ACS_105,How did this person usually get to work LAST WEEK?,Commute/Commuting
CPS_0868,CPS_117,"At any time (THE WEEK BEFORE LAST/LAST WEEK), did (you/NAME) telework or work at home for pay?",ACS_106,"How many people, including this person, usually rode to work in the car, truck, or van LAST WEEK?",Commute/Commuting
CPS_0869,CPS_117,"At any time (THE WEEK BEFORE LAST/LAST WEEK), did (you/NAME) telework or work at home for pay?",ACS_107,"LAST WEEK, what time did this person’s trip to work usually begin?",Commute/Commuting
CPS_0870,CPS_117,"At any time (THE WEEK BEFORE LAST/LAST WEEK), did (you/NAME) telework or work at home for pay?",ACS_108,How many minutes did it usually take this person to get from home to work LAST WEEK,Commute/Commuting
CPS_0871,CPS_9,What is (name of person talking about)’s sex?,ACS_22,What is Person 1’s sex?,Sex
CPS_0872,CPS_9,What is (name of person talking about)’s sex?,ACS_27,What is Person 2’s sex?,Sex
CPS_0873,CPS_9,What is (name of person talking about)’s sex?,ACS_32,What is Person 3’s sex?,Sex
CPS_0874,CPS_58,"(Do / Does) (name/you) currently want a job, either full or part time?",ACS_112,"During the LAST 4 WEEKS, has this person been ACTIVELY looking for work?",Labor Force
CPS_0875,CPS_59,"(Do / Does) (name/you) currently want a job, either full or part time?",ACS_112,"During the LAST 4 WEEKS, has this person been ACTIVELY looking for work?",Labor Force
CPS_0876,CPS_60,"(Do / Does) (name/you) currently want a job, either full or part time?",ACS_112,"During the LAST 4 WEEKS, has this person been ACTIVELY looking for work?",Labor Force
CPS_0877,CPS_73,"(Do / Does) (name/you) currently want a job, either full or part time?",ACS_112,"During the LAST 4 WEEKS, has this person been ACTIVELY looking for work?",Labor Force
CPS_0878,CPS_74,"(Do / Does) (name/you) currently want a job, either full or part time?",ACS_112,"During the LAST 4 WEEKS, has this person been ACTIVELY looking for work?",Labor Force
CPS_0879,CPS_75,"(Do / Does) (name/you) currently want a job, either full or part time?",ACS_112,"During the LAST 4 WEEKS, has this person been ACTIVELY looking for work?",Labor Force
CPS_0880,CPS_88,"(Do / Does) (name/you) currently want a job, either full or part time?",ACS_112,"During the LAST 4 WEEKS, has this person been ACTIVELY looking for work?",Labor Force
CPS_0881,CPS_89,"(Do / Does) (name/you) currently want a job, either full or part time?",ACS_112,"During the LAST 4 WEEKS, has this person been ACTIVELY looking for work?",Labor Force
CPS_0882,CPS_90,"(Do / Does) (name/you) currently want a job, either full or part time?",ACS_112,"During the LAST 4 WEEKS, has this person been ACTIVELY looking for work?",Labor Force
CPS_0883,CPS_144,Why is that?,ACS_112,"During the LAST 4 WEEKS, has this person been ACTIVELY looking for work?",Labor Force
CPS_0884,CPS_155,"(Do / Does) (name/you) currently want a job, either full or part time?",ACS_112,"During the LAST 4 WEEKS, has this person been ACTIVELY looking for work?",Labor Force
CPS_0885,CPS_156,"(Do / Does) (name/you) currently want a job, either full or part time?",ACS_112,"During the LAST 4 WEEKS, has this person been ACTIVELY looking for work?",Labor Force
CPS_0886,CPS_157,"(Do / Does) (name/you) currently want a job, either full or part time?",ACS_112,"During the LAST 4 WEEKS, has this person been ACTIVELY looking for work?",Labor Force
CPS_0887,CPS_175,Why is that?,ACS_112,"During the LAST 4 WEEKS, has this person been ACTIVELY looking for work?",Labor Force
CPS_0888,CPS_181,(Do / Does) (name/you) intend to look for work during the next 12 months?,ACS_112,"During the LAST 4 WEEKS, has this person been ACTIVELY looking for work?",Labor Force
CPS_0889,CPS_285,"On this job, (are / is) (name/you) a member of a labor union or of an employee association similar to a union?",ACS_112,"During the LAST 4 WEEKS, has this person been ACTIVELY looking for work?",Labor Force
CPS_0890,CPS_43,"(Are / Is) (name/you) of Hispanic, Latino, or Spanish origin?",ACS_24,"Is Person 1 of Hispanic, Latino, or Spanish origin?",Hispanic Origin
CPS_0891,CPS_43,"(Are / Is) (name/you) of Hispanic, Latino, or Spanish origin?",ACS_29,"Is Person 2 of Hispanic, Latino, or Spanish origin?",Hispanic Origin
CPS_0892,CPS_43,"(Are / Is) (name/you) of Hispanic, Latino, or Spanish origin?",ACS_34,"Is Person 3 of Hispanic, Latino, or Spanish origin?",Hispanic Origin
CPS_0893,CPS_44,"(Are / Is) (name/you) Mexican, Mexican American, or Chicano, Puerto Rican, Cuban, Cuban American, or another Hispanic, Latino, or Spanish origin; for example, Argentinean, Columbian, Dominican, Nicaraguan, Salvadoran, Spaniard, and so on?",ACS_24,"Is Person 1 of Hispanic, Latino, or Spanish origin?",Hispanic Origin
CPS_0894,CPS_44,"(Are / Is) (name/you) Mexican, Mexican American, or Chicano, Puerto Rican, Cuban, Cuban American, or another Hispanic, Latino, or Spanish origin; for example, Argentinean, Columbian, Dominican, Nicaraguan, Salvadoran, Spaniard, and so on?",ACS_29,"Is Person 2 of Hispanic, Latino, or Spanish origin?",Hispanic Origin
CPS_0895,CPS_44,"(Are / Is) (name/you) Mexican, Mexican American, or Chicano, Puerto Rican, Cuban, Cuban American, or another Hispanic, Latino, or Spanish origin; for example, Argentinean, Columbian, Dominican, Nicaraguan, Salvadoran, Spaniard, and so on?",ACS_34,"Is Person 3 of Hispanic, Latino, or Spanish origin?",Hispanic Origin
CPS_0896,CPS_45,"What is the name of (your/his/her) other Spanish, Hispanic, or Latino group?",ACS_24,"Is Person 1 of Hispanic, Latino, or Spanish origin?",Hispanic Origin
CPS_0897,CPS_45,"What is the name of (your/his/her) other Spanish, Hispanic, or Latino group?",ACS_29,"Is Person 2 of Hispanic, Latino, or Spanish origin?",Hispanic Origin
CPS_0898,CPS_45,"What is the name of (your/his/her) other Spanish, Hispanic, or Latino group?",ACS_34,"Is Person 3 of Hispanic, Latino, or Spanish origin?",Hispanic Origin
CPS_0899,CPS_8,Does (name of person talking about) have a usual place of residence elsewhere?,ACS_79,Did this person live in this house or apartment 1 year ago?,Moving
CPS_0900,CPS_290,"(THE WEEK BEFORE LAST/LAST WEEK), (was/were) (you/he/she) enrolled in a high school, college, or university?",ACS_13,"Are you enrolled in a high school, college, or university?",School Enrollment
CPS_0901,CPS_290,"(THE WEEK BEFORE LAST/LAST WEEK), (was/were) (you/he/she) enrolled in a high school, college, or university?",ACS_14,"Would that be high school, college, or university?",School Enrollment
CPS_0902,CPS_290,"(THE WEEK BEFORE LAST/LAST WEEK), (was/were) (you/he/she) enrolled in a high school, college, or university?",ACS_15,Are you enrolled in school as a full-time or part-time student?,School Enrollment
CPS_0903,CPS_290,"(THE WEEK BEFORE LAST/LAST WEEK), (was/were) (you/he/she) enrolled in a high school, college, or university?",ACS_73,"At any time IN THE LAST 3 MONTHS, has this person attended school or college?",School Enrollment
CPS_0904,CPS_290,"(THE WEEK BEFORE LAST/LAST WEEK), (was/were) (you/he/she) enrolled in a high school, college, or university?",ACS_74,What grade or level was this person attending?,School Enrollment
CPS_0905,CPS_292,(Are / Is) (you/he/she) enrolled in school as a full time or part time student?,ACS_13,"Are you enrolled in a high school, college, or university?",School Enrollment
CPS_0906,CPS_292,(Are / Is) (you/he/she) enrolled in school as a full time or part time student?,ACS_14,"Would that be high school, college, or university?",School Enrollment
CPS_0907,CPS_292,(Are / Is) (you/he/she) enrolled in school as a full time or part time student?,ACS_15,Are you enrolled in school as a full-time or part-time student?,School Enrollment
CPS_0908,CPS_292,(Are / Is) (you/he/she) enrolled in school as a full time or part time student?,ACS_73,"At any time IN THE LAST 3 MONTHS, has this person attended school or college?",School Enrollment
CPS_0909,CPS_292,(Are / Is) (you/he/she) enrolled in school as a full time or part time student?,ACS_74,What grade or level was this person attending?,School Enrollment
CPS_0910,CPS_303,(Are / Is) (name/you) a CITIZEN of the United States?,ACS_71,Is this person a citizen of the United States?,Citizenship
CPS_0911,CPS_304,(were/was) (name/you) born a citizen of the United States?,ACS_71,Is this person a citizen of the United States?,Citizenship
CPS_0912,CPS_305,Did (name/you) become a citizen of the United States through naturalization?,ACS_71,Is this person a citizen of the United States?,Citizenship
CPS_0913,CPS_102,(Are / Is) ( you/he/she) being paid by (your/his/her) employer for any of the time off (the week before last/last week)?,ACS_1,"For your [main] job, what is the easiest way for you to report your total earnings BEFORE taxes or other deductions: hourly, weekly, annually, or on some other basis?",Earnings
CPS_0914,CPS_102,(Are / Is) ( you/he/she) being paid by (your/his/her) employer for any of the time off (the week before last/last week)?,ACS_3,"EXCLUDING overtime pay, tips and commissions what is your hourly rate of pay on [this/your main] job?",Earnings
CPS_0915,CPS_102,(Are / Is) ( you/he/she) being paid by (your/his/her) employer for any of the time off (the week before last/last week)?,ACS_4,What is your hourly rate of pay on [this/ your main] job?,Earnings
CPS_0916,CPS_102,(Are / Is) ( you/he/she) being paid by (your/his/her) employer for any of the time off (the week before last/last week)?,ACS_5,What is your best estimate of your hourly rate of pay?,Earnings
CPS_0917,CPS_102,(Are / Is) ( you/he/she) being paid by (your/his/her) employer for any of the time off (the week before last/last week)?,ACS_8,"How much do you usually receive JUST in overtime pay, tips or commissions, before taxes or other deductions?",Earnings
CPS_0918,CPS_102,(Are / Is) ( you/he/she) being paid by (your/his/her) employer for any of the time off (the week before last/last week)?,ACS_9,"What is your best estimate of how much you usually earn weekly, JUST in overtime pay, tips, or commissions, before taxes or other deductions?",Earnings
CPS_0919,CPS_253,"For (name's/your) (job/MAIN job), what is the easiest way for you to report (your/his/her) total earnings BEFORE taxes or other deductions: hourly, weekly, annually, or on some other basis?",ACS_1,"For your [main] job, what is the easiest way for you to report your total earnings BEFORE taxes or other deductions: hourly, weekly, annually, or on some other basis?",Earnings
CPS_0920,CPS_253,"For (name's/your) (job/MAIN job), what is the easiest way for you to report (your/his/her) total earnings BEFORE taxes or other deductions: hourly, weekly, annually, or on some other basis?",ACS_3,"EXCLUDING overtime pay, tips and commissions what is your hourly rate of pay on [this/your main] job?",Earnings
CPS_0921,CPS_253,"For (name's/your) (job/MAIN job), what is the easiest way for you to report (your/his/her) total earnings BEFORE taxes or other deductions: hourly, weekly, annually, or on some other basis?",ACS_4,What is your hourly rate of pay on [this/ your main] job?,Earnings
CPS_0922,CPS_253,"For (name's/your) (job/MAIN job), what is the easiest way for you to report (your/his/her) total earnings BEFORE taxes or other deductions: hourly, weekly, annually, or on some other basis?",ACS_5,What is your best estimate of your hourly rate of pay?,Earnings
CPS_0923,CPS_253,"For (name's/your) (job/MAIN job), what is the easiest way for you to report (your/his/her) total earnings BEFORE taxes or other deductions: hourly, weekly, annually, or on some other basis?",ACS_8,"How much do you usually receive JUST in overtime pay, tips or commissions, before taxes or other deductions?",Earnings
CPS_0924,CPS_253,"For (name's/your) (job/MAIN job), what is the easiest way for you to report (your/his/her) total earnings BEFORE taxes or other deductions: hourly, weekly, annually, or on some other basis?",ACS_9,"What is your best estimate of how much you usually earn weekly, JUST in overtime pay, tips, or commissions, before taxes or other deductions?",Earnings
CPS_0925,CPS_255,"(EXCLUDING overtime pay, tips and commissions) what is (your/his/her) hourly rate of pay on (this job/ (your/his/her) MAIN job)?",ACS_1,"For your [main] job, what is the easiest way for you to report your total earnings BEFORE taxes or other deductions: hourly, weekly, annually, or on some other basis?",Earnings
CPS_0926,CPS_255,"(EXCLUDING overtime pay, tips and commissions) what is (your/his/her) hourly rate of pay on (this job/ (your/his/her) MAIN job)?",ACS_3,"EXCLUDING overtime pay, tips and commissions what is your hourly rate of pay on [this/your main] job?",Earnings
CPS_0927,CPS_255,"(EXCLUDING overtime pay, tips and commissions) what is (your/his/her) hourly rate of pay on (this job/ (your/his/her) MAIN job)?",ACS_4,What is your hourly rate of pay on [this/ your main] job?,Earnings
CPS_0928,CPS_255,"(EXCLUDING overtime pay, tips and commissions) what is (your/his/her) hourly rate of pay on (this job/ (your/his/her) MAIN job)?",ACS_5,What is your best estimate of your hourly rate of pay?,Earnings
CPS_0929,CPS_255,"(EXCLUDING overtime pay, tips and commissions) what is (your/his/her) hourly rate of pay on (this job/ (your/his/her) MAIN job)?",ACS_8,"How much do you usually receive JUST in overtime pay, tips or commissions, before taxes or other deductions?",Earnings
CPS_0930,CPS_255,"(EXCLUDING overtime pay, tips and commissions) what is (your/his/her) hourly rate of pay on (this job/ (your/his/her) MAIN job)?",ACS_9,"What is your best estimate of how much you usually earn weekly, JUST in overtime pay, tips, or commissions, before taxes or other deductions?",Earnings
CPS_0931,CPS_256,What is your best estimate of (your/his/her) hourly rate of pay?,ACS_1,"For your [main] job, what is the easiest way for you to report your total earnings BEFORE taxes or other deductions: hourly, weekly, annually, or on some other basis?",Earnings
CPS_0932,CPS_256,What is your best estimate of (your/his/her) hourly rate of pay?,ACS_3,"EXCLUDING overtime pay, tips and commissions what is your hourly rate of pay on [this/your main] job?",Earnings
CPS_0933,CPS_256,What is your best estimate of (your/his/her) hourly rate of pay?,ACS_4,What is your hourly rate of pay on [this/ your main] job?,Earnings
CPS_0934,CPS_256,What is your best estimate of (your/his/her) hourly rate of pay?,ACS_5,What is your best estimate of your hourly rate of pay?,Earnings
CPS_0935,CPS_256,What is your best estimate of (your/his/her) hourly rate of pay?,ACS_8,"How much do you usually receive JUST in overtime pay, tips or commissions, before taxes or other deductions?",Earnings
CPS_0936,CPS_256,What is your best estimate of (your/his/her) hourly rate of pay?,ACS_9,"What is your best estimate of how much you usually earn weekly, JUST in overtime pay, tips, or commissions, before taxes or other deductions?",Earnings
CPS_0937,CPS_260,"What is your best estimate of how much (you/he/she) usually (earn/earns) WEEKLY, JUST in overtime pay, tips, or commissions, before taxes or other deductions?",ACS_1,"For your [main] job, what is the easiest way for you to report your total earnings BEFORE taxes or other deductions: hourly, weekly, annually, or on some other basis?",Earnings
CPS_0938,CPS_260,"What is your best estimate of how much (you/he/she) usually (earn/earns) WEEKLY, JUST in overtime pay, tips, or commissions, before taxes or other deductions?",ACS_3,"EXCLUDING overtime pay, tips and commissions what is your hourly rate of pay on [this/your main] job?",Earnings
CPS_0939,CPS_260,"What is your best estimate of how much (you/he/she) usually (earn/earns) WEEKLY, JUST in overtime pay, tips, or commissions, before taxes or other deductions?",ACS_4,What is your hourly rate of pay on [this/ your main] job?,Earnings
CPS_0940,CPS_260,"What is your best estimate of how much (you/he/she) usually (earn/earns) WEEKLY, JUST in overtime pay, tips, or commissions, before taxes or other deductions?",ACS_5,What is your best estimate of your hourly rate of pay?,Earnings
CPS_0941,CPS_260,"What is your best estimate of how much (you/he/she) usually (earn/earns) WEEKLY, JUST in overtime pay, tips, or commissions, before taxes or other deductions?",ACS_8,"How much do you usually receive JUST in overtime pay, tips or commissions, before taxes or other deductions?",Earnings
CPS_0942,CPS_260,"What is your best estimate of how much (you/he/she) usually (earn/earns) WEEKLY, JUST in overtime pay, tips, or commissions, before taxes or other deductions?",ACS_9,"What is your best estimate of how much you usually earn weekly, JUST in overtime pay, tips, or commissions, before taxes or other deductions?",Earnings
CPS_0943,CPS_261,"Do not ask: Usual (weekly/hourly/monthly/annual) earnings in overtime pay, tips or commissions recorded as: (ERNOTO) Is this entry correct?",ACS_1,"For your [main] job, what is the easiest way for you to report your total earnings BEFORE taxes or other deductions: hourly, weekly, annually, or on some other basis?",Earnings
CPS_0944,CPS_261,"Do not ask: Usual (weekly/hourly/monthly/annual) earnings in overtime pay, tips or commissions recorded as: (ERNOTO) Is this entry correct?",ACS_3,"EXCLUDING overtime pay, tips and commissions what is your hourly rate of pay on [this/your main] job?",Earnings
CPS_0945,CPS_261,"Do not ask: Usual (weekly/hourly/monthly/annual) earnings in overtime pay, tips or commissions recorded as: (ERNOTO) Is this entry correct?",ACS_4,What is your hourly rate of pay on [this/ your main] job?,Earnings
CPS_0946,CPS_261,"Do not ask: Usual (weekly/hourly/monthly/annual) earnings in overtime pay, tips or commissions recorded as: (ERNOTO) Is this entry correct?",ACS_5,What is your best estimate of your hourly rate of pay?,Earnings
CPS_0947,CPS_261,"Do not ask: Usual (weekly/hourly/monthly/annual) earnings in overtime pay, tips or commissions recorded as: (ERNOTO) Is this entry correct?",ACS_8,"How much do you usually receive JUST in overtime pay, tips or commissions, before taxes or other deductions?",Earnings
CPS_0948,CPS_261,"Do not ask: Usual (weekly/hourly/monthly/annual) earnings in overtime pay, tips or commissions recorded as: (ERNOTO) Is this entry correct?",ACS_9,"What is your best estimate of how much you usually earn weekly, JUST in overtime pay, tips, or commissions, before taxes or other deductions?",Earnings
CPS_0949,CPS_265,I have estimated (your/his/her) usual WEEKLY earnings (as/for (your/his/her) main job as) (AMOUNT) before taxes or other deductions. Does that sound correct?,ACS_1,"For your [main] job, what is the easiest way for you to report your total earnings BEFORE taxes or other deductions: hourly, weekly, annually, or on some other basis?",Earnings
CPS_0950,CPS_265,I have estimated (your/his/her) usual WEEKLY earnings (as/for (your/his/her) main job as) (AMOUNT) before taxes or other deductions. Does that sound correct?,ACS_3,"EXCLUDING overtime pay, tips and commissions what is your hourly rate of pay on [this/your main] job?",Earnings
CPS_0951,CPS_265,I have estimated (your/his/her) usual WEEKLY earnings (as/for (your/his/her) main job as) (AMOUNT) before taxes or other deductions. Does that sound correct?,ACS_4,What is your hourly rate of pay on [this/ your main] job?,Earnings
CPS_0952,CPS_265,I have estimated (your/his/her) usual WEEKLY earnings (as/for (your/his/her) main job as) (AMOUNT) before taxes or other deductions. Does that sound correct?,ACS_5,What is your best estimate of your hourly rate of pay?,Earnings
CPS_0953,CPS_265,I have estimated (your/his/her) usual WEEKLY earnings (as/for (your/his/her) main job as) (AMOUNT) before taxes or other deductions. Does that sound correct?,ACS_8,"How much do you usually receive JUST in overtime pay, tips or commissions, before taxes or other deductions?",Earnings
CPS_0954,CPS_265,I have estimated (your/his/her) usual WEEKLY earnings (as/for (your/his/her) main job as) (AMOUNT) before taxes or other deductions. Does that sound correct?,ACS_9,"What is your best estimate of how much you usually earn weekly, JUST in overtime pay, tips, or commissions, before taxes or other deductions?",Earnings
CPS_0955,CPS_266,Which piece or pieces of information do not seem to be correct?,ACS_1,"For your [main] job, what is the easiest way for you to report your total earnings BEFORE taxes or other deductions: hourly, weekly, annually, or on some other basis?",Earnings
CPS_0956,CPS_266,Which piece or pieces of information do not seem to be correct?,ACS_3,"EXCLUDING overtime pay, tips and commissions what is your hourly rate of pay on [this/your main] job?",Earnings
CPS_0957,CPS_266,Which piece or pieces of information do not seem to be correct?,ACS_4,What is your hourly rate of pay on [this/ your main] job?,Earnings
CPS_0958,CPS_266,Which piece or pieces of information do not seem to be correct?,ACS_5,What is your best estimate of your hourly rate of pay?,Earnings
CPS_0959,CPS_266,Which piece or pieces of information do not seem to be correct?,ACS_8,"How much do you usually receive JUST in overtime pay, tips or commissions, before taxes or other deductions?",Earnings
CPS_0960,CPS_266,Which piece or pieces of information do not seem to be correct?,ACS_9,"What is your best estimate of how much you usually earn weekly, JUST in overtime pay, tips, or commissions, before taxes or other deductions?",Earnings
CPS_0961,CPS_267,"What is (name's/your) hourly rate of pay on this job, excluding overtime pay, tips or commissions?",ACS_1,"For your [main] job, what is the easiest way for you to report your total earnings BEFORE taxes or other deductions: hourly, weekly, annually, or on some other basis?",Earnings
CPS_0962,CPS_267,"What is (name's/your) hourly rate of pay on this job, excluding overtime pay, tips or commissions?",ACS_3,"EXCLUDING overtime pay, tips and commissions what is your hourly rate of pay on [this/your main] job?",Earnings
CPS_0963,CPS_267,"What is (name's/your) hourly rate of pay on this job, excluding overtime pay, tips or commissions?",ACS_4,What is your hourly rate of pay on [this/ your main] job?,Earnings
CPS_0964,CPS_267,"What is (name's/your) hourly rate of pay on this job, excluding overtime pay, tips or commissions?",ACS_5,What is your best estimate of your hourly rate of pay?,Earnings
CPS_0965,CPS_267,"What is (name's/your) hourly rate of pay on this job, excluding overtime pay, tips or commissions?",ACS_8,"How much do you usually receive JUST in overtime pay, tips or commissions, before taxes or other deductions?",Earnings
CPS_0966,CPS_267,"What is (name's/your) hourly rate of pay on this job, excluding overtime pay, tips or commissions?",ACS_9,"What is your best estimate of how much you usually earn weekly, JUST in overtime pay, tips, or commissions, before taxes or other deductions?",Earnings
CPS_0967,CPS_269,"How much (do/does) (name/you) usually earn (weekly/monthly/annually) just in overtime pay, tips or commissions?",ACS_1,"For your [main] job, what is the easiest way for you to report your total earnings BEFORE taxes or other deductions: hourly, weekly, annually, or on some other basis?",Earnings
CPS_0968,CPS_269,"How much (do/does) (name/you) usually earn (weekly/monthly/annually) just in overtime pay, tips or commissions?",ACS_3,"EXCLUDING overtime pay, tips and commissions what is your hourly rate of pay on [this/your main] job?",Earnings
CPS_0969,CPS_269,"How much (do/does) (name/you) usually earn (weekly/monthly/annually) just in overtime pay, tips or commissions?",ACS_4,What is your hourly rate of pay on [this/ your main] job?,Earnings
CPS_0970,CPS_269,"How much (do/does) (name/you) usually earn (weekly/monthly/annually) just in overtime pay, tips or commissions?",ACS_5,What is your best estimate of your hourly rate of pay?,Earnings
CPS_0971,CPS_269,"How much (do/does) (name/you) usually earn (weekly/monthly/annually) just in overtime pay, tips or commissions?",ACS_8,"How much do you usually receive JUST in overtime pay, tips or commissions, before taxes or other deductions?",Earnings
CPS_0972,CPS_269,"How much (do/does) (name/you) usually earn (weekly/monthly/annually) just in overtime pay, tips or commissions?",ACS_9,"What is your best estimate of how much you usually earn weekly, JUST in overtime pay, tips, or commissions, before taxes or other deductions?",Earnings
CPS_0973,CPS_270,"How much (do/does) (name/you) usually earn hourly just in overtime pay, tips or commissions?",ACS_1,"For your [main] job, what is the easiest way for you to report your total earnings BEFORE taxes or other deductions: hourly, weekly, annually, or on some other basis?",Earnings
CPS_0974,CPS_270,"How much (do/does) (name/you) usually earn hourly just in overtime pay, tips or commissions?",ACS_3,"EXCLUDING overtime pay, tips and commissions what is your hourly rate of pay on [this/your main] job?",Earnings
CPS_0975,CPS_270,"How much (do/does) (name/you) usually earn hourly just in overtime pay, tips or commissions?",ACS_4,What is your hourly rate of pay on [this/ your main] job?,Earnings
CPS_0976,CPS_270,"How much (do/does) (name/you) usually earn hourly just in overtime pay, tips or commissions?",ACS_5,What is your best estimate of your hourly rate of pay?,Earnings
CPS_0977,CPS_270,"How much (do/does) (name/you) usually earn hourly just in overtime pay, tips or commissions?",ACS_8,"How much do you usually receive JUST in overtime pay, tips or commissions, before taxes or other deductions?",Earnings
CPS_0978,CPS_270,"How much (do/does) (name/you) usually earn hourly just in overtime pay, tips or commissions?",ACS_9,"What is your best estimate of how much you usually earn weekly, JUST in overtime pay, tips, or commissions, before taxes or other deductions?",Earnings
CPS_0979,CPS_272,"Then, including overtime pay, tips and commissions, what are (name/you) usual WEEKLY earnings on (this job/ (your/his/her) MAIN), before taxes or other deductions?",ACS_1,"For your [main] job, what is the easiest way for you to report your total earnings BEFORE taxes or other deductions: hourly, weekly, annually, or on some other basis?",Earnings
CPS_0980,CPS_272,"Then, including overtime pay, tips and commissions, what are (name/you) usual WEEKLY earnings on (this job/ (your/his/her) MAIN), before taxes or other deductions?",ACS_3,"EXCLUDING overtime pay, tips and commissions what is your hourly rate of pay on [this/your main] job?",Earnings
CPS_0981,CPS_272,"Then, including overtime pay, tips and commissions, what are (name/you) usual WEEKLY earnings on (this job/ (your/his/her) MAIN), before taxes or other deductions?",ACS_4,What is your hourly rate of pay on [this/ your main] job?,Earnings
CPS_0982,CPS_272,"Then, including overtime pay, tips and commissions, what are (name/you) usual WEEKLY earnings on (this job/ (your/his/her) MAIN), before taxes or other deductions?",ACS_5,What is your best estimate of your hourly rate of pay?,Earnings
CPS_0983,CPS_272,"Then, including overtime pay, tips and commissions, what are (name/you) usual WEEKLY earnings on (this job/ (your/his/her) MAIN), before taxes or other deductions?",ACS_8,"How much do you usually receive JUST in overtime pay, tips or commissions, before taxes or other deductions?",Earnings
CPS_0984,CPS_272,"Then, including overtime pay, tips and commissions, what are (name/you) usual WEEKLY earnings on (this job/ (your/his/her) MAIN), before taxes or other deductions?",ACS_9,"What is your best estimate of how much you usually earn weekly, JUST in overtime pay, tips, or commissions, before taxes or other deductions?",Earnings
CPS_0985,CPS_273,"I have estimated (your/his/her) total WEEKLY earnings (as/ for (your/his/her) main job, as (entry in ERNX2) WEEKLY before taxes or other deductions. Does that sound correct?",ACS_1,"For your [main] job, what is the easiest way for you to report your total earnings BEFORE taxes or other deductions: hourly, weekly, annually, or on some other basis?",Earnings
CPS_0986,CPS_273,"I have estimated (your/his/her) total WEEKLY earnings (as/ for (your/his/her) main job, as (entry in ERNX2) WEEKLY before taxes or other deductions. Does that sound correct?",ACS_3,"EXCLUDING overtime pay, tips and commissions what is your hourly rate of pay on [this/your main] job?",Earnings
CPS_0987,CPS_273,"I have estimated (your/his/her) total WEEKLY earnings (as/ for (your/his/her) main job, as (entry in ERNX2) WEEKLY before taxes or other deductions. Does that sound correct?",ACS_4,What is your hourly rate of pay on [this/ your main] job?,Earnings
CPS_0988,CPS_273,"I have estimated (your/his/her) total WEEKLY earnings (as/ for (your/his/her) main job, as (entry in ERNX2) WEEKLY before taxes or other deductions. Does that sound correct?",ACS_5,What is your best estimate of your hourly rate of pay?,Earnings
CPS_0989,CPS_273,"I have estimated (your/his/her) total WEEKLY earnings (as/ for (your/his/her) main job, as (entry in ERNX2) WEEKLY before taxes or other deductions. Does that sound correct?",ACS_8,"How much do you usually receive JUST in overtime pay, tips or commissions, before taxes or other deductions?",Earnings
CPS_0990,CPS_273,"I have estimated (your/his/her) total WEEKLY earnings (as/ for (your/his/her) main job, as (entry in ERNX2) WEEKLY before taxes or other deductions. Does that sound correct?",ACS_9,"What is your best estimate of how much you usually earn weekly, JUST in overtime pay, tips, or commissions, before taxes or other deductions?",Earnings
CPS_0991,CPS_274,"(Including overtime pay, tips and commissions,) What are (name's/your) usual weekly earnings on (this job/ (your/his/her) MAIN), before taxes or other deductions?",ACS_1,"For your [main] job, what is the easiest way for you to report your total earnings BEFORE taxes or other deductions: hourly, weekly, annually, or on some other basis?",Earnings
CPS_0992,CPS_274,"(Including overtime pay, tips and commissions,) What are (name's/your) usual weekly earnings on (this job/ (your/his/her) MAIN), before taxes or other deductions?",ACS_3,"EXCLUDING overtime pay, tips and commissions what is your hourly rate of pay on [this/your main] job?",Earnings
CPS_0993,CPS_274,"(Including overtime pay, tips and commissions,) What are (name's/your) usual weekly earnings on (this job/ (your/his/her) MAIN), before taxes or other deductions?",ACS_4,What is your hourly rate of pay on [this/ your main] job?,Earnings
CPS_0994,CPS_274,"(Including overtime pay, tips and commissions,) What are (name's/your) usual weekly earnings on (this job/ (your/his/her) MAIN), before taxes or other deductions?",ACS_5,What is your best estimate of your hourly rate of pay?,Earnings
CPS_0995,CPS_274,"(Including overtime pay, tips and commissions,) What are (name's/your) usual weekly earnings on (this job/ (your/his/her) MAIN), before taxes or other deductions?",ACS_8,"How much do you usually receive JUST in overtime pay, tips or commissions, before taxes or other deductions?",Earnings
CPS_0996,CPS_274,"(Including overtime pay, tips and commissions,) What are (name's/your) usual weekly earnings on (this job/ (your/his/her) MAIN), before taxes or other deductions?",ACS_9,"What is your best estimate of how much you usually earn weekly, JUST in overtime pay, tips, or commissions, before taxes or other deductions?",Earnings
CPS_0997,CPS_275,"(Including overtime pay, tips and commissions,) what are (name's/your) usual twice monthly earnings on (this job/ (your/his/her) MAIN), before taxes or other deductions?",ACS_1,"For your [main] job, what is the easiest way for you to report your total earnings BEFORE taxes or other deductions: hourly, weekly, annually, or on some other basis?",Earnings
CPS_0998,CPS_275,"(Including overtime pay, tips and commissions,) what are (name's/your) usual twice monthly earnings on (this job/ (your/his/her) MAIN), before taxes or other deductions?",ACS_3,"EXCLUDING overtime pay, tips and commissions what is your hourly rate of pay on [this/your main] job?",Earnings
CPS_0999,CPS_275,"(Including overtime pay, tips and commissions,) what are (name's/your) usual twice monthly earnings on (this job/ (your/his/her) MAIN), before taxes or other deductions?",ACS_4,What is your hourly rate of pay on [this/ your main] job?,Earnings
CPS_1000,CPS_275,"(Including overtime pay, tips and commissions,) what are (name's/your) usual twice monthly earnings on (this job/ (your/his/her) MAIN), before taxes or other deductions?",ACS_5,What is your best estimate of your hourly rate of pay?,Earnings
CPS_1001,CPS_275,"(Including overtime pay, tips and commissions,) what are (name's/your) usual twice monthly earnings on (this job/ (your/his/her) MAIN), before taxes or other deductions?",ACS_8,"How much do you usually receive JUST in overtime pay, tips or commissions, before taxes or other deductions?",Earnings
CPS_1002,CPS_275,"(Including overtime pay, tips and commissions,) what are (name's/your) usual twice monthly earnings on (this job/ (your/his/her) MAIN), before taxes or other deductions?",ACS_9,"What is your best estimate of how much you usually earn weekly, JUST in overtime pay, tips, or commissions, before taxes or other deductions?",Earnings
CPS_1003,CPS_276,"(Including overtime pay, tips and commissions,) what are (name's/your) usual monthly earnings on (this job/ (your/his/her) MAIN), before taxes or other deductions?",ACS_1,"For your [main] job, what is the easiest way for you to report your total earnings BEFORE taxes or other deductions: hourly, weekly, annually, or on some other basis?",Earnings
CPS_1004,CPS_276,"(Including overtime pay, tips and commissions,) what are (name's/your) usual monthly earnings on (this job/ (your/his/her) MAIN), before taxes or other deductions?",ACS_3,"EXCLUDING overtime pay, tips and commissions what is your hourly rate of pay on [this/your main] job?",Earnings
CPS_1005,CPS_276,"(Including overtime pay, tips and commissions,) what are (name's/your) usual monthly earnings on (this job/ (your/his/her) MAIN), before taxes or other deductions?",ACS_4,What is your hourly rate of pay on [this/ your main] job?,Earnings
CPS_1006,CPS_276,"(Including overtime pay, tips and commissions,) what are (name's/your) usual monthly earnings on (this job/ (your/his/her) MAIN), before taxes or other deductions?",ACS_5,What is your best estimate of your hourly rate of pay?,Earnings
CPS_1007,CPS_276,"(Including overtime pay, tips and commissions,) what are (name's/your) usual monthly earnings on (this job/ (your/his/her) MAIN), before taxes or other deductions?",ACS_8,"How much do you usually receive JUST in overtime pay, tips or commissions, before taxes or other deductions?",Earnings
CPS_1008,CPS_276,"(Including overtime pay, tips and commissions,) what are (name's/your) usual monthly earnings on (this job/ (your/his/her) MAIN), before taxes or other deductions?",ACS_9,"What is your best estimate of how much you usually earn weekly, JUST in overtime pay, tips, or commissions, before taxes or other deductions?",Earnings
CPS_1009,CPS_277,"(Including overtime pay, tips and commissions,) what are (name's/your) usual annual earnings on (this job/ (your/his/her) MAIN), before taxes or other deductions?",ACS_1,"For your [main] job, what is the easiest way for you to report your total earnings BEFORE taxes or other deductions: hourly, weekly, annually, or on some other basis?",Earnings
CPS_1010,CPS_277,"(Including overtime pay, tips and commissions,) what are (name's/your) usual annual earnings on (this job/ (your/his/her) MAIN), before taxes or other deductions?",ACS_3,"EXCLUDING overtime pay, tips and commissions what is your hourly rate of pay on [this/your main] job?",Earnings
CPS_1011,CPS_277,"(Including overtime pay, tips and commissions,) what are (name's/your) usual annual earnings on (this job/ (your/his/her) MAIN), before taxes or other deductions?",ACS_4,What is your hourly rate of pay on [this/ your main] job?,Earnings
CPS_1012,CPS_277,"(Including overtime pay, tips and commissions,) what are (name's/your) usual annual earnings on (this job/ (your/his/her) MAIN), before taxes or other deductions?",ACS_5,What is your best estimate of your hourly rate of pay?,Earnings
CPS_1013,CPS_277,"(Including overtime pay, tips and commissions,) what are (name's/your) usual annual earnings on (this job/ (your/his/her) MAIN), before taxes or other deductions?",ACS_8,"How much do you usually receive JUST in overtime pay, tips or commissions, before taxes or other deductions?",Earnings
CPS_1014,CPS_277,"(Including overtime pay, tips and commissions,) what are (name's/your) usual annual earnings on (this job/ (your/his/her) MAIN), before taxes or other deductions?",ACS_9,"What is your best estimate of how much you usually earn weekly, JUST in overtime pay, tips, or commissions, before taxes or other deductions?",Earnings
CPS_1015,CPS_278,"(Including overtime pay, tips and commissions,) what are (name's/your) usual bi weekly earnings on (this job/ (your/his/her) MAIN), before taxes or other deductions?",ACS_1,"For your [main] job, what is the easiest way for you to report your total earnings BEFORE taxes or other deductions: hourly, weekly, annually, or on some other basis?",Earnings
CPS_1016,CPS_278,"(Including overtime pay, tips and commissions,) what are (name's/your) usual bi weekly earnings on (this job/ (your/his/her) MAIN), before taxes or other deductions?",ACS_3,"EXCLUDING overtime pay, tips and commissions what is your hourly rate of pay on [this/your main] job?",Earnings
CPS_1017,CPS_278,"(Including overtime pay, tips and commissions,) what are (name's/your) usual bi weekly earnings on (this job/ (your/his/her) MAIN), before taxes or other deductions?",ACS_4,What is your hourly rate of pay on [this/ your main] job?,Earnings
CPS_1018,CPS_278,"(Including overtime pay, tips and commissions,) what are (name's/your) usual bi weekly earnings on (this job/ (your/his/her) MAIN), before taxes or other deductions?",ACS_5,What is your best estimate of your hourly rate of pay?,Earnings
CPS_1019,CPS_278,"(Including overtime pay, tips and commissions,) what are (name's/your) usual bi weekly earnings on (this job/ (your/his/her) MAIN), before taxes or other deductions?",ACS_8,"How much do you usually receive JUST in overtime pay, tips or commissions, before taxes or other deductions?",Earnings
CPS_1020,CPS_278,"(Including overtime pay, tips and commissions,) what are (name's/your) usual bi weekly earnings on (this job/ (your/his/her) MAIN), before taxes or other deductions?",ACS_9,"What is your best estimate of how much you usually earn weekly, JUST in overtime pay, tips, or commissions, before taxes or other deductions?",Earnings
CPS_1021,CPS_279,What is your best estimate of (your/his/her) usual (weekly/bi-weekly/monthly/annual) earnings before taxes or other deductions?,ACS_1,"For your [main] job, what is the easiest way for you to report your total earnings BEFORE taxes or other deductions: hourly, weekly, annually, or on some other basis?",Earnings
CPS_1022,CPS_279,What is your best estimate of (your/his/her) usual (weekly/bi-weekly/monthly/annual) earnings before taxes or other deductions?,ACS_3,"EXCLUDING overtime pay, tips and commissions what is your hourly rate of pay on [this/your main] job?",Earnings
CPS_1023,CPS_279,What is your best estimate of (your/his/her) usual (weekly/bi-weekly/monthly/annual) earnings before taxes or other deductions?,ACS_4,What is your hourly rate of pay on [this/ your main] job?,Earnings
CPS_1024,CPS_279,What is your best estimate of (your/his/her) usual (weekly/bi-weekly/monthly/annual) earnings before taxes or other deductions?,ACS_5,What is your best estimate of your hourly rate of pay?,Earnings
CPS_1025,CPS_279,What is your best estimate of (your/his/her) usual (weekly/bi-weekly/monthly/annual) earnings before taxes or other deductions?,ACS_8,"How much do you usually receive JUST in overtime pay, tips or commissions, before taxes or other deductions?",Earnings
CPS_1026,CPS_279,What is your best estimate of (your/his/her) usual (weekly/bi-weekly/monthly/annual) earnings before taxes or other deductions?,ACS_9,"What is your best estimate of how much you usually earn weekly, JUST in overtime pay, tips, or commissions, before taxes or other deductions?",Earnings
CPS_1027,CPS_280,I have recorded (your/his/her) total earnings (for (your/his/her) (as/main job ) (ERNAMT) (weekly/bi-weekly/monthly/annually) before taxes or other deductions. Is that correct?,ACS_1,"For your [main] job, what is the easiest way for you to report your total earnings BEFORE taxes or other deductions: hourly, weekly, annually, or on some other basis?",Earnings
CPS_1028,CPS_280,I have recorded (your/his/her) total earnings (for (your/his/her) (as/main job ) (ERNAMT) (weekly/bi-weekly/monthly/annually) before taxes or other deductions. Is that correct?,ACS_3,"EXCLUDING overtime pay, tips and commissions what is your hourly rate of pay on [this/your main] job?",Earnings
CPS_1029,CPS_280,I have recorded (your/his/her) total earnings (for (your/his/her) (as/main job ) (ERNAMT) (weekly/bi-weekly/monthly/annually) before taxes or other deductions. Is that correct?,ACS_4,What is your hourly rate of pay on [this/ your main] job?,Earnings
CPS_1030,CPS_280,I have recorded (your/his/her) total earnings (for (your/his/her) (as/main job ) (ERNAMT) (weekly/bi-weekly/monthly/annually) before taxes or other deductions. Is that correct?,ACS_5,What is your best estimate of your hourly rate of pay?,Earnings
CPS_1031,CPS_280,I have recorded (your/his/her) total earnings (for (your/his/her) (as/main job ) (ERNAMT) (weekly/bi-weekly/monthly/annually) before taxes or other deductions. Is that correct?,ACS_8,"How much do you usually receive JUST in overtime pay, tips or commissions, before taxes or other deductions?",Earnings
CPS_1032,CPS_280,I have recorded (your/his/her) total earnings (for (your/his/her) (as/main job ) (ERNAMT) (weekly/bi-weekly/monthly/annually) before taxes or other deductions. Is that correct?,ACS_9,"What is your best estimate of how much you usually earn weekly, JUST in overtime pay, tips, or commissions, before taxes or other deductions?",Earnings
CPS_1033,CPS_281,"(Including overtime pay, tips and commissions,), what are (your/his/her) usual (weekly/bi-weekly/monthly/annual) earnings on (this job/ (your/his/her) MAIN), before taxes or other deductions?",ACS_1,"For your [main] job, what is the easiest way for you to report your total earnings BEFORE taxes or other deductions: hourly, weekly, annually, or on some other basis?",Earnings
CPS_1034,CPS_281,"(Including overtime pay, tips and commissions,), what are (your/his/her) usual (weekly/bi-weekly/monthly/annual) earnings on (this job/ (your/his/her) MAIN), before taxes or other deductions?",ACS_3,"EXCLUDING overtime pay, tips and commissions what is your hourly rate of pay on [this/your main] job?",Earnings
CPS_1035,CPS_281,"(Including overtime pay, tips and commissions,), what are (your/his/her) usual (weekly/bi-weekly/monthly/annual) earnings on (this job/ (your/his/her) MAIN), before taxes or other deductions?",ACS_4,What is your hourly rate of pay on [this/ your main] job?,Earnings
CPS_1036,CPS_281,"(Including overtime pay, tips and commissions,), what are (your/his/her) usual (weekly/bi-weekly/monthly/annual) earnings on (this job/ (your/his/her) MAIN), before taxes or other deductions?",ACS_5,What is your best estimate of your hourly rate of pay?,Earnings
CPS_1037,CPS_281,"(Including overtime pay, tips and commissions,), what are (your/his/her) usual (weekly/bi-weekly/monthly/annual) earnings on (this job/ (your/his/her) MAIN), before taxes or other deductions?",ACS_8,"How much do you usually receive JUST in overtime pay, tips or commissions, before taxes or other deductions?",Earnings
CPS_1038,CPS_281,"(Including overtime pay, tips and commissions,), what are (your/his/her) usual (weekly/bi-weekly/monthly/annual) earnings on (this job/ (your/his/her) MAIN), before taxes or other deductions?",ACS_9,"What is your best estimate of how much you usually earn weekly, JUST in overtime pay, tips, or commissions, before taxes or other deductions?",Earnings
CPS_1039,CPS_283,(Even though you told me it is easier to report (your/his/her) earnings (you/he/she) PAID AT AN HOURLY RATE on (this job/ (your/his/her) MAIN)?,ACS_1,"For your [main] job, what is the easiest way for you to report your total earnings BEFORE taxes or other deductions: hourly, weekly, annually, or on some other basis?",Earnings
CPS_1040,CPS_283,(Even though you told me it is easier to report (your/his/her) earnings (you/he/she) PAID AT AN HOURLY RATE on (this job/ (your/his/her) MAIN)?,ACS_3,"EXCLUDING overtime pay, tips and commissions what is your hourly rate of pay on [this/your main] job?",Earnings
CPS_1041,CPS_283,(Even though you told me it is easier to report (your/his/her) earnings (you/he/she) PAID AT AN HOURLY RATE on (this job/ (your/his/her) MAIN)?,ACS_4,What is your hourly rate of pay on [this/ your main] job?,Earnings
CPS_1042,CPS_283,(Even though you told me it is easier to report (your/his/her) earnings (you/he/she) PAID AT AN HOURLY RATE on (this job/ (your/his/her) MAIN)?,ACS_5,What is your best estimate of your hourly rate of pay?,Earnings
CPS_1043,CPS_283,(Even though you told me it is easier to report (your/his/her) earnings (you/he/she) PAID AT AN HOURLY RATE on (this job/ (your/his/her) MAIN)?,ACS_8,"How much do you usually receive JUST in overtime pay, tips or commissions, before taxes or other deductions?",Earnings
CPS_1044,CPS_283,(Even though you told me it is easier to report (your/his/her) earnings (you/he/she) PAID AT AN HOURLY RATE on (this job/ (your/his/her) MAIN)?,ACS_9,"What is your best estimate of how much you usually earn weekly, JUST in overtime pay, tips, or commissions, before taxes or other deductions?",Earnings
CPS_1045,CPS_284,"(EXCLUDING overtime pay, tips and commissions) what is (your/his/her) hourly rate of pay on (this job/ (your/his/her) MAIN) job?",ACS_1,"For your [main] job, what is the easiest way for you to report your total earnings BEFORE taxes or other deductions: hourly, weekly, annually, or on some other basis?",Earnings
CPS_1046,CPS_284,"(EXCLUDING overtime pay, tips and commissions) what is (your/his/her) hourly rate of pay on (this job/ (your/his/her) MAIN) job?",ACS_3,"EXCLUDING overtime pay, tips and commissions what is your hourly rate of pay on [this/your main] job?",Earnings
CPS_1047,CPS_284,"(EXCLUDING overtime pay, tips and commissions) what is (your/his/her) hourly rate of pay on (this job/ (your/his/her) MAIN) job?",ACS_4,What is your hourly rate of pay on [this/ your main] job?,Earnings
CPS_1048,CPS_284,"(EXCLUDING overtime pay, tips and commissions) what is (your/his/her) hourly rate of pay on (this job/ (your/his/her) MAIN) job?",ACS_5,What is your best estimate of your hourly rate of pay?,Earnings
CPS_1049,CPS_284,"(EXCLUDING overtime pay, tips and commissions) what is (your/his/her) hourly rate of pay on (this job/ (your/his/her) MAIN) job?",ACS_8,"How much do you usually receive JUST in overtime pay, tips or commissions, before taxes or other deductions?",Earnings
CPS_1050,CPS_284,"(EXCLUDING overtime pay, tips and commissions) what is (your/his/her) hourly rate of pay on (this job/ (your/his/her) MAIN) job?",ACS_9,"What is your best estimate of how much you usually earn weekly, JUST in overtime pay, tips, or commissions, before taxes or other deductions?",Earnings
CPS_1051,CPS_46,"I am going to read you a list of five race categories. You may choose one or more races. For this survey, Hispanic origin is not a race. (Are/Is) (NAME/you) White; Black or African American; American Indian or Alaska Native; Asian; OR Native Hawaiian or Other Pacific Islander?",ACS_25,What is Person 1’s race?,Race
CPS_1052,CPS_46,"I am going to read you a list of five race categories. You may choose one or more races. For this survey, Hispanic origin is not a race. (Are/Is) (NAME/you) White; Black or African American; American Indian or Alaska Native; Asian; OR Native Hawaiian or Other Pacific Islander?",ACS_30,What is Person 2’s race?,Race
CPS_1053,CPS_46,"I am going to read you a list of five race categories. You may choose one or more races. For this survey, Hispanic origin is not a race. (Are/Is) (NAME/you) White; Black or African American; American Indian or Alaska Native; Asian; OR Native Hawaiian or Other Pacific Islander?",ACS_35,What is Person 3’s race?,Race
CPS_1054,CPS_47,"Which of the following Asian groups (are/is) (you/he/she)? Asian Indian, Chinese, Filipino, Japanese, Korean, Vietnamese, or another Asian group?",ACS_25,What is Person 1’s race?,Race
CPS_1055,CPS_47,"Which of the following Asian groups (are/is) (you/he/she)? Asian Indian, Chinese, Filipino, Japanese, Korean, Vietnamese, or another Asian group?",ACS_30,What is Person 2’s race?,Race
CPS_1056,CPS_47,"Which of the following Asian groups (are/is) (you/he/she)? Asian Indian, Chinese, Filipino, Japanese, Korean, Vietnamese, or another Asian group?",ACS_35,What is Person 3’s race?,Race
CPS_1057,CPS_48,Which of the following Native Hawaiian or Other Pacific Islander groups (are/is) (you/he/she)? Native Hawaiian; Guamanian or Chamorro; Samoan; or another Pacific Islander group?,ACS_25,What is Person 1’s race?,Race
CPS_1058,CPS_48,Which of the following Native Hawaiian or Other Pacific Islander groups (are/is) (you/he/she)? Native Hawaiian; Guamanian or Chamorro; Samoan; or another Pacific Islander group?,ACS_30,What is Person 2’s race?,Race
CPS_1059,CPS_48,Which of the following Native Hawaiian or Other Pacific Islander groups (are/is) (you/he/she)? Native Hawaiian; Guamanian or Chamorro; Samoan; or another Pacific Islander group?,ACS_35,What is Person 3’s race?,Race
CPS_1060,CPS_28,What is (name's/your) date of birth?,ACS_23,What is Person 1’s age and what is Person 1’s date of birth?,Age
CPS_1061,CPS_28,What is (name's/your) date of birth?,ACS_28,What is Person 2’s age and what is Person 2’s date of birth?,Age
CPS_1062,CPS_28,What is (name's/your) date of birth?,ACS_33,What is Person 3’s age and what is Person 3’s date of birth?,Age
CPS_1063,CPS_29,"As of last week, that would make (name/you) (approximately (AGE)/ less than 1 / over 98 / AGE) years old. Is that correct?",ACS_23,What is Person 1’s age and what is Person 1’s date of birth?,Age
CPS_1064,CPS_29,"As of last week, that would make (name/you) (approximately (AGE)/ less than 1 / over 98 / AGE) years old. Is that correct?",ACS_28,What is Person 2’s age and what is Person 2’s date of birth?,Age
CPS_1065,CPS_29,"As of last week, that would make (name/you) (approximately (AGE)/ less than 1 / over 98 / AGE) years old. Is that correct?",ACS_33,What is Person 3’s age and what is Person 3’s date of birth?,Age
CPS_1066,CPS_30,"Even though you don’t know (name's/your) exact birthdate, what is your best guess as to how old (you/he/she) (was/were) on (your/his/her) last birthday?",ACS_23,What is Person 1’s age and what is Person 1’s date of birth?,Age
CPS_1067,CPS_30,"Even though you don’t know (name's/your) exact birthdate, what is your best guess as to how old (you/he/she) (was/were) on (your/his/her) last birthday?",ACS_28,What is Person 2’s age and what is Person 2’s date of birth?,Age
CPS_1068,CPS_30,"Even though you don’t know (name's/your) exact birthdate, what is your best guess as to how old (you/he/she) (was/were) on (your/his/her) last birthday?",ACS_33,What is Person 3’s age and what is Person 3’s date of birth?,Age
CPS_1069,CPS_37,What is the highest level of school (name/you) (have/has) completed or the highest degree (name/you) (have/has) received?,ACS_75,What is the highest degree or level of school this person has COMPLETED?,Education
CPS_1070,CPS_38,"People can get a High School diploma in a variety of ways, such as graduating from High School or by getting a GED or other equivalent. How did (name/you) get (your/his/her) High School diploma?",ACS_75,What is the highest degree or level of school this person has COMPLETED?,Education
CPS_1071,CPS_39,What was the highest grade of regular school (name/you) completed before receiving (your/his/her) GED?,ACS_75,What is the highest degree or level of school this person has COMPLETED?,Education
CPS_1072,CPS_42,"Were any of (your/his/her) certifications or licenses issued by the federal, state, or local government?",ACS_75,What is the highest degree or level of school this person has COMPLETED?,Education
CPS_1073,CPS_291,"Would that be high school, college or university?",ACS_75,What is the highest degree or level of school this person has COMPLETED?,Education
CPS_1074,CPS_41,"(Does/do) (name/you) have a currently active professional certification or a state or industry license? Do not include business license, such as a liquor license or vending license.",ACS_0,What are your usual activities or duties at this job?,Occupation
CPS_1075,CPS_149,Earlier you told me (you/name) had a currently active professional certification or license. Is (your/his/her) certification or license required for (your/his/her) … a) job b) main job? c) job from which (you/he/she/) (are/is) on layoff? d) job at which (you/he/she) last worked?,ACS_0,What are your usual activities or duties at this job?,Occupation
CPS_1076,CPS_183,Have the usual activities and duties of (your/his/her) job changed since last month?,ACS_0,What are your usual activities or duties at this job?,Occupation
CPS_1077,CPS_184,Last month (name/you) (was/were) reported as (a/an) (input.IO1OCC) and (your/his/her) usual activities were (input.IO1DT1 8500.IO1DT2). Is this an accurate description of (your/his/her) current job?,ACS_0,What are your usual activities or duties at this job?,Occupation
CPS_1078,CPS_205,"What kind of work (DO/DOES/DID) (name/you) do, that is, what (is/was) (your/his/her) occupation? F",ACS_0,What are your usual activities or duties at this job?,Occupation
CPS_1079,CPS_206,What (are / were) (your/his/her) usual activities or duties at this job?,ACS_0,What are your usual activities or duties at this job?,Occupation
CPS_1080,CPS_207,What (are / were) (your/his/her) usual activities or duties at this job?,ACS_0,What are your usual activities or duties at this job?,Occupation
CPS_1081,CPS_208,What (are / were) (your/his/her) usual activities or duties at this job?,ACS_0,What are your usual activities or duties at this job?,Occupation
CPS_1082,CPS_225,"What kind of work (DO/DOES/DID) (name/you) do, that is, what (is/was) (your/his/her) occupation",ACS_0,What are your usual activities or duties at this job?,Occupation
CPS_1083,CPS_226,What (are / were) (your/his/her) usual activities or duties at this job?,ACS_0,What are your usual activities or duties at this job?,Occupation
CPS_1084,CPS_227,What (are / were) (your/his/her) usual activities or duties at this job?,ACS_0,What are your usual activities or duties at this job?,Occupation
CPS_1085,CPS_228,What (are / were) (your/his/her) usual activities or duties at this job?,ACS_0,What are your usual activities or duties at this job?,Occupation
CPS_1086,CPS_248,"What kind of work (DO/DOES/DID) (name/you) do, that is, what (is/was) (your/his/her) occupation?",ACS_0,What are your usual activities or duties at this job?,Occupation
CPS_1087,CPS_249,What (are / were) (your/his/her) usual activities or duties at this job?,ACS_0,What are your usual activities or duties at this job?,Occupation
CPS_1088,CPS_250,What (are / were) (your/his/her) usual activities or duties at this job?,ACS_0,What are your usual activities or duties at this job?,Occupation
CPS_1089,CPS_251,What (are / were) (your/his/her) usual activities or duties at this job?,ACS_0,What are your usual activities or duties at this job?,Occupation
CPS_1090,CPS_252,What are (your/his/her) usual activities or duties at this job?,ACS_0,What are your usual activities or duties at this job?,Occupation
CPS_1091,CPS_306,When did (name/you) come to live in the United States?,ACS_80,Where did this person live 1 year ago?,Migration
