pair_id,final_feasibility,confidence,n_all_votes,score_composite,score_entropy,score_bayesian,score_borda,score_ensemble,rank_composite,rank_entropy,rank_bayesian,rank_borda,rank_ensemble
CPS_0000,F1,LOW,6,0.99,0.5898815136934819,0.67425,0.8333333333333334,0.6245712843310051,1519.0,157.0,252.0,57.0,233.0
CPS_0001,F3,HIGH,6,1.0,0.33,0.04925,0.0,0.14300654542640454,297.0,269.0,1153.0,617.0,1135.0
CPS_0002,F2,HIGH,6,2.0,0.67,0.79925,0.5,0.6977698961234307,69.0,32.0,1.0,139.0,62.0
CPS_0003,F3,HIGH,6,1.0,0.33,0.04925,0.0,0.14300654542640454,297.0,269.0,1153.0,617.0,1135.0
CPS_0004,F2,LOW,6,0.66,0.3952206141746329,0.67425,0.4166666666666667,0.4401933307825074,1577.0,186.0,252.0,268.0,296.0
CPS_0005,F3,HIGH,6,1.0,0.33,0.04925,0.0,0.14300654542640454,297.0,269.0,1153.0,617.0,1135.0
CPS_0006,F3,MODERATE,6,0.67,0.19466089951884902,0.17425000000000002,0.08333333333333333,0.14032293442417554,1525.0,1291.0,460.0,462.0,1574.0
CPS_0007,F3,HIGH,6,1.0,0.33,0.04925,0.0,0.14300654542640454,297.0,269.0,1153.0,617.0,1135.0
CPS_0008,F2,HIGH,6,2.0,0.67,0.79925,0.5,0.6977698961234307,69.0,32.0,1.0,139.0,62.0
CPS_0009,F2,HIGH,6,2.0,0.67,0.79925,0.5,0.6977698961234307,69.0,32.0,1.0,139.0,62.0
CPS_0010,F3,HIGH,6,1.0,0.33,0.04925,0.0,0.14300654542640454,297.0,269.0,1153.0,617.0,1135.0
CPS_0011,F3,HIGH,6,1.0,0.33,0.04925,0.0,0.14300654542640454,297.0,269.0,1153.0,617.0,1135.0
CPS_0013,F3,MODERATE,6,0.67,0.13880454578572063,0.29925,0.16666666666666666,0.18867314137450028,1525.0,1543.0,362.0,363.0,369.0
CPS_0014,F3,HIGH,6,1.0,0.33,0.04925,0.0,0.14300654542640454,297.0,269.0,1153.0,617.0,1135.0
CPS_0015,F3,HIGH,6,1.0,0.33,0.04925,0.0,0.14300654542640454,297.0,269.0,1153.0,617.0,1135.0
CPS_0016,F1,MODERATE,6,2.0100000000000002,0.36907024642854247,0.79925,0.75,0.6849732915698742,58.0,217.0,1.0,77.0,176.0
CPS_0017,F2,LOW,6,0.66,0.28181528992858434,0.79925,0.6666666666666666,0.5156316297422576,1577.0,1251.0,1.0,95.0,282.0
CPS_0018,F2,MODERATE,6,1.34,0.28181528992858434,0.79925,0.6666666666666666,0.5793020417272764,248.0,1251.0,1.0,95.0,243.0
CPS_0019,F2,MODERATE,6,1.34,0.28181528992858434,0.79925,0.6666666666666666,0.5793020417272764,248.0,1251.0,1.0,95.0,243.0
CPS_0020,F1,HIGH,6,3.0,1.0,0.79925,1.0,1.0,1.0,1.0,1.0,1.0,1.0
CPS_0021,F3,HIGH,6,1.0,0.33,0.04925,0.0,0.14300654542640454,297.0,269.0,1153.0,617.0,1135.0
CPS_0022,F3,HIGH,6,1.0,0.33,0.04925,0.0,0.14300654542640454,297.0,269.0,1153.0,617.0,1135.0
CPS_0023,F2,HIGH,6,2.0,0.67,0.79925,0.5,0.6977698961234307,69.0,32.0,1.0,139.0,62.0
CPS_0024,F2,HIGH,6,2.0,0.3952206141746329,0.79925,0.5833333333333334,0.6489948289098483,69.0,186.0,1.0,129.0,179.0
CPS_0025,F2,HIGH,6,2.0,0.3952206141746329,0.79925,0.5833333333333334,0.6489948289098483,69.0,186.0,1.0,129.0,179.0
CPS_0026,F2,HIGH,6,2.0,0.3952206141746329,0.79925,0.5833333333333334,0.6489948289098483,69.0,186.0,1.0,129.0,179.0
CPS_0027,F2,HIGH,6,2.0,0.3952206141746329,0.79925,0.5833333333333334,0.6489948289098483,69.0,186.0,1.0,129.0,179.0
CPS_0028,F2,HIGH,6,2.0,0.3952206141746329,0.79925,0.5833333333333334,0.6489948289098483,69.0,186.0,1.0,129.0,179.0
CPS_0029,F3,HIGH,6,1.0,0.33,0.04925,0.0,0.14300654542640454,297.0,269.0,1153.0,617.0,1135.0
CPS_0030,F3,HIGH,6,1.0,0.33,0.04925,0.0,0.14300654542640454,297.0,269.0,1153.0,617.0,1135.0
CPS_0031,F2,LOW,6,0.66,0.3952206141746329,0.67425,0.4166666666666667,0.4401933307825074,1577.0,186.0,252.0,268.0,296.0
CPS_0032,F1,HIGH,6,3.0,1.0,0.79925,1.0,1.0,1.0,1.0,1.0,1.0,1.0
CPS_0033,F1,HIGH,6,3.0,1.0,0.79925,1.0,1.0,1.0,1.0,1.0,1.0,1.0
CPS_0034,F1,HIGH,6,3.0,1.0,0.79925,1.0,1.0,1.0,1.0,1.0,1.0,1.0
CPS_0035,F1,HIGH,6,3.0,1.0,0.79925,1.0,1.0,1.0,1.0,1.0,1.0,1.0
CPS_0036,F1,HIGH,6,3.0,1.0,0.79925,1.0,1.0,1.0,1.0,1.0,1.0,1.0
CPS_0037,F3,HIGH,6,1.0,0.33,0.04925,0.0,0.14300654542640454,297.0,269.0,1153.0,617.0,1135.0
CPS_0038,F3,HIGH,6,1.0,0.33,0.04925,0.0,0.14300654542640454,297.0,269.0,1153.0,617.0,1135.0
CPS_0039,F2,HIGH,6,2.0,0.67,0.79925,0.5,0.6977698961234307,69.0,32.0,1.0,139.0,62.0
CPS_0040,F3,HIGH,6,1.0,0.33,0.04925,0.0,0.14300654542640454,297.0,269.0,1153.0,617.0,1135.0
CPS_0041,F3,MODERATE,6,0.67,0.19466089951884902,0.17425000000000002,0.08333333333333333,0.14032293442417554,1525.0,1291.0,460.0,462.0,1574.0
CPS_0042,F3,MODERATE,6,0.67,0.19466089951884902,0.17425000000000002,0.08333333333333333,0.14032293442417554,1525.0,1291.0,460.0,462.0,1574.0
CPS_0043,F3,MODERATE,6,0.67,0.19466089951884902,0.17425000000000002,0.08333333333333333,0.14032293442417554,1525.0,1291.0,460.0,462.0,1574.0
CPS_0044,F3,MODERATE,6,0.67,0.19466089951884902,0.17425000000000002,0.08333333333333333,0.14032293442417554,1525.0,1291.0,460.0,462.0,1574.0
CPS_0045,F3,MODERATE,6,0.67,0.19466089951884902,0.17425000000000002,0.08333333333333333,0.14032293442417554,1525.0,1291.0,460.0,462.0,1574.0
CPS_0046,F3,HIGH,6,1.0,0.19466089951884902,0.17425000000000002,0.08333333333333333,0.1712218108286699,297.0,1291.0,460.0,462.0,457.0
CPS_0047,F2,LOW,6,0.66,0.28181528992858434,0.54925,0.3333333333333333,0.34896496307559094,1577.0,1251.0,306.0,311.0,315.0
CPS_0048,F3,HIGH,6,1.0,0.33,0.04925,0.0,0.14300654542640454,297.0,269.0,1153.0,617.0,1135.0
CPS_0049,F3,HIGH,6,1.0,0.33,0.04925,0.0,0.14300654542640454,297.0,269.0,1153.0,617.0,1135.0
CPS_0050,F3,HIGH,6,1.0,0.33,0.04925,0.0,0.14300654542640454,297.0,269.0,1153.0,617.0,1135.0
CPS_0051,F3,HIGH,6,1.0,0.33,0.04925,0.0,0.14300654542640454,297.0,269.0,1153.0,617.0,1135.0
CPS_0052,F3,HIGH,6,1.0,0.33,0.04925,0.0,0.14300654542640454,297.0,269.0,1153.0,617.0,1135.0
CPS_0053,F3,HIGH,6,1.0,0.33,0.04925,0.0,0.14300654542640454,297.0,269.0,1153.0,617.0,1135.0
CPS_0054,F3,HIGH,6,1.0,0.33,0.04925,0.0,0.14300654542640454,297.0,269.0,1153.0,617.0,1135.0
CPS_0055,F3,HIGH,6,1.0,0.33,0.04925,0.0,0.14300654542640454,297.0,269.0,1153.0,617.0,1135.0
CPS_0056,F3,HIGH,6,1.0,0.33,0.04925,0.0,0.14300654542640454,297.0,269.0,1153.0,617.0,1135.0
CPS_0057,F3,HIGH,6,1.0,0.33,0.04925,0.0,0.14300654542640454,297.0,269.0,1153.0,617.0,1135.0
CPS_0058,F3,HIGH,6,1.0,0.33,0.04925,0.0,0.14300654542640454,297.0,269.0,1153.0,617.0,1135.0
CPS_0059,F3,HIGH,6,1.0,0.33,0.04925,0.0,0.14300654542640454,297.0,269.0,1153.0,617.0,1135.0
CPS_0060,F3,HIGH,6,1.0,0.33,0.04925,0.0,0.14300654542640454,297.0,269.0,1153.0,617.0,1135.0
CPS_0061,F3,HIGH,6,1.0,0.33,0.04925,0.0,0.14300654542640454,297.0,269.0,1153.0,617.0,1135.0
CPS_0062,F3,MODERATE,6,0.67,0.33,0.04925,0.0,0.11210766902191016,1525.0,269.0,1153.0,617.0,1592.0
CPS_0063,F3,HIGH,6,1.0,0.19466089951884902,0.17425000000000002,0.08333333333333333,0.1712218108286699,297.0,1291.0,460.0,462.0,457.0
CPS_0064,F3,HIGH,6,1.0,0.33,0.04925,0.0,0.14300654542640454,297.0,269.0,1153.0,617.0,1135.0
CPS_0065,F3,HIGH,6,1.0,0.33,0.04925,0.0,0.14300654542640454,297.0,269.0,1153.0,617.0,1135.0
CPS_0068,F3,HIGH,6,1.0,0.33,0.04925,0.0,0.14300654542640454,297.0,269.0,1153.0,617.0,1135.0
CPS_0066,F3,HIGH,6,1.0,0.33,0.04925,0.0,0.14300654542640454,297.0,269.0,1153.0,617.0,1135.0
CPS_0067,F3,HIGH,6,1.0,0.33,0.04925,0.0,0.14300654542640454,297.0,269.0,1153.0,617.0,1135.0
CPS_0071,F3,HIGH,6,1.0,0.33,0.04925,0.0,0.14300654542640454,297.0,269.0,1153.0,617.0,1135.0
CPS_0069,F3,HIGH,6,1.0,0.33,0.04925,0.0,0.14300654542640454,297.0,269.0,1153.0,617.0,1135.0
CPS_0070,F3,HIGH,6,1.0,0.33,0.04925,0.0,0.14300654542640454,297.0,269.0,1153.0,617.0,1135.0
CPS_0072,F2,HIGH,6,2.0,0.67,0.79925,0.5,0.6977698961234307,69.0,32.0,1.0,139.0,62.0
CPS_0073,F2,HIGH,6,2.0,0.67,0.79925,0.5,0.6977698961234307,69.0,32.0,1.0,139.0,62.0
CPS_0074,F2,HIGH,6,2.0,0.67,0.79925,0.5,0.6977698961234307,69.0,32.0,1.0,139.0,62.0
CPS_0075,F2,HIGH,6,2.0,0.67,0.79925,0.5,0.6977698961234307,69.0,32.0,1.0,139.0,62.0
CPS_0077,F3,HIGH,6,1.0,0.33,0.04925,0.0,0.14300654542640454,297.0,269.0,1153.0,617.0,1135.0
CPS_0076,F2,HIGH,6,2.0,0.67,0.79925,0.5,0.6977698961234307,69.0,32.0,1.0,139.0,62.0
CPS_0079,F2,HIGH,6,2.0,0.67,0.79925,0.5,0.6977698961234307,69.0,32.0,1.0,139.0,62.0
CPS_0078,F3,HIGH,6,1.0,0.33,0.04925,0.0,0.14300654542640454,297.0,269.0,1153.0,617.0,1135.0
CPS_0080,F2,MODERATE,6,1.34,0.67,0.79925,0.5,0.6359721433144419,248.0,32.0,1.0,139.0,187.0
CPS_0081,F2,HIGH,6,2.0,0.67,0.79925,0.5,0.6977698961234307,69.0,32.0,1.0,139.0,62.0
CPS_0083,F2,HIGH,6,2.0,0.67,0.79925,0.5,0.6977698961234307,69.0,32.0,1.0,139.0,62.0
CPS_0082,F3,MODERATE,6,0.67,0.19466089951884902,0.17425000000000002,0.08333333333333333,0.14032293442417554,1525.0,1291.0,460.0,462.0,1574.0
CPS_0084,F2,HIGH,6,2.0,0.67,0.79925,0.5,0.6977698961234307,69.0,32.0,1.0,139.0,62.0
CPS_0085,F3,HIGH,6,1.0,0.33,0.04925,0.0,0.14300654542640454,297.0,269.0,1153.0,617.0,1135.0
CPS_0086,F3,MODERATE,6,0.67,0.33,0.04925,0.0,0.11210766902191016,1525.0,269.0,1153.0,617.0,1592.0
CPS_0087,F2,HIGH,6,2.0,0.67,0.79925,0.5,0.6977698961234307,69.0,32.0,1.0,139.0,62.0
CPS_0088,F3,HIGH,6,1.0,0.33,0.04925,0.0,0.14300654542640454,297.0,269.0,1153.0,617.0,1135.0
CPS_0089,F3,HIGH,6,1.0,0.33,0.04925,0.0,0.14300654542640454,297.0,269.0,1153.0,617.0,1135.0
CPS_0090,F3,HIGH,6,1.0,0.33,0.04925,0.0,0.14300654542640454,297.0,269.0,1153.0,617.0,1135.0
CPS_0092,F3,HIGH,6,1.0,0.19466089951884902,0.17425000000000002,0.08333333333333333,0.1712218108286699,297.0,1291.0,460.0,462.0,457.0
CPS_0091,F3,HIGH,6,1.0,0.19466089951884902,0.17425000000000002,0.08333333333333333,0.1712218108286699,297.0,1291.0,460.0,462.0,457.0
CPS_0093,F3,HIGH,6,1.0,0.33,0.04925,0.0,0.14300654542640454,297.0,269.0,1153.0,617.0,1135.0
CPS_0096,F3,HIGH,6,1.0,0.33,0.04925,0.0,0.14300654542640454,297.0,269.0,1153.0,617.0,1135.0
CPS_0095,F2,MODERATE,6,1.34,0.3952206141746329,0.67425,0.4166666666666667,0.5038637427675261,248.0,186.0,252.0,268.0,284.0
CPS_0094,F3,HIGH,6,1.0,0.19466089951884902,0.17425000000000002,0.08333333333333333,0.1712218108286699,297.0,1291.0,460.0,462.0,457.0
CPS_0097,F3,HIGH,6,1.0,0.33,0.04925,0.0,0.14300654542640454,297.0,269.0,1153.0,617.0,1135.0
CPS_0098,F3,HIGH,6,1.0,0.33,0.04925,0.0,0.14300654542640454,297.0,269.0,1153.0,617.0,1135.0
CPS_0099,F3,HIGH,6,1.0,0.33,0.04925,0.0,0.14300654542640454,297.0,269.0,1153.0,617.0,1135.0
CPS_0100,F3,HIGH,6,1.0,0.33,0.04925,0.0,0.14300654542640454,297.0,269.0,1153.0,617.0,1135.0
CPS_0102,F3,HIGH,6,1.0,0.19466089951884902,0.17425000000000002,0.08333333333333333,0.1712218108286699,297.0,1291.0,460.0,462.0,457.0
CPS_0101,F3,HIGH,6,1.0,0.19466089951884902,0.17425000000000002,0.08333333333333333,0.1712218108286699,297.0,1291.0,460.0,462.0,457.0
CPS_0103,F3,HIGH,6,1.0,0.19466089951884902,0.17425000000000002,0.08333333333333333,0.1712218108286699,297.0,1291.0,460.0,462.0,457.0
CPS_0105,F1,LOW,6,0.99,0.36907024642854247,0.79925,0.75,0.5894676735923461,1519.0,217.0,1.0,77.0,238.0
CPS_0104,F2,MODERATE,6,1.34,0.14090764496429217,0.67425,0.5,0.46027332403555954,248.0,1540.0,252.0,139.0,293.0
CPS_0106,F3,HIGH,6,1.0,0.19466089951884902,0.17425000000000002,0.08333333333333333,0.1712218108286699,297.0,1291.0,460.0,462.0,457.0
CPS_0107,F3,HIGH,6,1.0,0.19466089951884902,0.17425000000000002,0.08333333333333333,0.1712218108286699,297.0,1291.0,460.0,462.0,457.0
CPS_0108,F3,MODERATE,6,0.67,0.19466089951884902,0.17425000000000002,0.08333333333333333,0.14032293442417554,1525.0,1291.0,460.0,462.0,1574.0
CPS_0109,F3,HIGH,6,1.0,0.33,0.04925,0.0,0.14300654542640454,297.0,269.0,1153.0,617.0,1135.0
CPS_0110,F3,HIGH,6,1.0,0.33,0.04925,0.0,0.14300654542640454,297.0,269.0,1153.0,617.0,1135.0
CPS_0111,F3,MODERATE,6,0.67,0.13880454578572063,0.29925,0.16666666666666666,0.18867314137450028,1525.0,1543.0,362.0,363.0,369.0
CPS_0112,F3,HIGH,6,1.0,0.33,0.04925,0.0,0.14300654542640454,297.0,269.0,1153.0,617.0,1135.0
CPS_0113,F3,HIGH,6,1.0,0.33,0.04925,0.0,0.14300654542640454,297.0,269.0,1153.0,617.0,1135.0
CPS_0114,F3,HIGH,6,1.0,0.33,0.04925,0.0,0.14300654542640454,297.0,269.0,1153.0,617.0,1135.0
CPS_0116,F3,HIGH,6,1.0,0.33,0.04925,0.0,0.14300654542640454,297.0,269.0,1153.0,617.0,1135.0
CPS_0117,F3,HIGH,6,1.0,0.33,0.04925,0.0,0.14300654542640454,297.0,269.0,1153.0,617.0,1135.0
CPS_0115,F3,HIGH,6,1.0,0.33,0.04925,0.0,0.14300654542640454,297.0,269.0,1153.0,617.0,1135.0
CPS_0118,F3,HIGH,6,1.0,0.33,0.04925,0.0,0.14300654542640454,297.0,269.0,1153.0,617.0,1135.0
CPS_0119,F3,HIGH,6,1.0,0.33,0.04925,0.0,0.14300654542640454,297.0,269.0,1153.0,617.0,1135.0
CPS_0125,F3,HIGH,6,1.0,0.19466089951884902,0.17425000000000002,0.08333333333333333,0.1712218108286699,297.0,1291.0,460.0,462.0,457.0
CPS_0126,F3,HIGH,6,1.0,0.33,0.04925,0.0,0.14300654542640454,297.0,269.0,1153.0,617.0,1135.0
CPS_0127,F2,HIGH,6,2.0,0.67,0.79925,0.5,0.6977698961234307,69.0,32.0,1.0,139.0,62.0
CPS_0133,F3,HIGH,6,1.0,0.33,0.04925,0.0,0.14300654542640454,297.0,269.0,1153.0,617.0,1135.0
CPS_0134,F3,HIGH,6,1.0,0.33,0.04925,0.0,0.14300654542640454,297.0,269.0,1153.0,617.0,1135.0
CPS_0141,F3,HIGH,6,1.0,0.33,0.04925,0.0,0.14300654542640454,297.0,269.0,1153.0,617.0,1135.0
CPS_0135,F2,HIGH,6,2.0,0.67,0.79925,0.5,0.6977698961234307,69.0,32.0,1.0,139.0,62.0
CPS_0142,F3,HIGH,6,1.0,0.33,0.04925,0.0,0.14300654542640454,297.0,269.0,1153.0,617.0,1135.0
CPS_0143,F2,HIGH,6,2.0,0.67,0.79925,0.5,0.6977698961234307,69.0,32.0,1.0,139.0,62.0
CPS_0150,F3,HIGH,6,1.0,0.33,0.04925,0.0,0.14300654542640454,297.0,269.0,1153.0,617.0,1135.0
CPS_0149,F3,HIGH,6,1.0,0.33,0.04925,0.0,0.14300654542640454,297.0,269.0,1153.0,617.0,1135.0
CPS_0157,F3,HIGH,6,1.0,0.33,0.04925,0.0,0.14300654542640454,297.0,269.0,1153.0,617.0,1135.0
CPS_0158,F3,HIGH,6,1.0,0.33,0.04925,0.0,0.14300654542640454,297.0,269.0,1153.0,617.0,1135.0
CPS_0151,F2,HIGH,6,2.0,0.67,0.79925,0.5,0.6977698961234307,69.0,32.0,1.0,139.0,62.0
CPS_0159,F2,HIGH,6,2.0,0.67,0.79925,0.5,0.6977698961234307,69.0,32.0,1.0,139.0,62.0
CPS_0163,F1,HIGH,6,3.0,0.5898815136934819,0.79925,0.9166666666666666,0.8752735315220163,1.0,157.0,1.0,32.0,32.0
CPS_0162,F1,HIGH,6,3.0,0.5898815136934819,0.79925,0.9166666666666666,0.8752735315220163,1.0,157.0,1.0,32.0,32.0
CPS_0165,F3,HIGH,6,1.0,0.33,0.04925,0.0,0.14300654542640454,297.0,269.0,1153.0,617.0,1135.0
CPS_0166,F3,HIGH,6,1.0,0.33,0.04925,0.0,0.14300654542640454,297.0,269.0,1153.0,617.0,1135.0
CPS_0167,F2,HIGH,6,2.0,0.67,0.79925,0.5,0.6977698961234307,69.0,32.0,1.0,139.0,62.0
CPS_0173,F3,HIGH,6,1.0,0.33,0.04925,0.0,0.14300654542640454,297.0,269.0,1153.0,617.0,1135.0
CPS_0168,F1,HIGH,6,3.0,0.5898815136934819,0.79925,0.9166666666666666,0.8752735315220163,1.0,157.0,1.0,32.0,32.0
CPS_0174,F3,HIGH,6,1.0,0.33,0.04925,0.0,0.14300654542640454,297.0,269.0,1153.0,617.0,1135.0
CPS_0175,F2,HIGH,6,2.0,0.67,0.79925,0.5,0.6977698961234307,69.0,32.0,1.0,139.0,62.0
CPS_0176,F3,HIGH,6,1.0,0.33,0.04925,0.0,0.14300654542640454,297.0,269.0,1153.0,617.0,1135.0
CPS_0177,F3,HIGH,6,1.0,0.19466089951884902,0.17425000000000002,0.08333333333333333,0.1712218108286699,297.0,1291.0,460.0,462.0,457.0
CPS_0178,F3,HIGH,6,1.0,0.33,0.04925,0.0,0.14300654542640454,297.0,269.0,1153.0,617.0,1135.0
CPS_0179,F3,HIGH,6,1.0,0.13880454578572063,0.29925,0.16666666666666666,0.21957201777899465,297.0,1543.0,362.0,363.0,361.0
CPS_0180,F3,HIGH,6,1.0,0.33,0.04925,0.0,0.14300654542640454,297.0,269.0,1153.0,617.0,1135.0
CPS_0182,F3,MODERATE,6,0.67,0.13880454578572063,0.29925,0.16666666666666666,0.18867314137450028,1525.0,1543.0,362.0,363.0,369.0
CPS_0181,F3,HIGH,6,1.0,0.19466089951884902,0.17425000000000002,0.08333333333333333,0.1712218108286699,297.0,1291.0,460.0,462.0,457.0
CPS_0183,F3,HIGH,6,1.0,0.33,0.04925,0.0,0.14300654542640454,297.0,269.0,1153.0,617.0,1135.0
CPS_0184,F3,HIGH,6,1.0,0.33,0.04925,0.0,0.14300654542640454,297.0,269.0,1153.0,617.0,1135.0
CPS_0186,F3,HIGH,6,1.0,0.33,0.04925,0.0,0.14300654542640454,297.0,269.0,1153.0,617.0,1135.0
CPS_0185,F3,HIGH,6,1.0,0.33,0.04925,0.0,0.14300654542640454,297.0,269.0,1153.0,617.0,1135.0
CPS_0187,F3,HIGH,6,1.0,0.33,0.04925,0.0,0.14300654542640454,297.0,269.0,1153.0,617.0,1135.0
CPS_0188,F3,HIGH,6,1.0,0.33,0.04925,0.0,0.14300654542640454,297.0,269.0,1153.0,617.0,1135.0
CPS_0189,F3,HIGH,6,1.0,0.33,0.04925,0.0,0.14300654542640454,297.0,269.0,1153.0,617.0,1135.0
CPS_0191,F3,HIGH,6,1.0,0.33,0.04925,0.0,0.14300654542640454,297.0,269.0,1153.0,617.0,1135.0
CPS_0190,F3,HIGH,6,1.0,0.33,0.04925,0.0,0.14300654542640454,297.0,269.0,1153.0,617.0,1135.0
CPS_0192,F3,HIGH,6,1.0,0.33,0.04925,0.0,0.14300654542640454,297.0,269.0,1153.0,617.0,1135.0
CPS_0194,F3,HIGH,6,1.0,0.33,0.04925,0.0,0.14300654542640454,297.0,269.0,1153.0,617.0,1135.0
CPS_0193,F3,HIGH,6,1.0,0.33,0.04925,0.0,0.14300654542640454,297.0,269.0,1153.0,617.0,1135.0
CPS_0195,F3,HIGH,6,1.0,0.33,0.04925,0.0,0.14300654542640454,297.0,269.0,1153.0,617.0,1135.0
CPS_0196,F3,HIGH,6,1.0,0.33,0.04925,0.0,0.14300654542640454,297.0,269.0,1153.0,617.0,1135.0
CPS_0197,F3,HIGH,6,1.0,0.33,0.04925,0.0,0.14300654542640454,297.0,269.0,1153.0,617.0,1135.0
CPS_0198,F3,HIGH,6,1.0,0.33,0.04925,0.0,0.14300654542640454,297.0,269.0,1153.0,617.0,1135.0
CPS_0199,F3,HIGH,6,1.0,0.33,0.04925,0.0,0.14300654542640454,297.0,269.0,1153.0,617.0,1135.0
CPS_0200,F3,HIGH,6,1.0,0.33,0.04925,0.0,0.14300654542640454,297.0,269.0,1153.0,617.0,1135.0
CPS_0201,F3,HIGH,6,1.0,0.33,0.04925,0.0,0.14300654542640454,297.0,269.0,1153.0,617.0,1135.0
CPS_0202,F3,HIGH,6,1.0,0.33,0.04925,0.0,0.14300654542640454,297.0,269.0,1153.0,617.0,1135.0
CPS_0203,F3,HIGH,6,1.0,0.33,0.04925,0.0,0.14300654542640454,297.0,269.0,1153.0,617.0,1135.0
CPS_0204,F3,HIGH,6,1.0,0.33,0.04925,0.0,0.14300654542640454,297.0,269.0,1153.0,617.0,1135.0
CPS_0205,F3,HIGH,6,1.0,0.33,0.04925,0.0,0.14300654542640454,297.0,269.0,1153.0,617.0,1135.0
CPS_0206,F3,HIGH,6,1.0,0.33,0.04925,0.0,0.14300654542640454,297.0,269.0,1153.0,617.0,1135.0
CPS_0207,F2,HIGH,6,2.0,0.28181528992858434,0.79925,0.6666666666666666,0.6410997945362651,69.0,1251.0,1.0,95.0,186.0
CPS_0208,F3,HIGH,6,1.0,0.33,0.04925,0.0,0.14300654542640454,297.0,269.0,1153.0,617.0,1135.0
CPS_0209,F3,HIGH,6,1.0,0.33,0.04925,0.0,0.14300654542640454,297.0,269.0,1153.0,617.0,1135.0
CPS_0211,F1,HIGH,6,3.0,0.42061983571430495,0.79925,0.8333333333333334,0.8115620374320913,1.0,183.0,1.0,57.0,55.0
CPS_0212,F2,HIGH,6,2.0,0.67,0.79925,0.5,0.6977698961234307,69.0,32.0,1.0,139.0,62.0
CPS_0213,F1,HIGH,6,3.0,0.5898815136934819,0.79925,0.9166666666666666,0.8752735315220163,1.0,157.0,1.0,32.0,32.0
CPS_0215,F3,HIGH,6,1.0,0.33,0.04925,0.0,0.14300654542640454,297.0,269.0,1153.0,617.0,1135.0
CPS_0214,F3,HIGH,6,1.0,0.33,0.04925,0.0,0.14300654542640454,297.0,269.0,1153.0,617.0,1135.0
CPS_0217,F3,MODERATE,6,0.67,0.33,0.04925,0.0,0.11210766902191016,1525.0,269.0,1153.0,617.0,1592.0
CPS_0218,F3,HIGH,6,1.0,0.33,0.04925,0.0,0.14300654542640454,297.0,269.0,1153.0,617.0,1135.0
CPS_0216,F2,LOW,6,0.66,0.3952206141746329,0.67425,0.4166666666666667,0.4401933307825074,1577.0,186.0,252.0,268.0,296.0
CPS_0219,F3,HIGH,6,1.0,0.33,0.04925,0.0,0.14300654542640454,297.0,269.0,1153.0,617.0,1135.0
CPS_0221,F3,HIGH,6,1.0,0.33,0.04925,0.0,0.14300654542640454,297.0,269.0,1153.0,617.0,1135.0
CPS_0220,F3,HIGH,6,1.0,0.33,0.04925,0.0,0.14300654542640454,297.0,269.0,1153.0,617.0,1135.0
CPS_0222,F3,HIGH,6,1.0,0.33,0.04925,0.0,0.14300654542640454,297.0,269.0,1153.0,617.0,1135.0
CPS_0223,F3,HIGH,6,1.0,0.33,0.04925,0.0,0.14300654542640454,297.0,269.0,1153.0,617.0,1135.0
CPS_0224,F3,HIGH,6,1.0,0.33,0.04925,0.0,0.14300654542640454,297.0,269.0,1153.0,617.0,1135.0
CPS_0225,F3,HIGH,6,1.0,0.33,0.04925,0.0,0.14300654542640454,297.0,269.0,1153.0,617.0,1135.0
CPS_0226,F3,HIGH,6,1.0,0.33,0.04925,0.0,0.14300654542640454,297.0,269.0,1153.0,617.0,1135.0
CPS_0227,F3,HIGH,6,1.0,0.33,0.04925,0.0,0.14300654542640454,297.0,269.0,1153.0,617.0,1135.0
CPS_0228,F3,HIGH,6,1.0,0.33,0.04925,0.0,0.14300654542640454,297.0,269.0,1153.0,617.0,1135.0
CPS_0229,F3,HIGH,6,1.0,0.33,0.04925,0.0,0.14300654542640454,297.0,269.0,1153.0,617.0,1135.0
CPS_0230,F3,HIGH,6,1.0,0.33,0.04925,0.0,0.14300654542640454,297.0,269.0,1153.0,617.0,1135.0
CPS_0231,F3,HIGH,6,1.0,0.33,0.04925,0.0,0.14300654542640454,297.0,269.0,1153.0,617.0,1135.0
CPS_0232,F3,HIGH,6,1.0,0.33,0.04925,0.0,0.14300654542640454,297.0,269.0,1153.0,617.0,1135.0
CPS_0233,F3,HIGH,6,1.0,0.33,0.04925,0.0,0.14300654542640454,297.0,269.0,1153.0,617.0,1135.0
CPS_0234,F3,HIGH,6,1.0,0.33,0.04925,0.0,0.14300654542640454,297.0,269.0,1153.0,617.0,1135.0
CPS_0235,F3,HIGH,6,1.0,0.33,0.04925,0.0,0.14300654542640454,297.0,269.0,1153.0,617.0,1135.0
CPS_0236,F3,HIGH,6,1.0,0.33,0.04925,0.0,0.14300654542640454,297.0,269.0,1153.0,617.0,1135.0
CPS_0237,F3,HIGH,6,1.0,0.33,0.04925,0.0,0.14300654542640454,297.0,269.0,1153.0,617.0,1135.0
CPS_0238,F3,HIGH,6,1.0,0.33,0.04925,0.0,0.14300654542640454,297.0,269.0,1153.0,617.0,1135.0
CPS_0240,F3,HIGH,6,1.0,0.33,0.04925,0.0,0.14300654542640454,297.0,269.0,1153.0,617.0,1135.0
CPS_0239,F3,HIGH,6,1.0,0.33,0.04925,0.0,0.14300654542640454,297.0,269.0,1153.0,617.0,1135.0
CPS_0241,F3,HIGH,6,1.0,0.33,0.04925,0.0,0.14300654542640454,297.0,269.0,1153.0,617.0,1135.0
CPS_0242,F3,HIGH,6,1.0,0.33,0.04925,0.0,0.14300654542640454,297.0,269.0,1153.0,617.0,1135.0
CPS_0243,F3,HIGH,6,1.0,0.33,0.04925,0.0,0.14300654542640454,297.0,269.0,1153.0,617.0,1135.0
CPS_0244,F3,HIGH,6,1.0,0.33,0.04925,0.0,0.14300654542640454,297.0,269.0,1153.0,617.0,1135.0
CPS_0245,F3,HIGH,6,1.0,0.33,0.04925,0.0,0.14300654542640454,297.0,269.0,1153.0,617.0,1135.0
CPS_0246,F3,HIGH,6,1.0,0.33,0.04925,0.0,0.14300654542640454,297.0,269.0,1153.0,617.0,1135.0
CPS_0247,F3,HIGH,6,1.0,0.33,0.04925,0.0,0.14300654542640454,297.0,269.0,1153.0,617.0,1135.0
CPS_0249,F3,HIGH,6,1.0,0.33,0.04925,0.0,0.14300654542640454,297.0,269.0,1153.0,617.0,1135.0
CPS_0248,F3,HIGH,6,1.0,0.33,0.04925,0.0,0.14300654542640454,297.0,269.0,1153.0,617.0,1135.0
CPS_0250,F3,HIGH,6,1.0,0.33,0.04925,0.0,0.14300654542640454,297.0,269.0,1153.0,617.0,1135.0
CPS_0251,F3,MODERATE,6,0.67,0.33,0.04925,0.0,0.11210766902191016,1525.0,269.0,1153.0,617.0,1592.0
CPS_0252,F3,HIGH,6,1.0,0.33,0.04925,0.0,0.14300654542640454,297.0,269.0,1153.0,617.0,1135.0
CPS_0253,F3,HIGH,6,1.0,0.33,0.04925,0.0,0.14300654542640454,297.0,269.0,1153.0,617.0,1135.0
CPS_0254,F3,HIGH,6,1.0,0.19466089951884902,0.17425000000000002,0.08333333333333333,0.1712218108286699,297.0,1291.0,460.0,462.0,457.0
CPS_0255,F3,HIGH,6,1.0,0.19466089951884902,0.17425000000000002,0.08333333333333333,0.1712218108286699,297.0,1291.0,460.0,462.0,457.0
CPS_0256,F3,HIGH,6,1.0,0.33,0.04925,0.0,0.14300654542640454,297.0,269.0,1153.0,617.0,1135.0
CPS_0257,F3,HIGH,6,1.0,0.33,0.04925,0.0,0.14300654542640454,297.0,269.0,1153.0,617.0,1135.0
CPS_0258,F3,HIGH,6,1.0,0.19466089951884902,0.17425000000000002,0.08333333333333333,0.1712218108286699,297.0,1291.0,460.0,462.0,457.0
CPS_0259,F3,HIGH,6,1.0,0.19466089951884902,0.17425000000000002,0.08333333333333333,0.1712218108286699,297.0,1291.0,460.0,462.0,457.0
CPS_0260,F3,HIGH,6,1.0,0.33,0.04925,0.0,0.14300654542640454,297.0,269.0,1153.0,617.0,1135.0
CPS_0261,F3,HIGH,6,1.0,0.33,0.04925,0.0,0.14300654542640454,297.0,269.0,1153.0,617.0,1135.0
CPS_0262,F3,HIGH,6,1.0,0.19466089951884902,0.17425000000000002,0.08333333333333333,0.1712218108286699,297.0,1291.0,460.0,462.0,457.0
CPS_0264,F3,HIGH,6,1.0,0.33,0.04925,0.0,0.14300654542640454,297.0,269.0,1153.0,617.0,1135.0
CPS_0263,F3,HIGH,6,1.0,0.19466089951884902,0.17425000000000002,0.08333333333333333,0.1712218108286699,297.0,1291.0,460.0,462.0,457.0
CPS_0266,F3,HIGH,6,1.0,0.33,0.04925,0.0,0.14300654542640454,297.0,269.0,1153.0,617.0,1135.0
CPS_0265,F3,HIGH,6,1.0,0.33,0.04925,0.0,0.14300654542640454,297.0,269.0,1153.0,617.0,1135.0
CPS_0267,F3,HIGH,6,1.0,0.33,0.04925,0.0,0.14300654542640454,297.0,269.0,1153.0,617.0,1135.0
CPS_0269,F3,HIGH,6,1.0,0.33,0.04925,0.0,0.14300654542640454,297.0,269.0,1153.0,617.0,1135.0
CPS_0270,F3,HIGH,6,1.0,0.33,0.04925,0.0,0.14300654542640454,297.0,269.0,1153.0,617.0,1135.0
CPS_0268,F3,HIGH,6,1.0,0.33,0.04925,0.0,0.14300654542640454,297.0,269.0,1153.0,617.0,1135.0
CPS_0271,F3,HIGH,6,1.0,0.33,0.04925,0.0,0.14300654542640454,297.0,269.0,1153.0,617.0,1135.0
CPS_0272,F3,HIGH,6,1.0,0.19466089951884902,0.17425000000000002,0.08333333333333333,0.1712218108286699,297.0,1291.0,460.0,462.0,457.0
CPS_0273,F2,HIGH,6,2.0,0.67,0.79925,0.5,0.6977698961234307,69.0,32.0,1.0,139.0,62.0
CPS_0275,F3,HIGH,6,1.0,0.33,0.04925,0.0,0.14300654542640454,297.0,269.0,1153.0,617.0,1135.0
CPS_0274,F1,MODERATE,6,2.0100000000000002,0.42061983571430495,0.79925,0.8333333333333334,0.7188654082186082,58.0,183.0,1.0,57.0,61.0
CPS_0276,F3,HIGH,6,1.0,0.33,0.04925,0.0,0.14300654542640454,297.0,269.0,1153.0,617.0,1135.0
CPS_0277,F3,HIGH,6,1.0,0.33,0.04925,0.0,0.14300654542640454,297.0,269.0,1153.0,617.0,1135.0
CPS_0278,F3,HIGH,6,1.0,0.12179318132141902,0.42425,0.25,0.2777626192849124,297.0,1577.0,327.0,328.0,328.0
CPS_0280,F3,HIGH,6,1.0,0.33,0.04925,0.0,0.14300654542640454,297.0,269.0,1153.0,617.0,1135.0
CPS_0279,F3,HIGH,6,1.0,0.12179318132141902,0.42425,0.25,0.2777626192849124,297.0,1577.0,327.0,328.0,328.0
CPS_0281,F3,HIGH,6,1.0,0.33,0.04925,0.0,0.14300654542640454,297.0,269.0,1153.0,617.0,1135.0
CPS_0283,F3,HIGH,6,1.0,0.33,0.04925,0.0,0.14300654542640454,297.0,269.0,1153.0,617.0,1135.0
CPS_0282,F3,HIGH,6,1.0,0.33,0.04925,0.0,0.14300654542640454,297.0,269.0,1153.0,617.0,1135.0
CPS_0284,F3,HIGH,6,1.0,0.33,0.04925,0.0,0.14300654542640454,297.0,269.0,1153.0,617.0,1135.0
CPS_0285,F3,HIGH,6,1.0,0.33,0.04925,0.0,0.14300654542640454,297.0,269.0,1153.0,617.0,1135.0
CPS_0286,F3,HIGH,6,1.0,0.33,0.04925,0.0,0.14300654542640454,297.0,269.0,1153.0,617.0,1135.0
CPS_0287,F3,HIGH,6,1.0,0.33,0.04925,0.0,0.14300654542640454,297.0,269.0,1153.0,617.0,1135.0
CPS_0288,F2,HIGH,6,2.0,0.67,0.79925,0.5,0.6977698961234307,69.0,32.0,1.0,139.0,62.0
CPS_0289,F2,HIGH,6,2.0,0.67,0.79925,0.5,0.6977698961234307,69.0,32.0,1.0,139.0,62.0
CPS_0291,F2,HIGH,6,2.0,0.3952206141746329,0.67425,0.4166666666666667,0.5656614955765149,69.0,186.0,252.0,268.0,250.0
CPS_0290,F3,HIGH,6,1.0,0.33,0.04925,0.0,0.14300654542640454,297.0,269.0,1153.0,617.0,1135.0
CPS_0292,F3,HIGH,6,1.0,0.33,0.04925,0.0,0.14300654542640454,297.0,269.0,1153.0,617.0,1135.0
CPS_0293,F3,HIGH,6,1.0,0.33,0.04925,0.0,0.14300654542640454,297.0,269.0,1153.0,617.0,1135.0
CPS_0294,F3,HIGH,6,1.0,0.33,0.04925,0.0,0.14300654542640454,297.0,269.0,1153.0,617.0,1135.0
CPS_0295,F3,HIGH,6,1.0,0.33,0.04925,0.0,0.14300654542640454,297.0,269.0,1153.0,617.0,1135.0
CPS_0296,F3,HIGH,6,1.0,0.33,0.04925,0.0,0.14300654542640454,297.0,269.0,1153.0,617.0,1135.0
CPS_0297,F3,HIGH,6,1.0,0.33,0.04925,0.0,0.14300654542640454,297.0,269.0,1153.0,617.0,1135.0
CPS_0298,F3,HIGH,6,1.0,0.19466089951884902,0.17425000000000002,0.08333333333333333,0.1712218108286699,297.0,1291.0,460.0,462.0,457.0
CPS_0299,F3,HIGH,6,1.0,0.19466089951884902,0.17425000000000002,0.08333333333333333,0.1712218108286699,297.0,1291.0,460.0,462.0,457.0
CPS_0300,F2,HIGH,6,2.0,0.3952206141746329,0.79925,0.5833333333333334,0.6489948289098483,69.0,186.0,1.0,129.0,179.0
CPS_0301,F3,MODERATE,6,0.67,0.12179318132141902,0.42425,0.25,0.24686374288041807,1525.0,1577.0,327.0,328.0,340.0
CPS_0302,F3,HIGH,6,1.0,0.19466089951884902,0.17425000000000002,0.08333333333333333,0.1712218108286699,297.0,1291.0,460.0,462.0,457.0
CPS_0303,F3,HIGH,6,1.0,0.33,0.04925,0.0,0.14300654542640454,297.0,269.0,1153.0,617.0,1135.0
CPS_0304,F3,HIGH,6,1.0,0.33,0.04925,0.0,0.14300654542640454,297.0,269.0,1153.0,617.0,1135.0
CPS_0305,F3,HIGH,6,1.0,0.33,0.04925,0.0,0.14300654542640454,297.0,269.0,1153.0,617.0,1135.0
CPS_0306,F3,HIGH,6,1.0,0.33,0.04925,0.0,0.14300654542640454,297.0,269.0,1153.0,617.0,1135.0
CPS_0307,F3,HIGH,6,1.0,0.33,0.04925,0.0,0.14300654542640454,297.0,269.0,1153.0,617.0,1135.0
CPS_0309,F3,HIGH,6,1.0,0.33,0.04925,0.0,0.14300654542640454,297.0,269.0,1153.0,617.0,1135.0
CPS_0308,F3,HIGH,6,1.0,0.33,0.04925,0.0,0.14300654542640454,297.0,269.0,1153.0,617.0,1135.0
CPS_0310,F3,HIGH,6,1.0,0.19466089951884902,0.17425000000000002,0.08333333333333333,0.1712218108286699,297.0,1291.0,460.0,462.0,457.0
CPS_0311,F2,HIGH,6,2.0,0.3952206141746329,0.67425,0.4166666666666667,0.5656614955765149,69.0,186.0,252.0,268.0,250.0
CPS_0312,F3,HIGH,6,1.0,0.33,0.04925,0.0,0.14300654542640454,297.0,269.0,1153.0,617.0,1135.0
CPS_0313,F3,HIGH,6,1.0,0.19466089951884902,0.17425000000000002,0.08333333333333333,0.1712218108286699,297.0,1291.0,460.0,462.0,457.0
CPS_0315,F3,HIGH,6,1.0,0.33,0.04925,0.0,0.14300654542640454,297.0,269.0,1153.0,617.0,1135.0
CPS_0314,F3,HIGH,6,1.0,0.33,0.04925,0.0,0.14300654542640454,297.0,269.0,1153.0,617.0,1135.0
CPS_0316,F3,HIGH,6,1.0,0.33,0.04925,0.0,0.14300654542640454,297.0,269.0,1153.0,617.0,1135.0
CPS_0317,F3,HIGH,6,1.0,0.33,0.04925,0.0,0.14300654542640454,297.0,269.0,1153.0,617.0,1135.0
CPS_0318,F3,HIGH,6,1.0,0.19466089951884902,0.17425000000000002,0.08333333333333333,0.1712218108286699,297.0,1291.0,460.0,462.0,457.0
CPS_0320,F3,HIGH,6,1.0,0.33,0.04925,0.0,0.14300654542640454,297.0,269.0,1153.0,617.0,1135.0
CPS_0319,F3,HIGH,6,1.0,0.19466089951884902,0.17425000000000002,0.08333333333333333,0.1712218108286699,297.0,1291.0,460.0,462.0,457.0
CPS_0321,F3,HIGH,6,1.0,0.33,0.04925,0.0,0.14300654542640454,297.0,269.0,1153.0,617.0,1135.0
CPS_0322,F3,HIGH,6,1.0,0.33,0.04925,0.0,0.14300654542640454,297.0,269.0,1153.0,617.0,1135.0
CPS_0323,F3,HIGH,6,1.0,0.33,0.04925,0.0,0.14300654542640454,297.0,269.0,1153.0,617.0,1135.0
CPS_0324,F3,HIGH,6,1.0,0.33,0.04925,0.0,0.14300654542640454,297.0,269.0,1153.0,617.0,1135.0
CPS_0325,F3,HIGH,6,1.0,0.33,0.04925,0.0,0.14300654542640454,297.0,269.0,1153.0,617.0,1135.0
CPS_0326,F3,HIGH,6,1.0,0.33,0.04925,0.0,0.14300654542640454,297.0,269.0,1153.0,617.0,1135.0
CPS_0327,F3,HIGH,6,1.0,0.33,0.04925,0.0,0.14300654542640454,297.0,269.0,1153.0,617.0,1135.0
CPS_0328,F3,HIGH,6,1.0,0.33,0.04925,0.0,0.14300654542640454,297.0,269.0,1153.0,617.0,1135.0
CPS_0329,F3,HIGH,6,1.0,0.33,0.04925,0.0,0.14300654542640454,297.0,269.0,1153.0,617.0,1135.0
CPS_0330,F3,HIGH,6,1.0,0.33,0.04925,0.0,0.14300654542640454,297.0,269.0,1153.0,617.0,1135.0
CPS_0332,F3,HIGH,6,1.0,0.33,0.04925,0.0,0.14300654542640454,297.0,269.0,1153.0,617.0,1135.0
CPS_0333,F3,HIGH,6,1.0,0.33,0.04925,0.0,0.14300654542640454,297.0,269.0,1153.0,617.0,1135.0
CPS_0331,F3,HIGH,6,1.0,0.33,0.04925,0.0,0.14300654542640454,297.0,269.0,1153.0,617.0,1135.0
CPS_0334,F3,HIGH,6,1.0,0.33,0.04925,0.0,0.14300654542640454,297.0,269.0,1153.0,617.0,1135.0
CPS_0336,F3,HIGH,6,1.0,0.33,0.04925,0.0,0.14300654542640454,297.0,269.0,1153.0,617.0,1135.0
CPS_0335,F3,HIGH,6,1.0,0.33,0.04925,0.0,0.14300654542640454,297.0,269.0,1153.0,617.0,1135.0
CPS_0337,F3,HIGH,6,1.0,0.33,0.04925,0.0,0.14300654542640454,297.0,269.0,1153.0,617.0,1135.0
CPS_0338,F3,HIGH,6,1.0,0.19466089951884902,0.17425000000000002,0.08333333333333333,0.1712218108286699,297.0,1291.0,460.0,462.0,457.0
CPS_0339,F3,HIGH,6,1.0,0.19466089951884902,0.17425000000000002,0.08333333333333333,0.1712218108286699,297.0,1291.0,460.0,462.0,457.0
CPS_0340,F3,HIGH,6,1.0,0.19466089951884902,0.17425000000000002,0.08333333333333333,0.1712218108286699,297.0,1291.0,460.0,462.0,457.0
CPS_0341,F3,MODERATE,6,0.67,0.12179318132141902,0.42425,0.25,0.24686374288041807,1525.0,1577.0,327.0,328.0,340.0
CPS_0343,F3,HIGH,6,1.0,0.33,0.04925,0.0,0.14300654542640454,297.0,269.0,1153.0,617.0,1135.0
CPS_0342,F3,HIGH,6,1.0,0.19466089951884902,0.17425000000000002,0.08333333333333333,0.1712218108286699,297.0,1291.0,460.0,462.0,457.0
CPS_0344,F3,HIGH,6,1.0,0.33,0.04925,0.0,0.14300654542640454,297.0,269.0,1153.0,617.0,1135.0
CPS_0345,F3,HIGH,6,1.0,0.33,0.04925,0.0,0.14300654542640454,297.0,269.0,1153.0,617.0,1135.0
CPS_0347,F3,HIGH,6,1.0,0.33,0.04925,0.0,0.14300654542640454,297.0,269.0,1153.0,617.0,1135.0
CPS_0346,F3,HIGH,6,1.0,0.33,0.04925,0.0,0.14300654542640454,297.0,269.0,1153.0,617.0,1135.0
CPS_0348,F3,HIGH,6,1.0,0.33,0.04925,0.0,0.14300654542640454,297.0,269.0,1153.0,617.0,1135.0
CPS_0349,F3,HIGH,6,1.0,0.33,0.04925,0.0,0.14300654542640454,297.0,269.0,1153.0,617.0,1135.0
CPS_0350,F2,HIGH,6,2.0,0.67,0.79925,0.5,0.6977698961234307,69.0,32.0,1.0,139.0,62.0
CPS_0351,F3,HIGH,6,1.0,0.33,0.04925,0.0,0.14300654542640454,297.0,269.0,1153.0,617.0,1135.0
CPS_0352,F3,HIGH,6,1.0,0.33,0.04925,0.0,0.14300654542640454,297.0,269.0,1153.0,617.0,1135.0
CPS_0353,F3,HIGH,6,1.0,0.33,0.04925,0.0,0.14300654542640454,297.0,269.0,1153.0,617.0,1135.0
CPS_0354,F3,HIGH,6,1.0,0.33,0.04925,0.0,0.14300654542640454,297.0,269.0,1153.0,617.0,1135.0
CPS_0355,F2,HIGH,6,2.0,0.28181528992858434,0.54925,0.3333333333333333,0.4744331278695984,69.0,1251.0,306.0,311.0,292.0
CPS_0356,F3,HIGH,6,1.0,0.19466089951884902,0.17425000000000002,0.08333333333333333,0.1712218108286699,297.0,1291.0,460.0,462.0,457.0
CPS_0358,F3,HIGH,6,1.0,0.19466089951884902,0.17425000000000002,0.08333333333333333,0.1712218108286699,297.0,1291.0,460.0,462.0,457.0
CPS_0357,F3,HIGH,6,1.0,0.33,0.04925,0.0,0.14300654542640454,297.0,269.0,1153.0,617.0,1135.0
CPS_0359,F3,HIGH,6,1.0,0.19466089951884902,0.17425000000000002,0.08333333333333333,0.1712218108286699,297.0,1291.0,460.0,462.0,457.0
CPS_0360,F2,HIGH,6,2.0,0.3952206141746329,0.67425,0.4166666666666667,0.5656614955765149,69.0,186.0,252.0,268.0,250.0
CPS_0361,F3,HIGH,6,1.0,0.19466089951884902,0.17425000000000002,0.08333333333333333,0.1712218108286699,297.0,1291.0,460.0,462.0,457.0
CPS_0362,F3,HIGH,6,1.0,0.19466089951884902,0.17425000000000002,0.08333333333333333,0.1712218108286699,297.0,1291.0,460.0,462.0,457.0
CPS_0363,F3,HIGH,6,1.0,0.19466089951884902,0.17425000000000002,0.08333333333333333,0.1712218108286699,297.0,1291.0,460.0,462.0,457.0
CPS_0365,F2,MODERATE,6,1.34,0.67,0.79925,0.5,0.6359721433144419,248.0,32.0,1.0,139.0,187.0
CPS_0364,F3,HIGH,6,1.0,0.33,0.04925,0.0,0.14300654542640454,297.0,269.0,1153.0,617.0,1135.0
CPS_0366,F3,HIGH,6,1.0,0.19466089951884902,0.17425000000000002,0.08333333333333333,0.1712218108286699,297.0,1291.0,460.0,462.0,457.0
CPS_0367,F3,MODERATE,6,0.67,0.13880454578572063,0.29925,0.16666666666666666,0.18867314137450028,1525.0,1543.0,362.0,363.0,369.0
CPS_0368,F3,HIGH,6,1.0,0.33,0.04925,0.0,0.14300654542640454,297.0,269.0,1153.0,617.0,1135.0
CPS_0369,F3,HIGH,6,1.0,0.33,0.04925,0.0,0.14300654542640454,297.0,269.0,1153.0,617.0,1135.0
CPS_0370,F2,HIGH,6,2.0,0.67,0.79925,0.5,0.6977698961234307,69.0,32.0,1.0,139.0,62.0
CPS_0371,F3,HIGH,6,1.0,0.19466089951884902,0.17425000000000002,0.08333333333333333,0.1712218108286699,297.0,1291.0,460.0,462.0,457.0
CPS_0372,F2,HIGH,6,2.0,0.3952206141746329,0.67425,0.4166666666666667,0.5656614955765149,69.0,186.0,252.0,268.0,250.0
CPS_0374,F3,HIGH,6,1.0,0.33,0.04925,0.0,0.14300654542640454,297.0,269.0,1153.0,617.0,1135.0
CPS_0373,F3,HIGH,6,1.0,0.33,0.04925,0.0,0.14300654542640454,297.0,269.0,1153.0,617.0,1135.0
CPS_0375,F3,HIGH,6,1.0,0.33,0.04925,0.0,0.14300654542640454,297.0,269.0,1153.0,617.0,1135.0
CPS_0377,F3,HIGH,6,1.0,0.33,0.04925,0.0,0.14300654542640454,297.0,269.0,1153.0,617.0,1135.0
CPS_0376,F3,HIGH,6,1.0,0.33,0.04925,0.0,0.14300654542640454,297.0,269.0,1153.0,617.0,1135.0
CPS_0378,F3,MODERATE,6,0.67,0.33,0.04925,0.0,0.11210766902191016,1525.0,269.0,1153.0,617.0,1592.0
CPS_0380,F3,HIGH,6,1.0,0.33,0.04925,0.0,0.14300654542640454,297.0,269.0,1153.0,617.0,1135.0
CPS_0379,F3,MODERATE,6,0.67,0.33,0.04925,0.0,0.11210766902191016,1525.0,269.0,1153.0,617.0,1592.0
CPS_0381,F3,HIGH,6,1.0,0.33,0.04925,0.0,0.14300654542640454,297.0,269.0,1153.0,617.0,1135.0
CPS_0383,F3,HIGH,6,1.0,0.33,0.04925,0.0,0.14300654542640454,297.0,269.0,1153.0,617.0,1135.0
CPS_0382,F3,HIGH,6,1.0,0.19466089951884902,0.17425000000000002,0.08333333333333333,0.1712218108286699,297.0,1291.0,460.0,462.0,457.0
CPS_0384,F3,HIGH,6,1.0,0.33,0.04925,0.0,0.14300654542640454,297.0,269.0,1153.0,617.0,1135.0
CPS_0385,F3,HIGH,6,1.0,0.12179318132141902,0.42425,0.25,0.2777626192849124,297.0,1577.0,327.0,328.0,328.0
CPS_0387,F3,HIGH,6,1.0,0.33,0.04925,0.0,0.14300654542640454,297.0,269.0,1153.0,617.0,1135.0
CPS_0386,F3,HIGH,6,1.0,0.33,0.04925,0.0,0.14300654542640454,297.0,269.0,1153.0,617.0,1135.0
CPS_0388,F3,HIGH,6,1.0,0.19466089951884902,0.17425000000000002,0.08333333333333333,0.1712218108286699,297.0,1291.0,460.0,462.0,457.0
CPS_0390,F3,HIGH,6,1.0,0.33,0.04925,0.0,0.14300654542640454,297.0,269.0,1153.0,617.0,1135.0
CPS_0389,F3,HIGH,6,1.0,0.19466089951884902,0.17425000000000002,0.08333333333333333,0.1712218108286699,297.0,1291.0,460.0,462.0,457.0
CPS_0391,F3,HIGH,6,1.0,0.33,0.04925,0.0,0.14300654542640454,297.0,269.0,1153.0,617.0,1135.0
CPS_0393,F3,HIGH,6,1.0,0.19466089951884902,0.17425000000000002,0.08333333333333333,0.1712218108286699,297.0,1291.0,460.0,462.0,457.0
CPS_0392,F2,HIGH,6,2.0,0.3952206141746329,0.79925,0.5833333333333334,0.6489948289098483,69.0,186.0,1.0,129.0,179.0
CPS_0394,F3,HIGH,6,1.0,0.19466089951884902,0.17425000000000002,0.08333333333333333,0.1712218108286699,297.0,1291.0,460.0,462.0,457.0
CPS_0395,F3,HIGH,6,1.0,0.33,0.04925,0.0,0.14300654542640454,297.0,269.0,1153.0,617.0,1135.0
CPS_0396,F3,HIGH,6,1.0,0.33,0.04925,0.0,0.14300654542640454,297.0,269.0,1153.0,617.0,1135.0
CPS_0397,F1,HIGH,6,3.0,1.0,0.79925,1.0,1.0,1.0,1.0,1.0,1.0,1.0
CPS_0398,F3,HIGH,6,1.0,0.33,0.04925,0.0,0.14300654542640454,297.0,269.0,1153.0,617.0,1135.0
CPS_0399,F3,HIGH,6,1.0,0.33,0.04925,0.0,0.14300654542640454,297.0,269.0,1153.0,617.0,1135.0
CPS_0400,F3,HIGH,6,1.0,0.33,0.04925,0.0,0.14300654542640454,297.0,269.0,1153.0,617.0,1135.0
CPS_0402,F3,HIGH,6,1.0,0.33,0.04925,0.0,0.14300654542640454,297.0,269.0,1153.0,617.0,1135.0
CPS_0403,F2,HIGH,6,2.0,0.67,0.79925,0.5,0.6977698961234307,69.0,32.0,1.0,139.0,62.0
CPS_0401,F3,HIGH,6,1.0,0.33,0.04925,0.0,0.14300654542640454,297.0,269.0,1153.0,617.0,1135.0
CPS_0404,F2,HIGH,6,2.0,0.67,0.79925,0.5,0.6977698961234307,69.0,32.0,1.0,139.0,62.0
CPS_0405,F3,HIGH,6,1.0,0.33,0.04925,0.0,0.14300654542640454,297.0,269.0,1153.0,617.0,1135.0
CPS_0406,F3,HIGH,6,1.0,0.33,0.04925,0.0,0.14300654542640454,297.0,269.0,1153.0,617.0,1135.0
CPS_0407,F1,HIGH,6,3.0,0.5898815136934819,0.79925,0.9166666666666666,0.8752735315220163,1.0,157.0,1.0,32.0,32.0
CPS_0408,F2,HIGH,6,2.0,0.67,0.79925,0.5,0.6977698961234307,69.0,32.0,1.0,139.0,62.0
CPS_0409,F2,HIGH,6,2.0,0.67,0.79925,0.5,0.6977698961234307,69.0,32.0,1.0,139.0,62.0
CPS_0410,F3,HIGH,6,1.0,0.33,0.04925,0.0,0.14300654542640454,297.0,269.0,1153.0,617.0,1135.0
CPS_0411,F3,HIGH,6,1.0,0.33,0.04925,0.0,0.14300654542640454,297.0,269.0,1153.0,617.0,1135.0
CPS_0412,F1,HIGH,6,3.0,0.5898815136934819,0.67425,0.8333333333333334,0.8127735315220164,1.0,157.0,252.0,57.0,54.0
CPS_0413,F2,HIGH,6,2.0,0.67,0.79925,0.5,0.6977698961234307,69.0,32.0,1.0,139.0,62.0
CPS_0414,F2,HIGH,6,2.0,0.67,0.79925,0.5,0.6977698961234307,69.0,32.0,1.0,139.0,62.0
CPS_0415,F3,HIGH,6,1.0,0.33,0.04925,0.0,0.14300654542640454,297.0,269.0,1153.0,617.0,1135.0
CPS_0416,F3,HIGH,6,1.0,0.33,0.04925,0.0,0.14300654542640454,297.0,269.0,1153.0,617.0,1135.0
CPS_0417,F3,HIGH,6,1.0,0.33,0.04925,0.0,0.14300654542640454,297.0,269.0,1153.0,617.0,1135.0
CPS_0418,F2,MODERATE,6,1.34,0.28181528992858434,0.54925,0.3333333333333333,0.4126353750606097,248.0,1251.0,306.0,311.0,301.0
CPS_0419,F2,MODERATE,6,1.34,0.28181528992858434,0.54925,0.3333333333333333,0.4126353750606097,248.0,1251.0,306.0,311.0,301.0
CPS_0420,F3,HIGH,6,1.0,0.33,0.04925,0.0,0.14300654542640454,297.0,269.0,1153.0,617.0,1135.0
CPS_0421,F3,HIGH,6,1.0,0.33,0.04925,0.0,0.14300654542640454,297.0,269.0,1153.0,617.0,1135.0
CPS_0422,F1,LOW,6,0.99,0.07938016428569494,0.54925,0.5833333333333334,0.391082025641725,1519.0,1589.0,306.0,129.0,307.0
CPS_0424,F2,HIGH,6,2.0,0.67,0.79925,0.5,0.6977698961234307,69.0,32.0,1.0,139.0,62.0
CPS_0423,F2,HIGH,6,2.0,0.67,0.79925,0.5,0.6977698961234307,69.0,32.0,1.0,139.0,62.0
CPS_0425,F3,HIGH,6,1.0,0.33,0.04925,0.0,0.14300654542640454,297.0,269.0,1153.0,617.0,1135.0
CPS_0426,F3,HIGH,6,1.0,0.33,0.04925,0.0,0.14300654542640454,297.0,269.0,1153.0,617.0,1135.0
CPS_0427,F2,HIGH,6,2.0,0.3952206141746329,0.67425,0.4166666666666667,0.5656614955765149,69.0,186.0,252.0,268.0,250.0
CPS_0428,F2,HIGH,6,2.0,0.67,0.79925,0.5,0.6977698961234307,69.0,32.0,1.0,139.0,62.0
CPS_0430,F3,HIGH,6,1.0,0.33,0.04925,0.0,0.14300654542640454,297.0,269.0,1153.0,617.0,1135.0
CPS_0429,F2,HIGH,6,2.0,0.67,0.79925,0.5,0.6977698961234307,69.0,32.0,1.0,139.0,62.0
CPS_0431,F3,HIGH,6,1.0,0.33,0.04925,0.0,0.14300654542640454,297.0,269.0,1153.0,617.0,1135.0
CPS_0434,F3,HIGH,6,1.0,0.33,0.04925,0.0,0.14300654542640454,297.0,269.0,1153.0,617.0,1135.0
CPS_0432,F2,HIGH,6,2.0,0.3952206141746329,0.67425,0.4166666666666667,0.5656614955765149,69.0,186.0,252.0,268.0,250.0
CPS_0433,F3,HIGH,6,1.0,0.33,0.04925,0.0,0.14300654542640454,297.0,269.0,1153.0,617.0,1135.0
CPS_0436,F3,HIGH,6,1.0,0.33,0.04925,0.0,0.14300654542640454,297.0,269.0,1153.0,617.0,1135.0
CPS_0437,F3,HIGH,6,1.0,0.33,0.04925,0.0,0.14300654542640454,297.0,269.0,1153.0,617.0,1135.0
CPS_0435,F3,HIGH,6,1.0,0.19466089951884902,0.17425000000000002,0.08333333333333333,0.1712218108286699,297.0,1291.0,460.0,462.0,457.0
CPS_0440,F3,HIGH,6,1.0,0.33,0.04925,0.0,0.14300654542640454,297.0,269.0,1153.0,617.0,1135.0
CPS_0439,F2,HIGH,6,2.0,0.67,0.79925,0.5,0.6977698961234307,69.0,32.0,1.0,139.0,62.0
CPS_0438,F2,LOW,6,0.66,0.3952206141746329,0.67425,0.4166666666666667,0.4401933307825074,1577.0,186.0,252.0,268.0,296.0
CPS_0441,F3,HIGH,6,1.0,0.33,0.04925,0.0,0.14300654542640454,297.0,269.0,1153.0,617.0,1135.0
CPS_0442,F3,HIGH,6,1.0,0.33,0.04925,0.0,0.14300654542640454,297.0,269.0,1153.0,617.0,1135.0
CPS_0443,F2,HIGH,6,2.0,0.67,0.79925,0.5,0.6977698961234307,69.0,32.0,1.0,139.0,62.0
CPS_0445,F3,HIGH,6,1.0,0.33,0.04925,0.0,0.14300654542640454,297.0,269.0,1153.0,617.0,1135.0
CPS_0444,F2,HIGH,6,2.0,0.67,0.79925,0.5,0.6977698961234307,69.0,32.0,1.0,139.0,62.0
CPS_0446,F3,HIGH,6,1.0,0.33,0.04925,0.0,0.14300654542640454,297.0,269.0,1153.0,617.0,1135.0
CPS_0447,F3,HIGH,6,1.0,0.19466089951884902,0.17425000000000002,0.16666666666666666,0.19205514416200323,297.0,1291.0,460.0,363.0,367.0
CPS_0448,F2,HIGH,6,2.0,0.67,0.79925,0.5,0.6977698961234307,69.0,32.0,1.0,139.0,62.0
CPS_0449,F2,HIGH,6,2.0,0.67,0.79925,0.5,0.6977698961234307,69.0,32.0,1.0,139.0,62.0
CPS_0451,F3,HIGH,6,1.0,0.33,0.04925,0.0,0.14300654542640454,297.0,269.0,1153.0,617.0,1135.0
CPS_0450,F3,HIGH,6,1.0,0.33,0.04925,0.0,0.14300654542640454,297.0,269.0,1153.0,617.0,1135.0
CPS_0452,F3,HIGH,6,1.0,0.19466089951884902,0.17425000000000002,0.16666666666666666,0.19205514416200323,297.0,1291.0,460.0,363.0,367.0
CPS_0453,F2,HIGH,6,2.0,0.67,0.79925,0.5,0.6977698961234307,69.0,32.0,1.0,139.0,62.0
CPS_0454,F2,HIGH,6,2.0,0.67,0.79925,0.5,0.6977698961234307,69.0,32.0,1.0,139.0,62.0
CPS_0455,F3,HIGH,6,1.0,0.33,0.04925,0.0,0.14300654542640454,297.0,269.0,1153.0,617.0,1135.0
CPS_0456,F3,HIGH,6,1.0,0.33,0.04925,0.0,0.14300654542640454,297.0,269.0,1153.0,617.0,1135.0
CPS_0458,F2,HIGH,6,2.0,0.67,0.79925,0.5,0.6977698961234307,69.0,32.0,1.0,139.0,62.0
CPS_0457,F3,LOW,6,0.33,0.13880454578572063,0.29925,0.16666666666666666,0.15683793538199092,1593.0,1543.0,362.0,363.0,604.0
CPS_0460,F3,HIGH,6,1.0,0.33,0.04925,0.0,0.14300654542640454,297.0,269.0,1153.0,617.0,1135.0
CPS_0459,F2,HIGH,6,2.0,0.67,0.79925,0.5,0.6977698961234307,69.0,32.0,1.0,139.0,62.0
CPS_0463,F2,HIGH,6,2.0,0.67,0.79925,0.5,0.6977698961234307,69.0,32.0,1.0,139.0,62.0
CPS_0461,F3,HIGH,6,1.0,0.33,0.04925,0.0,0.14300654542640454,297.0,269.0,1153.0,617.0,1135.0
CPS_0462,F3,HIGH,6,1.0,0.19466089951884902,0.17425000000000002,0.08333333333333333,0.1712218108286699,297.0,1291.0,460.0,462.0,457.0
CPS_0465,F3,HIGH,6,1.0,0.33,0.04925,0.0,0.14300654542640454,297.0,269.0,1153.0,617.0,1135.0
CPS_0466,F3,HIGH,6,1.0,0.33,0.04925,0.0,0.14300654542640454,297.0,269.0,1153.0,617.0,1135.0
CPS_0464,F2,HIGH,6,2.0,0.67,0.79925,0.5,0.6977698961234307,69.0,32.0,1.0,139.0,62.0
CPS_0468,F3,HIGH,6,1.0,0.33,0.04925,0.0,0.14300654542640454,297.0,269.0,1153.0,617.0,1135.0
CPS_0469,F3,HIGH,6,1.0,0.33,0.04925,0.0,0.14300654542640454,297.0,269.0,1153.0,617.0,1135.0
CPS_0467,F3,HIGH,6,1.0,0.33,0.04925,0.0,0.14300654542640454,297.0,269.0,1153.0,617.0,1135.0
CPS_0472,F3,HIGH,6,1.0,0.33,0.04925,0.0,0.14300654542640454,297.0,269.0,1153.0,617.0,1135.0
CPS_0471,F3,HIGH,6,1.0,0.33,0.04925,0.0,0.14300654542640454,297.0,269.0,1153.0,617.0,1135.0
CPS_0470,F3,HIGH,6,1.0,0.33,0.04925,0.0,0.14300654542640454,297.0,269.0,1153.0,617.0,1135.0
CPS_0473,F3,MODERATE,6,0.67,0.13880454578572063,0.29925,0.16666666666666666,0.18867314137450028,1525.0,1543.0,362.0,363.0,369.0
CPS_0475,F3,HIGH,6,1.0,0.33,0.04925,0.0,0.14300654542640454,297.0,269.0,1153.0,617.0,1135.0
CPS_0474,F2,HIGH,6,2.0,0.3952206141746329,0.67425,0.4166666666666667,0.5656614955765149,69.0,186.0,252.0,268.0,250.0
CPS_0478,F3,HIGH,6,1.0,0.33,0.04925,0.0,0.14300654542640454,297.0,269.0,1153.0,617.0,1135.0
CPS_0477,F1,HIGH,6,3.0,1.0,0.79925,1.0,1.0,1.0,1.0,1.0,1.0,1.0
CPS_0476,F3,HIGH,6,1.0,0.33,0.04925,0.0,0.14300654542640454,297.0,269.0,1153.0,617.0,1135.0
CPS_0479,F3,HIGH,6,1.0,0.33,0.04925,0.0,0.14300654542640454,297.0,269.0,1153.0,617.0,1135.0
CPS_0480,F3,HIGH,6,1.0,0.33,0.04925,0.0,0.14300654542640454,297.0,269.0,1153.0,617.0,1135.0
CPS_0481,F3,HIGH,6,1.0,0.33,0.04925,0.0,0.14300654542640454,297.0,269.0,1153.0,617.0,1135.0
CPS_0484,F3,HIGH,6,1.0,0.33,0.04925,0.0,0.14300654542640454,297.0,269.0,1153.0,617.0,1135.0
CPS_0483,F2,HIGH,6,2.0,0.67,0.79925,0.5,0.6977698961234307,69.0,32.0,1.0,139.0,62.0
CPS_0482,F2,HIGH,6,2.0,0.67,0.79925,0.5,0.6977698961234307,69.0,32.0,1.0,139.0,62.0
CPS_0485,F2,HIGH,6,2.0,0.67,0.79925,0.5,0.6977698961234307,69.0,32.0,1.0,139.0,62.0
CPS_0486,F3,HIGH,6,1.0,0.33,0.04925,0.0,0.14300654542640454,297.0,269.0,1153.0,617.0,1135.0
CPS_0487,F3,HIGH,6,1.0,0.33,0.04925,0.0,0.14300654542640454,297.0,269.0,1153.0,617.0,1135.0
CPS_0490,F3,HIGH,6,1.0,0.33,0.04925,0.0,0.14300654542640454,297.0,269.0,1153.0,617.0,1135.0
CPS_0489,F3,MODERATE,6,0.67,0.12179318132141902,0.42425,0.25,0.24686374288041807,1525.0,1577.0,327.0,328.0,340.0
CPS_0491,F3,HIGH,6,1.0,0.33,0.04925,0.0,0.14300654542640454,297.0,269.0,1153.0,617.0,1135.0
CPS_0492,F3,HIGH,6,1.0,0.33,0.04925,0.0,0.14300654542640454,297.0,269.0,1153.0,617.0,1135.0
CPS_0493,F3,HIGH,6,1.0,0.33,0.04925,0.0,0.14300654542640454,297.0,269.0,1153.0,617.0,1135.0
CPS_0494,F1,MODERATE,6,2.0100000000000002,0.5898815136934819,0.79925,0.9166666666666666,0.7825769023085332,58.0,157.0,1.0,32.0,59.0
CPS_0497,F3,HIGH,6,1.0,0.13880454578572063,0.29925,0.16666666666666666,0.21957201777899465,297.0,1543.0,362.0,363.0,361.0
CPS_0498,F3,HIGH,6,1.0,0.19466089951884902,0.17425000000000002,0.08333333333333333,0.1712218108286699,297.0,1291.0,460.0,462.0,457.0
CPS_0499,F3,HIGH,6,1.0,0.13880454578572063,0.29925,0.16666666666666666,0.21957201777899465,297.0,1543.0,362.0,363.0,361.0
CPS_0500,F2,HIGH,6,2.0,0.67,0.79925,0.5,0.6977698961234307,69.0,32.0,1.0,139.0,62.0
CPS_0502,F3,MODERATE,6,0.67,0.026195454214279334,0.67425,0.6666666666666666,0.4101464790567131,1525.0,1595.0,252.0,95.0,305.0
CPS_0503,F1,HIGH,6,3.0,0.42061983571430495,0.79925,0.8333333333333334,0.8115620374320913,1.0,183.0,1.0,57.0,55.0
CPS_0504,F2,MODERATE,6,1.34,0.28181528992858434,0.79925,0.6666666666666666,0.5793020417272764,248.0,1251.0,1.0,95.0,243.0
CPS_0505,F1,LOW,6,0.99,0.36907024642854247,0.79925,0.75,0.5894676735923461,1519.0,217.0,1.0,77.0,238.0
CPS_0506,F2,HIGH,6,2.0,0.67,0.79925,0.5,0.6977698961234307,69.0,32.0,1.0,139.0,62.0
CPS_0507,F2,HIGH,6,2.0,0.67,0.79925,0.5,0.6977698961234307,69.0,32.0,1.0,139.0,62.0
CPS_0508,F2,MODERATE,6,1.34,0.3952206141746329,0.79925,0.5833333333333334,0.5871970761008595,248.0,186.0,1.0,129.0,240.0
CPS_0509,F2,HIGH,6,2.0,0.3952206141746329,0.67425,0.4166666666666667,0.5656614955765149,69.0,186.0,252.0,268.0,250.0
CPS_0510,F3,HIGH,6,1.0,0.33,0.04925,0.0,0.14300654542640454,297.0,269.0,1153.0,617.0,1135.0
CPS_0512,F3,HIGH,6,1.0,0.12179318132141902,0.42425,0.25,0.2777626192849124,297.0,1577.0,327.0,328.0,328.0
CPS_0511,F2,MODERATE,6,1.34,0.3952206141746329,0.67425,0.4166666666666667,0.5038637427675261,248.0,186.0,252.0,268.0,284.0
CPS_0514,F2,MODERATE,6,1.34,0.14090764496429217,0.67425,0.5,0.46027332403555954,248.0,1540.0,252.0,139.0,293.0
CPS_0513,F2,MODERATE,6,1.34,0.67,0.79925,0.5,0.6359721433144419,248.0,32.0,1.0,139.0,187.0
CPS_0515,F2,HIGH,6,2.0,0.3952206141746329,0.67425,0.4166666666666667,0.5656614955765149,69.0,186.0,252.0,268.0,250.0
CPS_0516,F2,HIGH,6,2.0,0.67,0.79925,0.5,0.6977698961234307,69.0,32.0,1.0,139.0,62.0
CPS_0517,F2,HIGH,6,2.0,0.67,0.79925,0.5,0.6977698961234307,69.0,32.0,1.0,139.0,62.0
CPS_0518,F2,MODERATE,6,1.34,0.05318471007141561,0.54925,0.4166666666666667,0.37555093944570855,248.0,1590.0,306.0,268.0,311.0
CPS_0519,F2,MODERATE,6,1.34,0.05318471007141561,0.67425,0.5833333333333334,0.45888427277904187,248.0,1590.0,252.0,129.0,295.0
CPS_0520,F2,HIGH,6,2.0,0.14090764496429217,0.67425,0.5,0.5220710768445482,69.0,1540.0,252.0,139.0,281.0
CPS_0521,F1,HIGH,6,3.0,0.21030991785715247,0.67425,0.75,0.6957853443598772,1.0,1289.0,252.0,77.0,121.0
CPS_0522,F1,HIGH,6,3.0,0.21030991785715247,0.67425,0.75,0.6957853443598772,1.0,1289.0,252.0,77.0,121.0
CPS_0523,F3,MODERATE,6,0.67,0.33,0.04925,0.0,0.11210766902191016,1525.0,269.0,1153.0,617.0,1592.0
CPS_0524,F3,HIGH,6,1.0,0.33,0.04925,0.0,0.14300654542640454,297.0,269.0,1153.0,617.0,1135.0
CPS_0525,F3,HIGH,6,1.0,0.33,0.04925,0.0,0.14300654542640454,297.0,269.0,1153.0,617.0,1135.0
CPS_0526,F3,HIGH,6,1.0,0.33,0.04925,0.0,0.14300654542640454,297.0,269.0,1153.0,617.0,1135.0
CPS_0527,F3,HIGH,6,1.0,0.33,0.04925,0.0,0.14300654542640454,297.0,269.0,1153.0,617.0,1135.0
CPS_0528,F3,HIGH,6,1.0,0.33,0.04925,0.0,0.14300654542640454,297.0,269.0,1153.0,617.0,1135.0
CPS_0530,F3,HIGH,6,1.0,0.33,0.04925,0.0,0.14300654542640454,297.0,269.0,1153.0,617.0,1135.0
CPS_0529,F3,HIGH,6,1.0,0.33,0.04925,0.0,0.14300654542640454,297.0,269.0,1153.0,617.0,1135.0
CPS_0531,F3,HIGH,6,1.0,0.33,0.04925,0.0,0.14300654542640454,297.0,269.0,1153.0,617.0,1135.0
CPS_0532,F3,HIGH,6,1.0,0.33,0.04925,0.0,0.14300654542640454,297.0,269.0,1153.0,617.0,1135.0
CPS_0533,F3,HIGH,6,1.0,0.33,0.04925,0.0,0.14300654542640454,297.0,269.0,1153.0,617.0,1135.0
CPS_0534,F3,HIGH,6,1.0,0.33,0.04925,0.0,0.14300654542640454,297.0,269.0,1153.0,617.0,1135.0
CPS_0535,F3,HIGH,6,1.0,0.33,0.04925,0.0,0.14300654542640454,297.0,269.0,1153.0,617.0,1135.0
CPS_0536,F3,HIGH,6,1.0,0.33,0.04925,0.0,0.14300654542640454,297.0,269.0,1153.0,617.0,1135.0
CPS_0538,F3,HIGH,6,1.0,0.33,0.04925,0.0,0.14300654542640454,297.0,269.0,1153.0,617.0,1135.0
CPS_0537,F3,HIGH,6,1.0,0.33,0.04925,0.0,0.14300654542640454,297.0,269.0,1153.0,617.0,1135.0
CPS_0539,F3,HIGH,6,1.0,0.33,0.04925,0.0,0.14300654542640454,297.0,269.0,1153.0,617.0,1135.0
CPS_0540,F3,HIGH,6,1.0,0.33,0.04925,0.0,0.14300654542640454,297.0,269.0,1153.0,617.0,1135.0
CPS_0541,F3,HIGH,6,1.0,0.33,0.04925,0.0,0.14300654542640454,297.0,269.0,1153.0,617.0,1135.0
CPS_0542,F3,HIGH,6,1.0,0.33,0.04925,0.0,0.14300654542640454,297.0,269.0,1153.0,617.0,1135.0
CPS_0543,F3,HIGH,6,1.0,0.33,0.04925,0.0,0.14300654542640454,297.0,269.0,1153.0,617.0,1135.0
CPS_0544,F3,HIGH,6,1.0,0.33,0.04925,0.0,0.14300654542640454,297.0,269.0,1153.0,617.0,1135.0
CPS_0545,F3,HIGH,6,1.0,0.33,0.04925,0.0,0.14300654542640454,297.0,269.0,1153.0,617.0,1135.0
CPS_0546,F3,HIGH,6,1.0,0.33,0.04925,0.0,0.14300654542640454,297.0,269.0,1153.0,617.0,1135.0
CPS_0547,F3,HIGH,6,1.0,0.33,0.04925,0.0,0.14300654542640454,297.0,269.0,1153.0,617.0,1135.0
CPS_0548,F3,HIGH,6,1.0,0.33,0.04925,0.0,0.14300654542640454,297.0,269.0,1153.0,617.0,1135.0
CPS_0549,F3,HIGH,6,1.0,0.33,0.04925,0.0,0.14300654542640454,297.0,269.0,1153.0,617.0,1135.0
CPS_0550,F3,HIGH,6,1.0,0.33,0.04925,0.0,0.14300654542640454,297.0,269.0,1153.0,617.0,1135.0
CPS_0551,F3,HIGH,6,1.0,0.33,0.04925,0.0,0.14300654542640454,297.0,269.0,1153.0,617.0,1135.0
CPS_0552,F3,HIGH,6,1.0,0.33,0.04925,0.0,0.14300654542640454,297.0,269.0,1153.0,617.0,1135.0
CPS_0553,F3,HIGH,6,1.0,0.33,0.04925,0.0,0.14300654542640454,297.0,269.0,1153.0,617.0,1135.0
CPS_0554,F3,HIGH,6,1.0,0.33,0.04925,0.0,0.14300654542640454,297.0,269.0,1153.0,617.0,1135.0
CPS_0555,F3,HIGH,6,1.0,0.33,0.04925,0.0,0.14300654542640454,297.0,269.0,1153.0,617.0,1135.0
CPS_0557,F3,HIGH,6,1.0,0.33,0.04925,0.0,0.14300654542640454,297.0,269.0,1153.0,617.0,1135.0
CPS_0556,F3,HIGH,6,1.0,0.33,0.04925,0.0,0.14300654542640454,297.0,269.0,1153.0,617.0,1135.0
CPS_0558,F3,HIGH,6,1.0,0.33,0.04925,0.0,0.14300654542640454,297.0,269.0,1153.0,617.0,1135.0
CPS_0560,F3,HIGH,6,1.0,0.33,0.04925,0.0,0.14300654542640454,297.0,269.0,1153.0,617.0,1135.0
CPS_0561,F3,HIGH,6,1.0,0.33,0.04925,0.0,0.14300654542640454,297.0,269.0,1153.0,617.0,1135.0
CPS_0559,F3,HIGH,6,1.0,0.33,0.04925,0.0,0.14300654542640454,297.0,269.0,1153.0,617.0,1135.0
CPS_0564,F3,HIGH,6,1.0,0.33,0.04925,0.0,0.14300654542640454,297.0,269.0,1153.0,617.0,1135.0
CPS_0562,F3,HIGH,6,1.0,0.33,0.04925,0.0,0.14300654542640454,297.0,269.0,1153.0,617.0,1135.0
CPS_0563,F3,HIGH,6,1.0,0.33,0.04925,0.0,0.14300654542640454,297.0,269.0,1153.0,617.0,1135.0
CPS_0566,F3,HIGH,6,1.0,0.33,0.04925,0.0,0.14300654542640454,297.0,269.0,1153.0,617.0,1135.0
CPS_0565,F3,HIGH,6,1.0,0.33,0.04925,0.0,0.14300654542640454,297.0,269.0,1153.0,617.0,1135.0
CPS_0567,F3,HIGH,6,1.0,0.33,0.04925,0.0,0.14300654542640454,297.0,269.0,1153.0,617.0,1135.0
CPS_0568,F3,HIGH,6,1.0,0.33,0.04925,0.0,0.14300654542640454,297.0,269.0,1153.0,617.0,1135.0
CPS_0569,F3,HIGH,6,1.0,0.33,0.04925,0.0,0.14300654542640454,297.0,269.0,1153.0,617.0,1135.0
CPS_0570,F3,HIGH,6,1.0,0.33,0.04925,0.0,0.14300654542640454,297.0,269.0,1153.0,617.0,1135.0
CPS_0571,F2,MODERATE,6,1.34,0.28181528992858434,0.54925,0.3333333333333333,0.4126353750606097,248.0,1251.0,306.0,311.0,301.0
CPS_0572,F3,HIGH,6,1.0,0.33,0.04925,0.0,0.14300654542640454,297.0,269.0,1153.0,617.0,1135.0
CPS_0573,F3,HIGH,6,1.0,0.33,0.04925,0.0,0.14300654542640454,297.0,269.0,1153.0,617.0,1135.0
CPS_0574,F3,MODERATE,6,0.67,0.12179318132141902,0.42425,0.25,0.24686374288041807,1525.0,1577.0,327.0,328.0,340.0
CPS_0575,F3,HIGH,6,1.0,0.33,0.04925,0.0,0.14300654542640454,297.0,269.0,1153.0,617.0,1135.0
CPS_0576,F3,HIGH,6,1.0,0.33,0.04925,0.0,0.14300654542640454,297.0,269.0,1153.0,617.0,1135.0
CPS_0577,F3,HIGH,6,1.0,0.33,0.04925,0.0,0.14300654542640454,297.0,269.0,1153.0,617.0,1135.0
CPS_0578,F3,HIGH,6,1.0,0.19466089951884902,0.17425000000000002,0.08333333333333333,0.1712218108286699,297.0,1291.0,460.0,462.0,457.0
CPS_0579,F3,HIGH,6,1.0,0.19466089951884902,0.17425000000000002,0.08333333333333333,0.1712218108286699,297.0,1291.0,460.0,462.0,457.0
CPS_0580,F3,HIGH,6,1.0,0.19466089951884902,0.17425000000000002,0.08333333333333333,0.1712218108286699,297.0,1291.0,460.0,462.0,457.0
CPS_0581,F3,HIGH,6,1.0,0.19466089951884902,0.17425000000000002,0.08333333333333333,0.1712218108286699,297.0,1291.0,460.0,462.0,457.0
CPS_0582,F3,HIGH,6,1.0,0.19466089951884902,0.17425000000000002,0.08333333333333333,0.1712218108286699,297.0,1291.0,460.0,462.0,457.0
CPS_0583,F3,HIGH,6,1.0,0.19466089951884902,0.17425000000000002,0.08333333333333333,0.1712218108286699,297.0,1291.0,460.0,462.0,457.0
CPS_0584,F3,HIGH,6,1.0,0.19466089951884902,0.17425000000000002,0.08333333333333333,0.1712218108286699,297.0,1291.0,460.0,462.0,457.0
CPS_0585,F3,HIGH,6,1.0,0.19466089951884902,0.17425000000000002,0.08333333333333333,0.1712218108286699,297.0,1291.0,460.0,462.0,457.0
CPS_0586,F3,HIGH,6,1.0,0.19466089951884902,0.17425000000000002,0.08333333333333333,0.1712218108286699,297.0,1291.0,460.0,462.0,457.0
CPS_0588,F3,HIGH,6,1.0,0.19466089951884902,0.17425000000000002,0.08333333333333333,0.1712218108286699,297.0,1291.0,460.0,462.0,457.0
CPS_0587,F3,HIGH,6,1.0,0.19466089951884902,0.17425000000000002,0.08333333333333333,0.1712218108286699,297.0,1291.0,460.0,462.0,457.0
CPS_0589,F3,HIGH,6,1.0,0.19466089951884902,0.17425000000000002,0.08333333333333333,0.1712218108286699,297.0,1291.0,460.0,462.0,457.0
CPS_0590,F3,HIGH,6,1.0,0.19466089951884902,0.17425000000000002,0.08333333333333333,0.1712218108286699,297.0,1291.0,460.0,462.0,457.0
CPS_0591,F3,HIGH,6,1.0,0.19466089951884902,0.17425000000000002,0.08333333333333333,0.1712218108286699,297.0,1291.0,460.0,462.0,457.0
CPS_0592,F3,HIGH,6,1.0,0.19466089951884902,0.17425000000000002,0.08333333333333333,0.1712218108286699,297.0,1291.0,460.0,462.0,457.0
CPS_0593,F3,HIGH,6,1.0,0.19466089951884902,0.17425000000000002,0.08333333333333333,0.1712218108286699,297.0,1291.0,460.0,462.0,457.0
CPS_0594,F3,HIGH,6,1.0,0.19466089951884902,0.17425000000000002,0.08333333333333333,0.1712218108286699,297.0,1291.0,460.0,462.0,457.0
CPS_0595,F3,HIGH,6,1.0,0.19466089951884902,0.17425000000000002,0.08333333333333333,0.1712218108286699,297.0,1291.0,460.0,462.0,457.0
CPS_0596,F3,HIGH,6,1.0,0.19466089951884902,0.17425000000000002,0.08333333333333333,0.1712218108286699,297.0,1291.0,460.0,462.0,457.0
CPS_0597,F3,HIGH,6,1.0,0.19466089951884902,0.17425000000000002,0.08333333333333333,0.1712218108286699,297.0,1291.0,460.0,462.0,457.0
CPS_0598,F3,HIGH,6,1.0,0.33,0.04925,0.0,0.14300654542640454,297.0,269.0,1153.0,617.0,1135.0
CPS_0600,F3,HIGH,6,1.0,0.33,0.04925,0.0,0.14300654542640454,297.0,269.0,1153.0,617.0,1135.0
CPS_0599,F3,HIGH,6,1.0,0.33,0.04925,0.0,0.14300654542640454,297.0,269.0,1153.0,617.0,1135.0
CPS_0602,F3,HIGH,6,1.0,0.33,0.04925,0.0,0.14300654542640454,297.0,269.0,1153.0,617.0,1135.0
CPS_0601,F3,HIGH,6,1.0,0.33,0.04925,0.0,0.14300654542640454,297.0,269.0,1153.0,617.0,1135.0
CPS_0603,F3,HIGH,6,1.0,0.33,0.04925,0.0,0.14300654542640454,297.0,269.0,1153.0,617.0,1135.0
CPS_0605,F3,HIGH,6,1.0,0.33,0.04925,0.0,0.14300654542640454,297.0,269.0,1153.0,617.0,1135.0
CPS_0606,F3,HIGH,6,1.0,0.33,0.04925,0.0,0.14300654542640454,297.0,269.0,1153.0,617.0,1135.0
CPS_0604,F3,HIGH,6,1.0,0.33,0.04925,0.0,0.14300654542640454,297.0,269.0,1153.0,617.0,1135.0
CPS_0608,F3,HIGH,6,1.0,0.33,0.04925,0.0,0.14300654542640454,297.0,269.0,1153.0,617.0,1135.0
CPS_0609,F3,HIGH,6,1.0,0.33,0.04925,0.0,0.14300654542640454,297.0,269.0,1153.0,617.0,1135.0
CPS_0607,F3,HIGH,6,1.0,0.33,0.04925,0.0,0.14300654542640454,297.0,269.0,1153.0,617.0,1135.0
CPS_0610,F3,HIGH,6,1.0,0.33,0.04925,0.0,0.14300654542640454,297.0,269.0,1153.0,617.0,1135.0
CPS_0612,F3,HIGH,6,1.0,0.33,0.04925,0.0,0.14300654542640454,297.0,269.0,1153.0,617.0,1135.0
CPS_0611,F3,HIGH,6,1.0,0.33,0.04925,0.0,0.14300654542640454,297.0,269.0,1153.0,617.0,1135.0
CPS_0613,F3,HIGH,6,1.0,0.33,0.04925,0.0,0.14300654542640454,297.0,269.0,1153.0,617.0,1135.0
CPS_0615,F3,HIGH,6,1.0,0.33,0.04925,0.0,0.14300654542640454,297.0,269.0,1153.0,617.0,1135.0
CPS_0614,F3,HIGH,6,1.0,0.33,0.04925,0.0,0.14300654542640454,297.0,269.0,1153.0,617.0,1135.0
CPS_0616,F3,HIGH,6,1.0,0.33,0.04925,0.0,0.14300654542640454,297.0,269.0,1153.0,617.0,1135.0
CPS_0617,F3,HIGH,6,1.0,0.33,0.04925,0.0,0.14300654542640454,297.0,269.0,1153.0,617.0,1135.0
CPS_0618,F3,HIGH,6,1.0,0.33,0.04925,0.0,0.14300654542640454,297.0,269.0,1153.0,617.0,1135.0
CPS_0619,F3,HIGH,6,1.0,0.33,0.04925,0.0,0.14300654542640454,297.0,269.0,1153.0,617.0,1135.0
CPS_0621,F3,HIGH,6,1.0,0.33,0.04925,0.0,0.14300654542640454,297.0,269.0,1153.0,617.0,1135.0
CPS_0620,F3,HIGH,6,1.0,0.33,0.04925,0.0,0.14300654542640454,297.0,269.0,1153.0,617.0,1135.0
CPS_0624,F3,HIGH,6,1.0,0.33,0.04925,0.0,0.14300654542640454,297.0,269.0,1153.0,617.0,1135.0
CPS_0622,F3,HIGH,6,1.0,0.33,0.04925,0.0,0.14300654542640454,297.0,269.0,1153.0,617.0,1135.0
CPS_0623,F3,HIGH,6,1.0,0.33,0.04925,0.0,0.14300654542640454,297.0,269.0,1153.0,617.0,1135.0
CPS_0626,F3,HIGH,6,1.0,0.33,0.04925,0.0,0.14300654542640454,297.0,269.0,1153.0,617.0,1135.0
CPS_0627,F3,HIGH,6,1.0,0.33,0.04925,0.0,0.14300654542640454,297.0,269.0,1153.0,617.0,1135.0
CPS_0625,F3,HIGH,6,1.0,0.33,0.04925,0.0,0.14300654542640454,297.0,269.0,1153.0,617.0,1135.0
CPS_0629,F3,HIGH,6,1.0,0.19466089951884902,0.17425000000000002,0.08333333333333333,0.1712218108286699,297.0,1291.0,460.0,462.0,457.0
CPS_0630,F3,HIGH,6,1.0,0.19466089951884902,0.17425000000000002,0.08333333333333333,0.1712218108286699,297.0,1291.0,460.0,462.0,457.0
CPS_0628,F3,HIGH,6,1.0,0.19466089951884902,0.17425000000000002,0.08333333333333333,0.1712218108286699,297.0,1291.0,460.0,462.0,457.0
CPS_0631,F3,HIGH,6,1.0,0.19466089951884902,0.17425000000000002,0.08333333333333333,0.1712218108286699,297.0,1291.0,460.0,462.0,457.0
CPS_0632,F3,HIGH,6,1.0,0.19466089951884902,0.17425000000000002,0.08333333333333333,0.1712218108286699,297.0,1291.0,460.0,462.0,457.0
CPS_0633,F3,HIGH,6,1.0,0.19466089951884902,0.17425000000000002,0.08333333333333333,0.1712218108286699,297.0,1291.0,460.0,462.0,457.0
CPS_0634,F3,HIGH,6,1.0,0.19466089951884902,0.17425000000000002,0.08333333333333333,0.1712218108286699,297.0,1291.0,460.0,462.0,457.0
CPS_0635,F3,HIGH,6,1.0,0.19466089951884902,0.17425000000000002,0.08333333333333333,0.1712218108286699,297.0,1291.0,460.0,462.0,457.0
CPS_0636,F3,HIGH,6,1.0,0.19466089951884902,0.17425000000000002,0.08333333333333333,0.1712218108286699,297.0,1291.0,460.0,462.0,457.0
CPS_0637,F3,HIGH,6,1.0,0.19466089951884902,0.17425000000000002,0.08333333333333333,0.1712218108286699,297.0,1291.0,460.0,462.0,457.0
CPS_0638,F3,HIGH,6,1.0,0.33,0.04925,0.0,0.14300654542640454,297.0,269.0,1153.0,617.0,1135.0
CPS_0639,F3,HIGH,6,1.0,0.33,0.04925,0.0,0.14300654542640454,297.0,269.0,1153.0,617.0,1135.0
CPS_0640,F3,HIGH,6,1.0,0.19466089951884902,0.17425000000000002,0.08333333333333333,0.1712218108286699,297.0,1291.0,460.0,462.0,457.0
CPS_0641,F3,HIGH,6,1.0,0.33,0.04925,0.0,0.14300654542640454,297.0,269.0,1153.0,617.0,1135.0
CPS_0642,F3,HIGH,6,1.0,0.33,0.04925,0.0,0.14300654542640454,297.0,269.0,1153.0,617.0,1135.0
CPS_0643,F3,HIGH,6,1.0,0.33,0.04925,0.0,0.14300654542640454,297.0,269.0,1153.0,617.0,1135.0
CPS_0644,F3,HIGH,6,1.0,0.33,0.04925,0.0,0.14300654542640454,297.0,269.0,1153.0,617.0,1135.0
CPS_0645,F3,HIGH,6,1.0,0.33,0.04925,0.0,0.14300654542640454,297.0,269.0,1153.0,617.0,1135.0
CPS_0647,F3,HIGH,6,1.0,0.33,0.04925,0.0,0.14300654542640454,297.0,269.0,1153.0,617.0,1135.0
CPS_0646,F3,MODERATE,6,0.67,0.12179318132141902,0.42425,0.25,0.24686374288041807,1525.0,1577.0,327.0,328.0,340.0
CPS_0648,F3,HIGH,6,1.0,0.19466089951884902,0.17425000000000002,0.08333333333333333,0.1712218108286699,297.0,1291.0,460.0,462.0,457.0
CPS_0649,F3,HIGH,6,1.0,0.19466089951884902,0.17425000000000002,0.08333333333333333,0.1712218108286699,297.0,1291.0,460.0,462.0,457.0
CPS_0651,F3,HIGH,6,1.0,0.19466089951884902,0.17425000000000002,0.08333333333333333,0.1712218108286699,297.0,1291.0,460.0,462.0,457.0
CPS_0650,F3,HIGH,6,1.0,0.19466089951884902,0.17425000000000002,0.08333333333333333,0.1712218108286699,297.0,1291.0,460.0,462.0,457.0
CPS_0653,F3,HIGH,6,1.0,0.19466089951884902,0.17425000000000002,0.08333333333333333,0.1712218108286699,297.0,1291.0,460.0,462.0,457.0
CPS_0654,F3,HIGH,6,1.0,0.19466089951884902,0.17425000000000002,0.08333333333333333,0.1712218108286699,297.0,1291.0,460.0,462.0,457.0
CPS_0652,F3,HIGH,6,1.0,0.19466089951884902,0.17425000000000002,0.08333333333333333,0.1712218108286699,297.0,1291.0,460.0,462.0,457.0
CPS_0655,F3,HIGH,6,1.0,0.19466089951884902,0.17425000000000002,0.08333333333333333,0.1712218108286699,297.0,1291.0,460.0,462.0,457.0
CPS_0657,F3,HIGH,6,1.0,0.19466089951884902,0.17425000000000002,0.08333333333333333,0.1712218108286699,297.0,1291.0,460.0,462.0,457.0
CPS_0656,F3,HIGH,6,1.0,0.19466089951884902,0.17425000000000002,0.08333333333333333,0.1712218108286699,297.0,1291.0,460.0,462.0,457.0
CPS_0658,F3,HIGH,6,1.0,0.33,0.04925,0.0,0.14300654542640454,297.0,269.0,1153.0,617.0,1135.0
CPS_0659,F3,HIGH,6,1.0,0.33,0.04925,0.0,0.14300654542640454,297.0,269.0,1153.0,617.0,1135.0
CPS_0660,F3,HIGH,6,1.0,0.33,0.04925,0.0,0.14300654542640454,297.0,269.0,1153.0,617.0,1135.0
CPS_0661,F3,HIGH,6,1.0,0.12179318132141902,0.42425,0.25,0.2777626192849124,297.0,1577.0,327.0,328.0,328.0
CPS_0663,F3,HIGH,6,1.0,0.33,0.04925,0.0,0.14300654542640454,297.0,269.0,1153.0,617.0,1135.0
CPS_0662,F3,HIGH,6,1.0,0.33,0.04925,0.0,0.14300654542640454,297.0,269.0,1153.0,617.0,1135.0
CPS_0665,F3,HIGH,6,1.0,0.33,0.04925,0.0,0.14300654542640454,297.0,269.0,1153.0,617.0,1135.0
CPS_0666,F3,HIGH,6,1.0,0.33,0.04925,0.0,0.14300654542640454,297.0,269.0,1153.0,617.0,1135.0
CPS_0664,F3,HIGH,6,1.0,0.33,0.04925,0.0,0.14300654542640454,297.0,269.0,1153.0,617.0,1135.0
CPS_0667,F3,HIGH,6,1.0,0.33,0.04925,0.0,0.14300654542640454,297.0,269.0,1153.0,617.0,1135.0
CPS_0668,F3,HIGH,6,1.0,0.33,0.04925,0.0,0.14300654542640454,297.0,269.0,1153.0,617.0,1135.0
CPS_0669,F3,HIGH,6,1.0,0.33,0.04925,0.0,0.14300654542640454,297.0,269.0,1153.0,617.0,1135.0
CPS_0671,F3,HIGH,6,1.0,0.33,0.04925,0.0,0.14300654542640454,297.0,269.0,1153.0,617.0,1135.0
CPS_0670,F2,HIGH,6,2.0,0.67,0.79925,0.5,0.6977698961234307,69.0,32.0,1.0,139.0,62.0
CPS_0672,F3,HIGH,6,1.0,0.33,0.04925,0.0,0.14300654542640454,297.0,269.0,1153.0,617.0,1135.0
CPS_0674,F3,HIGH,6,1.0,0.33,0.04925,0.0,0.14300654542640454,297.0,269.0,1153.0,617.0,1135.0
CPS_0673,F2,MODERATE,6,1.34,0.3952206141746329,0.67425,0.4166666666666667,0.5038637427675261,248.0,186.0,252.0,268.0,284.0
CPS_0675,F3,HIGH,6,1.0,0.33,0.04925,0.0,0.14300654542640454,297.0,269.0,1153.0,617.0,1135.0
CPS_0676,F2,HIGH,6,2.0,0.67,0.79925,0.5,0.6977698961234307,69.0,32.0,1.0,139.0,62.0
CPS_0677,F3,HIGH,6,1.0,0.33,0.04925,0.0,0.14300654542640454,297.0,269.0,1153.0,617.0,1135.0
CPS_0678,F3,HIGH,6,1.0,0.19466089951884902,0.17425000000000002,0.08333333333333333,0.1712218108286699,297.0,1291.0,460.0,462.0,457.0
CPS_0679,F3,HIGH,6,1.0,0.19466089951884902,0.17425000000000002,0.08333333333333333,0.1712218108286699,297.0,1291.0,460.0,462.0,457.0
CPS_0680,F3,HIGH,6,1.0,0.19466089951884902,0.17425000000000002,0.08333333333333333,0.1712218108286699,297.0,1291.0,460.0,462.0,457.0
CPS_0681,F3,HIGH,6,1.0,0.19466089951884902,0.17425000000000002,0.08333333333333333,0.1712218108286699,297.0,1291.0,460.0,462.0,457.0
CPS_0683,F3,HIGH,6,1.0,0.19466089951884902,0.17425000000000002,0.08333333333333333,0.1712218108286699,297.0,1291.0,460.0,462.0,457.0
CPS_0682,F3,HIGH,6,1.0,0.19466089951884902,0.17425000000000002,0.08333333333333333,0.1712218108286699,297.0,1291.0,460.0,462.0,457.0
CPS_0684,F3,HIGH,6,1.0,0.19466089951884902,0.17425000000000002,0.08333333333333333,0.1712218108286699,297.0,1291.0,460.0,462.0,457.0
CPS_0685,F3,HIGH,6,1.0,0.19466089951884902,0.17425000000000002,0.08333333333333333,0.1712218108286699,297.0,1291.0,460.0,462.0,457.0
CPS_0686,F3,HIGH,6,1.0,0.19466089951884902,0.17425000000000002,0.08333333333333333,0.1712218108286699,297.0,1291.0,460.0,462.0,457.0
CPS_0689,F3,HIGH,6,1.0,0.33,0.04925,0.0,0.14300654542640454,297.0,269.0,1153.0,617.0,1135.0
CPS_0688,F3,HIGH,6,1.0,0.33,0.04925,0.0,0.14300654542640454,297.0,269.0,1153.0,617.0,1135.0
CPS_0687,F3,HIGH,6,1.0,0.19466089951884902,0.17425000000000002,0.08333333333333333,0.1712218108286699,297.0,1291.0,460.0,462.0,457.0
CPS_0691,F3,HIGH,6,1.0,0.33,0.04925,0.0,0.14300654542640454,297.0,269.0,1153.0,617.0,1135.0
CPS_0690,F3,HIGH,6,1.0,0.33,0.04925,0.0,0.14300654542640454,297.0,269.0,1153.0,617.0,1135.0
CPS_0692,F3,HIGH,6,1.0,0.33,0.04925,0.0,0.14300654542640454,297.0,269.0,1153.0,617.0,1135.0
CPS_0693,F3,HIGH,6,1.0,0.33,0.04925,0.0,0.14300654542640454,297.0,269.0,1153.0,617.0,1135.0
CPS_0694,F3,HIGH,6,1.0,0.33,0.04925,0.0,0.14300654542640454,297.0,269.0,1153.0,617.0,1135.0
CPS_0695,F3,HIGH,6,1.0,0.33,0.04925,0.0,0.14300654542640454,297.0,269.0,1153.0,617.0,1135.0
CPS_0696,F3,HIGH,6,1.0,0.33,0.04925,0.0,0.14300654542640454,297.0,269.0,1153.0,617.0,1135.0
CPS_0697,F3,HIGH,6,1.0,0.33,0.04925,0.0,0.14300654542640454,297.0,269.0,1153.0,617.0,1135.0
CPS_0698,F3,HIGH,6,1.0,0.33,0.04925,0.0,0.14300654542640454,297.0,269.0,1153.0,617.0,1135.0
CPS_0699,F3,HIGH,6,1.0,0.33,0.04925,0.0,0.14300654542640454,297.0,269.0,1153.0,617.0,1135.0
CPS_0700,F3,HIGH,6,1.0,0.33,0.04925,0.0,0.14300654542640454,297.0,269.0,1153.0,617.0,1135.0
CPS_0701,F3,HIGH,6,1.0,0.33,0.04925,0.0,0.14300654542640454,297.0,269.0,1153.0,617.0,1135.0
CPS_0702,F3,HIGH,6,1.0,0.33,0.04925,0.0,0.14300654542640454,297.0,269.0,1153.0,617.0,1135.0
CPS_0704,F3,HIGH,6,1.0,0.33,0.04925,0.0,0.14300654542640454,297.0,269.0,1153.0,617.0,1135.0
CPS_0703,F3,HIGH,6,1.0,0.33,0.04925,0.0,0.14300654542640454,297.0,269.0,1153.0,617.0,1135.0
CPS_0705,F3,HIGH,6,1.0,0.33,0.04925,0.0,0.14300654542640454,297.0,269.0,1153.0,617.0,1135.0
CPS_0707,F3,HIGH,6,1.0,0.33,0.04925,0.0,0.14300654542640454,297.0,269.0,1153.0,617.0,1135.0
CPS_0706,F3,HIGH,6,1.0,0.33,0.04925,0.0,0.14300654542640454,297.0,269.0,1153.0,617.0,1135.0
CPS_0708,F3,HIGH,6,1.0,0.19466089951884902,0.17425000000000002,0.08333333333333333,0.1712218108286699,297.0,1291.0,460.0,462.0,457.0
CPS_0711,F3,HIGH,6,1.0,0.19466089951884902,0.17425000000000002,0.08333333333333333,0.1712218108286699,297.0,1291.0,460.0,462.0,457.0
CPS_0709,F3,HIGH,6,1.0,0.19466089951884902,0.17425000000000002,0.08333333333333333,0.1712218108286699,297.0,1291.0,460.0,462.0,457.0
CPS_0710,F3,HIGH,6,1.0,0.19466089951884902,0.17425000000000002,0.08333333333333333,0.1712218108286699,297.0,1291.0,460.0,462.0,457.0
CPS_0714,F3,HIGH,6,1.0,0.19466089951884902,0.17425000000000002,0.08333333333333333,0.1712218108286699,297.0,1291.0,460.0,462.0,457.0
CPS_0713,F3,HIGH,6,1.0,0.19466089951884902,0.17425000000000002,0.08333333333333333,0.1712218108286699,297.0,1291.0,460.0,462.0,457.0
CPS_0712,F3,HIGH,6,1.0,0.19466089951884902,0.17425000000000002,0.08333333333333333,0.1712218108286699,297.0,1291.0,460.0,462.0,457.0
CPS_0715,F3,HIGH,6,1.0,0.19466089951884902,0.17425000000000002,0.08333333333333333,0.1712218108286699,297.0,1291.0,460.0,462.0,457.0
CPS_0716,F3,HIGH,6,1.0,0.19466089951884902,0.17425000000000002,0.08333333333333333,0.1712218108286699,297.0,1291.0,460.0,462.0,457.0
CPS_0717,F3,HIGH,6,1.0,0.19466089951884902,0.17425000000000002,0.08333333333333333,0.1712218108286699,297.0,1291.0,460.0,462.0,457.0
CPS_0718,F3,HIGH,6,1.0,0.19466089951884902,0.17425000000000002,0.08333333333333333,0.1712218108286699,297.0,1291.0,460.0,462.0,457.0
CPS_0720,F3,HIGH,6,1.0,0.19466089951884902,0.17425000000000002,0.08333333333333333,0.1712218108286699,297.0,1291.0,460.0,462.0,457.0
CPS_0719,F3,HIGH,6,1.0,0.19466089951884902,0.17425000000000002,0.08333333333333333,0.1712218108286699,297.0,1291.0,460.0,462.0,457.0
CPS_0721,F3,HIGH,6,1.0,0.19466089951884902,0.17425000000000002,0.08333333333333333,0.1712218108286699,297.0,1291.0,460.0,462.0,457.0
CPS_0722,F3,HIGH,6,1.0,0.19466089951884902,0.17425000000000002,0.08333333333333333,0.1712218108286699,297.0,1291.0,460.0,462.0,457.0
CPS_0723,F3,HIGH,6,1.0,0.19466089951884902,0.17425000000000002,0.08333333333333333,0.1712218108286699,297.0,1291.0,460.0,462.0,457.0
CPS_0724,F3,HIGH,6,1.0,0.19466089951884902,0.17425000000000002,0.08333333333333333,0.1712218108286699,297.0,1291.0,460.0,462.0,457.0
CPS_0725,F3,HIGH,6,1.0,0.19466089951884902,0.17425000000000002,0.08333333333333333,0.1712218108286699,297.0,1291.0,460.0,462.0,457.0
CPS_0726,F3,HIGH,6,1.0,0.19466089951884902,0.17425000000000002,0.08333333333333333,0.1712218108286699,297.0,1291.0,460.0,462.0,457.0
CPS_0727,F3,HIGH,6,1.0,0.19466089951884902,0.17425000000000002,0.08333333333333333,0.1712218108286699,297.0,1291.0,460.0,462.0,457.0
CPS_0728,F3,HIGH,6,1.0,0.33,0.04925,0.0,0.14300654542640454,297.0,269.0,1153.0,617.0,1135.0
CPS_0729,F3,HIGH,6,1.0,0.33,0.04925,0.0,0.14300654542640454,297.0,269.0,1153.0,617.0,1135.0
CPS_0730,F3,HIGH,6,1.0,0.33,0.04925,0.0,0.14300654542640454,297.0,269.0,1153.0,617.0,1135.0
CPS_0731,F3,HIGH,6,1.0,0.33,0.04925,0.0,0.14300654542640454,297.0,269.0,1153.0,617.0,1135.0
CPS_0732,F3,HIGH,6,1.0,0.33,0.04925,0.0,0.14300654542640454,297.0,269.0,1153.0,617.0,1135.0
CPS_0733,F2,MODERATE,6,1.34,0.28181528992858434,0.54925,0.3333333333333333,0.4126353750606097,248.0,1251.0,306.0,311.0,301.0
CPS_0734,F3,HIGH,6,1.0,0.33,0.04925,0.0,0.14300654542640454,297.0,269.0,1153.0,617.0,1135.0
CPS_0735,F3,HIGH,6,1.0,0.33,0.04925,0.0,0.14300654542640454,297.0,269.0,1153.0,617.0,1135.0
CPS_0736,F3,HIGH,6,1.0,0.33,0.04925,0.0,0.14300654542640454,297.0,269.0,1153.0,617.0,1135.0
CPS_0737,F3,HIGH,6,1.0,0.33,0.04925,0.0,0.14300654542640454,297.0,269.0,1153.0,617.0,1135.0
CPS_0739,F3,HIGH,6,1.0,0.19466089951884902,0.17425000000000002,0.08333333333333333,0.1712218108286699,297.0,1291.0,460.0,462.0,457.0
CPS_0738,F3,HIGH,6,1.0,0.12179318132141902,0.42425,0.25,0.2777626192849124,297.0,1577.0,327.0,328.0,328.0
CPS_0740,F3,HIGH,6,1.0,0.19466089951884902,0.17425000000000002,0.08333333333333333,0.1712218108286699,297.0,1291.0,460.0,462.0,457.0
CPS_0741,F3,HIGH,6,1.0,0.19466089951884902,0.17425000000000002,0.08333333333333333,0.1712218108286699,297.0,1291.0,460.0,462.0,457.0
CPS_0742,F3,HIGH,6,1.0,0.19466089951884902,0.17425000000000002,0.08333333333333333,0.1712218108286699,297.0,1291.0,460.0,462.0,457.0
CPS_0743,F3,HIGH,6,1.0,0.19466089951884902,0.17425000000000002,0.08333333333333333,0.1712218108286699,297.0,1291.0,460.0,462.0,457.0
CPS_0744,F3,HIGH,6,1.0,0.19466089951884902,0.17425000000000002,0.08333333333333333,0.1712218108286699,297.0,1291.0,460.0,462.0,457.0
CPS_0745,F3,HIGH,6,1.0,0.19466089951884902,0.17425000000000002,0.08333333333333333,0.1712218108286699,297.0,1291.0,460.0,462.0,457.0
CPS_0746,F3,HIGH,6,1.0,0.19466089951884902,0.17425000000000002,0.08333333333333333,0.1712218108286699,297.0,1291.0,460.0,462.0,457.0
CPS_0747,F3,HIGH,6,1.0,0.19466089951884902,0.17425000000000002,0.08333333333333333,0.1712218108286699,297.0,1291.0,460.0,462.0,457.0
CPS_0748,F3,HIGH,6,1.0,0.19466089951884902,0.17425000000000002,0.08333333333333333,0.1712218108286699,297.0,1291.0,460.0,462.0,457.0
CPS_0749,F3,HIGH,6,1.0,0.19466089951884902,0.17425000000000002,0.08333333333333333,0.1712218108286699,297.0,1291.0,460.0,462.0,457.0
CPS_0750,F3,HIGH,6,1.0,0.19466089951884902,0.17425000000000002,0.08333333333333333,0.1712218108286699,297.0,1291.0,460.0,462.0,457.0
CPS_0751,F3,HIGH,6,1.0,0.19466089951884902,0.17425000000000002,0.08333333333333333,0.1712218108286699,297.0,1291.0,460.0,462.0,457.0
CPS_0752,F3,HIGH,6,1.0,0.19466089951884902,0.17425000000000002,0.08333333333333333,0.1712218108286699,297.0,1291.0,460.0,462.0,457.0
CPS_0753,F3,HIGH,6,1.0,0.19466089951884902,0.17425000000000002,0.08333333333333333,0.1712218108286699,297.0,1291.0,460.0,462.0,457.0
CPS_0754,F3,HIGH,6,1.0,0.19466089951884902,0.17425000000000002,0.08333333333333333,0.1712218108286699,297.0,1291.0,460.0,462.0,457.0
CPS_0755,F3,HIGH,6,1.0,0.19466089951884902,0.17425000000000002,0.08333333333333333,0.1712218108286699,297.0,1291.0,460.0,462.0,457.0
CPS_0756,F3,HIGH,6,1.0,0.19466089951884902,0.17425000000000002,0.08333333333333333,0.1712218108286699,297.0,1291.0,460.0,462.0,457.0
CPS_0758,F3,HIGH,6,1.0,0.33,0.04925,0.0,0.14300654542640454,297.0,269.0,1153.0,617.0,1135.0
CPS_0757,F3,HIGH,6,1.0,0.19466089951884902,0.17425000000000002,0.08333333333333333,0.1712218108286699,297.0,1291.0,460.0,462.0,457.0
CPS_0759,F3,HIGH,6,1.0,0.33,0.04925,0.0,0.14300654542640454,297.0,269.0,1153.0,617.0,1135.0
CPS_0760,F3,HIGH,6,1.0,0.33,0.04925,0.0,0.14300654542640454,297.0,269.0,1153.0,617.0,1135.0
CPS_0762,F3,HIGH,6,1.0,0.33,0.04925,0.0,0.14300654542640454,297.0,269.0,1153.0,617.0,1135.0
CPS_0761,F3,HIGH,6,1.0,0.33,0.04925,0.0,0.14300654542640454,297.0,269.0,1153.0,617.0,1135.0
CPS_0763,F3,HIGH,6,1.0,0.33,0.04925,0.0,0.14300654542640454,297.0,269.0,1153.0,617.0,1135.0
CPS_0765,F3,HIGH,6,1.0,0.33,0.04925,0.0,0.14300654542640454,297.0,269.0,1153.0,617.0,1135.0
CPS_0764,F3,HIGH,6,1.0,0.33,0.04925,0.0,0.14300654542640454,297.0,269.0,1153.0,617.0,1135.0
CPS_0766,F3,HIGH,6,1.0,0.33,0.04925,0.0,0.14300654542640454,297.0,269.0,1153.0,617.0,1135.0
CPS_0767,F3,HIGH,6,1.0,0.33,0.04925,0.0,0.14300654542640454,297.0,269.0,1153.0,617.0,1135.0
CPS_0768,F3,HIGH,6,1.0,0.19466089951884902,0.17425000000000002,0.08333333333333333,0.1712218108286699,297.0,1291.0,460.0,462.0,457.0
CPS_0769,F3,HIGH,6,1.0,0.19466089951884902,0.17425000000000002,0.08333333333333333,0.1712218108286699,297.0,1291.0,460.0,462.0,457.0
CPS_0770,F3,HIGH,6,1.0,0.19466089951884902,0.17425000000000002,0.08333333333333333,0.1712218108286699,297.0,1291.0,460.0,462.0,457.0
CPS_0772,F3,HIGH,6,1.0,0.19466089951884902,0.17425000000000002,0.08333333333333333,0.1712218108286699,297.0,1291.0,460.0,462.0,457.0
CPS_0773,F3,HIGH,6,1.0,0.19466089951884902,0.17425000000000002,0.08333333333333333,0.1712218108286699,297.0,1291.0,460.0,462.0,457.0
CPS_0771,F3,HIGH,6,1.0,0.19466089951884902,0.17425000000000002,0.08333333333333333,0.1712218108286699,297.0,1291.0,460.0,462.0,457.0
CPS_0774,F3,HIGH,6,1.0,0.19466089951884902,0.17425000000000002,0.08333333333333333,0.1712218108286699,297.0,1291.0,460.0,462.0,457.0
CPS_0775,F3,HIGH,6,1.0,0.19466089951884902,0.17425000000000002,0.08333333333333333,0.1712218108286699,297.0,1291.0,460.0,462.0,457.0
CPS_0776,F3,HIGH,6,1.0,0.19466089951884902,0.17425000000000002,0.08333333333333333,0.1712218108286699,297.0,1291.0,460.0,462.0,457.0
CPS_0777,F3,HIGH,6,1.0,0.19466089951884902,0.17425000000000002,0.08333333333333333,0.1712218108286699,297.0,1291.0,460.0,462.0,457.0
CPS_0778,F3,HIGH,6,1.0,0.33,0.04925,0.0,0.14300654542640454,297.0,269.0,1153.0,617.0,1135.0
CPS_0779,F3,HIGH,6,1.0,0.33,0.04925,0.0,0.14300654542640454,297.0,269.0,1153.0,617.0,1135.0
CPS_0780,F3,HIGH,6,1.0,0.33,0.04925,0.0,0.14300654542640454,297.0,269.0,1153.0,617.0,1135.0
CPS_0782,F3,HIGH,6,1.0,0.33,0.04925,0.0,0.14300654542640454,297.0,269.0,1153.0,617.0,1135.0
CPS_0781,F3,HIGH,6,1.0,0.33,0.04925,0.0,0.14300654542640454,297.0,269.0,1153.0,617.0,1135.0
CPS_0783,F3,HIGH,6,1.0,0.33,0.04925,0.0,0.14300654542640454,297.0,269.0,1153.0,617.0,1135.0
CPS_0785,F3,HIGH,6,1.0,0.33,0.04925,0.0,0.14300654542640454,297.0,269.0,1153.0,617.0,1135.0
CPS_0784,F3,HIGH,6,1.0,0.33,0.04925,0.0,0.14300654542640454,297.0,269.0,1153.0,617.0,1135.0
CPS_0786,F3,HIGH,6,1.0,0.33,0.04925,0.0,0.14300654542640454,297.0,269.0,1153.0,617.0,1135.0
CPS_0788,F3,HIGH,6,1.0,0.33,0.04925,0.0,0.14300654542640454,297.0,269.0,1153.0,617.0,1135.0
CPS_0787,F3,HIGH,6,1.0,0.33,0.04925,0.0,0.14300654542640454,297.0,269.0,1153.0,617.0,1135.0
CPS_0789,F3,HIGH,5,1.0,0.33,0.056285714285714286,0.0,0.14535178352164263,297.0,269.0,617.0,617.0,609.0
CPS_0791,F3,HIGH,5,1.0,0.33,0.056285714285714286,0.0,0.14535178352164263,297.0,269.0,617.0,617.0,609.0
CPS_0790,F3,HIGH,5,1.0,0.33,0.056285714285714286,0.0,0.14535178352164263,297.0,269.0,617.0,617.0,609.0
CPS_0792,F3,HIGH,5,1.0,0.33,0.056285714285714286,0.0,0.14535178352164263,297.0,269.0,617.0,617.0,609.0
CPS_0794,F3,HIGH,5,1.0,0.33,0.056285714285714286,0.0,0.14535178352164263,297.0,269.0,617.0,617.0,609.0
CPS_0793,F3,HIGH,5,1.0,0.33,0.056285714285714286,0.0,0.14535178352164263,297.0,269.0,617.0,617.0,609.0
CPS_0795,F3,HIGH,5,1.0,0.33,0.056285714285714286,0.0,0.14535178352164263,297.0,269.0,617.0,617.0,609.0
CPS_0796,F3,HIGH,5,1.0,0.33,0.056285714285714286,0.0,0.14535178352164263,297.0,269.0,617.0,617.0,609.0
CPS_0797,F3,HIGH,5,1.0,0.33,0.056285714285714286,0.0,0.14535178352164263,297.0,269.0,617.0,617.0,609.0
CPS_0798,F3,HIGH,5,1.0,0.33,0.056285714285714286,0.0,0.14535178352164263,297.0,269.0,617.0,617.0,609.0
CPS_0799,F3,HIGH,5,1.0,0.33,0.056285714285714286,0.0,0.14535178352164263,297.0,269.0,617.0,617.0,609.0
CPS_0800,F3,HIGH,5,1.0,0.33,0.056285714285714286,0.0,0.14535178352164263,297.0,269.0,617.0,617.0,609.0
CPS_0801,F3,HIGH,5,1.0,0.33,0.056285714285714286,0.0,0.14535178352164263,297.0,269.0,617.0,617.0,609.0
CPS_0802,F3,HIGH,5,1.0,0.33,0.056285714285714286,0.0,0.14535178352164263,297.0,269.0,617.0,617.0,609.0
CPS_0804,F3,HIGH,5,1.0,0.33,0.056285714285714286,0.0,0.14535178352164263,297.0,269.0,617.0,617.0,609.0
CPS_0803,F3,HIGH,5,1.0,0.33,0.056285714285714286,0.0,0.14535178352164263,297.0,269.0,617.0,617.0,609.0
CPS_0806,F3,HIGH,5,1.0,0.33,0.056285714285714286,0.0,0.14535178352164263,297.0,269.0,617.0,617.0,609.0
CPS_0807,F3,HIGH,5,1.0,0.33,0.056285714285714286,0.0,0.14535178352164263,297.0,269.0,617.0,617.0,609.0
CPS_0805,F3,HIGH,5,1.0,0.33,0.056285714285714286,0.0,0.14535178352164263,297.0,269.0,617.0,617.0,609.0
CPS_0808,F3,HIGH,5,1.0,0.33,0.056285714285714286,0.0,0.14535178352164263,297.0,269.0,617.0,617.0,609.0
CPS_0809,F3,HIGH,5,1.0,0.33,0.056285714285714286,0.0,0.14535178352164263,297.0,269.0,617.0,617.0,609.0
CPS_0810,F3,HIGH,5,1.0,0.33,0.056285714285714286,0.0,0.14535178352164263,297.0,269.0,617.0,617.0,609.0
CPS_0811,F3,HIGH,5,1.0,0.33,0.056285714285714286,0.0,0.14535178352164263,297.0,269.0,617.0,617.0,609.0
CPS_0812,F3,HIGH,5,1.0,0.33,0.056285714285714286,0.0,0.14535178352164263,297.0,269.0,617.0,617.0,609.0
CPS_0813,F3,HIGH,5,1.0,0.33,0.056285714285714286,0.0,0.14535178352164263,297.0,269.0,617.0,617.0,609.0
CPS_0814,F3,HIGH,5,1.0,0.33,0.056285714285714286,0.0,0.14535178352164263,297.0,269.0,617.0,617.0,609.0
CPS_0816,F3,HIGH,5,1.0,0.33,0.056285714285714286,0.0,0.14535178352164263,297.0,269.0,617.0,617.0,609.0
CPS_0815,F3,HIGH,5,1.0,0.33,0.056285714285714286,0.0,0.14535178352164263,297.0,269.0,617.0,617.0,609.0
CPS_0817,F3,HIGH,5,1.0,0.33,0.056285714285714286,0.0,0.14535178352164263,297.0,269.0,617.0,617.0,609.0
CPS_0819,F3,HIGH,5,1.0,0.33,0.056285714285714286,0.0,0.14535178352164263,297.0,269.0,617.0,617.0,609.0
CPS_0818,F3,HIGH,5,1.0,0.33,0.056285714285714286,0.0,0.14535178352164263,297.0,269.0,617.0,617.0,609.0
CPS_0820,F3,HIGH,5,1.0,0.33,0.056285714285714286,0.0,0.14535178352164263,297.0,269.0,617.0,617.0,609.0
CPS_0821,F3,HIGH,5,1.0,0.33,0.056285714285714286,0.0,0.14535178352164263,297.0,269.0,617.0,617.0,609.0
CPS_0822,F3,HIGH,5,1.0,0.33,0.056285714285714286,0.0,0.14535178352164263,297.0,269.0,617.0,617.0,609.0
CPS_0823,F3,HIGH,5,1.0,0.33,0.056285714285714286,0.0,0.14535178352164263,297.0,269.0,617.0,617.0,609.0
CPS_0825,F3,HIGH,5,1.0,0.33,0.056285714285714286,0.0,0.14535178352164263,297.0,269.0,617.0,617.0,609.0
CPS_0824,F3,HIGH,5,1.0,0.33,0.056285714285714286,0.0,0.14535178352164263,297.0,269.0,617.0,617.0,609.0
CPS_0826,F3,HIGH,5,1.0,0.33,0.056285714285714286,0.0,0.14535178352164263,297.0,269.0,617.0,617.0,609.0
CPS_0827,F3,HIGH,5,1.0,0.33,0.056285714285714286,0.0,0.14535178352164263,297.0,269.0,617.0,617.0,609.0
CPS_0828,F3,HIGH,5,1.0,0.33,0.056285714285714286,0.0,0.14535178352164263,297.0,269.0,617.0,617.0,609.0
CPS_0829,F3,HIGH,5,1.0,0.33,0.056285714285714286,0.0,0.14535178352164263,297.0,269.0,617.0,617.0,609.0
CPS_0830,F1,HIGH,5,3.0,1.0,0.7705714285714286,1.0,0.9904404761904761,1.0,1.0,96.0,1.0,9.0
CPS_0831,F3,HIGH,5,1.0,0.33,0.056285714285714286,0.0,0.14535178352164263,297.0,269.0,617.0,617.0,609.0
CPS_0832,F3,HIGH,5,1.0,0.33,0.056285714285714286,0.0,0.14535178352164263,297.0,269.0,617.0,617.0,609.0
CPS_0833,F3,HIGH,5,1.0,0.33,0.056285714285714286,0.0,0.14535178352164263,297.0,269.0,617.0,617.0,609.0
CPS_0834,F3,HIGH,5,1.0,0.33,0.056285714285714286,0.0,0.14535178352164263,297.0,269.0,617.0,617.0,609.0
CPS_0835,F3,HIGH,5,1.0,0.33,0.056285714285714286,0.0,0.14535178352164263,297.0,269.0,617.0,617.0,609.0
CPS_0836,F3,HIGH,5,1.0,0.33,0.056285714285714286,0.0,0.14535178352164263,297.0,269.0,617.0,617.0,609.0
CPS_0838,F3,HIGH,5,1.0,0.33,0.056285714285714286,0.0,0.14535178352164263,297.0,269.0,617.0,617.0,609.0
CPS_0839,F3,HIGH,5,1.0,0.33,0.056285714285714286,0.0,0.14535178352164263,297.0,269.0,617.0,617.0,609.0
CPS_0840,F3,HIGH,5,1.0,0.33,0.056285714285714286,0.0,0.14535178352164263,297.0,269.0,617.0,617.0,609.0
CPS_0842,F3,HIGH,5,1.0,0.33,0.056285714285714286,0.0,0.14535178352164263,297.0,269.0,617.0,617.0,609.0
CPS_0841,F3,HIGH,5,1.0,0.33,0.056285714285714286,0.0,0.14535178352164263,297.0,269.0,617.0,617.0,609.0
CPS_0843,F3,HIGH,5,1.0,0.33,0.056285714285714286,0.0,0.14535178352164263,297.0,269.0,617.0,617.0,609.0
CPS_0845,F3,HIGH,5,1.0,0.33,0.056285714285714286,0.0,0.14535178352164263,297.0,269.0,617.0,617.0,609.0
CPS_0846,F3,HIGH,5,1.0,0.33,0.056285714285714286,0.0,0.14535178352164263,297.0,269.0,617.0,617.0,609.0
CPS_0848,F3,HIGH,5,1.0,0.33,0.056285714285714286,0.0,0.14535178352164263,297.0,269.0,617.0,617.0,609.0
CPS_0847,F3,HIGH,5,1.0,0.33,0.056285714285714286,0.0,0.14535178352164263,297.0,269.0,617.0,617.0,609.0
CPS_0849,F3,HIGH,5,1.0,0.33,0.056285714285714286,0.0,0.14535178352164263,297.0,269.0,617.0,617.0,609.0
CPS_0850,F3,HIGH,5,1.0,0.33,0.056285714285714286,0.0,0.14535178352164263,297.0,269.0,617.0,617.0,609.0
CPS_0853,F3,HIGH,5,1.0,0.33,0.056285714285714286,0.0,0.14535178352164263,297.0,269.0,617.0,617.0,609.0
CPS_0852,F3,HIGH,5,1.0,0.33,0.056285714285714286,0.0,0.14535178352164263,297.0,269.0,617.0,617.0,609.0
CPS_0854,F3,HIGH,5,1.0,0.33,0.056285714285714286,0.0,0.14535178352164263,297.0,269.0,617.0,617.0,609.0
CPS_0855,F3,HIGH,5,1.0,0.33,0.056285714285714286,0.0,0.14535178352164263,297.0,269.0,617.0,617.0,609.0
CPS_0856,F3,HIGH,5,1.0,0.33,0.056285714285714286,0.0,0.14535178352164263,297.0,269.0,617.0,617.0,609.0
CPS_0857,F3,HIGH,5,1.0,0.33,0.056285714285714286,0.0,0.14535178352164263,297.0,269.0,617.0,617.0,609.0
CPS_0858,F1,HIGH,5,3.0,1.0,0.7705714285714286,1.0,0.9904404761904761,1.0,1.0,96.0,1.0,9.0
CPS_0860,F3,HIGH,5,1.0,0.33,0.056285714285714286,0.0,0.14535178352164263,297.0,269.0,617.0,617.0,609.0
CPS_0859,F3,HIGH,5,1.0,0.33,0.056285714285714286,0.0,0.14535178352164263,297.0,269.0,617.0,617.0,609.0
CPS_0861,F3,HIGH,5,1.0,0.33,0.056285714285714286,0.0,0.14535178352164263,297.0,269.0,617.0,617.0,609.0
CPS_0862,F3,HIGH,5,1.0,0.33,0.056285714285714286,0.0,0.14535178352164263,297.0,269.0,617.0,617.0,609.0
CPS_0863,F3,HIGH,5,1.0,0.33,0.056285714285714286,0.0,0.14535178352164263,297.0,269.0,617.0,617.0,609.0
CPS_0864,F3,HIGH,5,1.0,0.33,0.056285714285714286,0.0,0.14535178352164263,297.0,269.0,617.0,617.0,609.0
CPS_0865,F2,HIGH,5,2.0,0.67,0.7705714285714286,0.5,0.6882103723139068,69.0,32.0,96.0,139.0,124.0
CPS_0867,F3,MODERATE,5,0.67,0.12784146563451643,0.342,0.2,0.20847925591428862,1525.0,1553.0,338.0,339.0,364.0
CPS_0866,F2,HIGH,5,2.0,0.67,0.7705714285714286,0.5,0.6882103723139068,69.0,32.0,96.0,139.0,124.0
CPS_0868,F3,HIGH,5,1.0,0.33,0.056285714285714286,0.0,0.14535178352164263,297.0,269.0,617.0,617.0,609.0
CPS_0869,F3,HIGH,5,1.0,0.33,0.056285714285714286,0.0,0.14535178352164263,297.0,269.0,617.0,617.0,609.0
CPS_0870,F3,HIGH,5,1.0,0.17968964804881357,0.19914285714285715,0.1,0.17989350902448312,297.0,1448.0,371.0,374.0,374.0
CPS_0874,F3,HIGH,5,1.0,0.17968964804881357,0.19914285714285715,0.1,0.17989350902448312,297.0,1448.0,371.0,374.0,374.0
CPS_0875,F3,HIGH,5,1.0,0.17968964804881357,0.19914285714285715,0.1,0.17989350902448312,297.0,1448.0,371.0,374.0,374.0
CPS_0876,F3,HIGH,5,1.0,0.17968964804881357,0.19914285714285715,0.1,0.17989350902448312,297.0,1448.0,371.0,374.0,374.0
CPS_0877,F3,HIGH,5,1.0,0.17968964804881357,0.19914285714285715,0.1,0.17989350902448312,297.0,1448.0,371.0,374.0,374.0
CPS_0878,F3,HIGH,5,1.0,0.17968964804881357,0.19914285714285715,0.1,0.17989350902448312,297.0,1448.0,371.0,374.0,374.0
CPS_0879,F3,HIGH,5,1.0,0.17968964804881357,0.19914285714285715,0.1,0.17989350902448312,297.0,1448.0,371.0,374.0,374.0
CPS_0880,F3,HIGH,5,1.0,0.17968964804881357,0.19914285714285715,0.1,0.17989350902448312,297.0,1448.0,371.0,374.0,374.0
CPS_0881,F3,HIGH,5,1.0,0.17968964804881357,0.19914285714285715,0.1,0.17989350902448312,297.0,1448.0,371.0,374.0,374.0
CPS_0882,F3,HIGH,5,1.0,0.17968964804881357,0.19914285714285715,0.1,0.17989350902448312,297.0,1448.0,371.0,374.0,374.0
CPS_0883,F3,HIGH,5,1.0,0.33,0.056285714285714286,0.0,0.14535178352164263,297.0,269.0,617.0,617.0,609.0
CPS_0884,F3,HIGH,5,1.0,0.33,0.056285714285714286,0.0,0.14535178352164263,297.0,269.0,617.0,617.0,609.0
CPS_0885,F3,HIGH,5,1.0,0.33,0.056285714285714286,0.0,0.14535178352164263,297.0,269.0,617.0,617.0,609.0
CPS_0887,F3,HIGH,5,1.0,0.33,0.056285714285714286,0.0,0.14535178352164263,297.0,269.0,617.0,617.0,609.0
CPS_0886,F3,HIGH,5,1.0,0.33,0.056285714285714286,0.0,0.14535178352164263,297.0,269.0,617.0,617.0,609.0
CPS_0888,F3,MODERATE,5,0.67,0.33,0.056285714285714286,0.0,0.11445290711714826,1525.0,269.0,617.0,617.0,1582.0
CPS_0889,F3,HIGH,5,1.0,0.33,0.056285714285714286,0.0,0.14535178352164263,297.0,269.0,617.0,617.0,609.0
CPS_0894,F1,HIGH,5,3.0,1.0,0.7705714285714286,1.0,0.9904404761904761,1.0,1.0,96.0,1.0,9.0
CPS_0896,F1,MODERATE,5,2.0100000000000002,0.13502647928207268,0.6277142857142858,0.5,0.5060056572441524,58.0,1552.0,277.0,139.0,283.0
CPS_0897,F3,HIGH,5,1.0,0.33,0.056285714285714286,0.0,0.14535178352164263,297.0,269.0,617.0,617.0,609.0
CPS_0898,F3,HIGH,5,1.0,0.33,0.056285714285714286,0.0,0.14535178352164263,297.0,269.0,617.0,617.0,609.0
CPS_0899,F3,HIGH,5,1.0,0.33,0.056285714285714286,0.0,0.14535178352164263,297.0,269.0,617.0,617.0,609.0
CPS_0900,F2,HIGH,5,2.0,0.67,0.7705714285714286,0.5,0.6882103723139068,69.0,32.0,96.0,139.0,124.0
CPS_0901,F3,HIGH,5,1.0,0.17968964804881357,0.19914285714285715,0.1,0.17989350902448312,297.0,1448.0,371.0,374.0,374.0
CPS_0903,F2,HIGH,5,2.0,0.67,0.7705714285714286,0.5,0.6882103723139068,69.0,32.0,96.0,139.0,124.0
CPS_0902,F3,HIGH,5,1.0,0.17968964804881357,0.19914285714285715,0.1,0.17989350902448312,297.0,1448.0,371.0,374.0,374.0
CPS_0904,F3,HIGH,5,1.0,0.17968964804881357,0.19914285714285715,0.1,0.17989350902448312,297.0,1448.0,371.0,374.0,374.0
CPS_0906,F3,HIGH,5,1.0,0.33,0.056285714285714286,0.0,0.14535178352164263,297.0,269.0,617.0,617.0,609.0
CPS_0905,F3,HIGH,5,1.0,0.33,0.056285714285714286,0.0,0.14535178352164263,297.0,269.0,617.0,617.0,609.0
CPS_0908,F3,LOW,5,0.33,0.17968964804881357,0.6277142857142858,0.4,0.3350165694846222,1593.0,1448.0,277.0,285.0,316.0
CPS_0909,F3,HIGH,5,1.0,0.17968964804881357,0.19914285714285715,0.1,0.17989350902448312,297.0,1448.0,371.0,374.0,374.0
CPS_0911,F3,HIGH,5,1.0,0.044558738163083984,0.342,0.3,0.24328056186218616,297.0,1592.0,338.0,317.0,345.0
CPS_0912,F3,MODERATE,5,0.67,0.013124193105948815,0.4848571428571429,0.4,0.27703758694489033,1525.0,1596.0,314.0,285.0,334.0
CPS_0913,F3,HIGH,5,1.0,0.33,0.056285714285714286,0.0,0.14535178352164263,297.0,269.0,617.0,617.0,609.0
CPS_0914,F3,HIGH,5,1.0,0.33,0.056285714285714286,0.0,0.14535178352164263,297.0,269.0,617.0,617.0,609.0
CPS_0915,F3,HIGH,5,1.0,0.33,0.056285714285714286,0.0,0.14535178352164263,297.0,269.0,617.0,617.0,609.0
CPS_0916,F3,HIGH,5,1.0,0.33,0.056285714285714286,0.0,0.14535178352164263,297.0,269.0,617.0,617.0,609.0
CPS_0917,F3,HIGH,5,1.0,0.33,0.056285714285714286,0.0,0.14535178352164263,297.0,269.0,617.0,617.0,609.0
CPS_0918,F3,HIGH,5,1.0,0.33,0.056285714285714286,0.0,0.14535178352164263,297.0,269.0,617.0,617.0,609.0
CPS_0920,F3,HIGH,5,1.0,0.33,0.056285714285714286,0.0,0.14535178352164263,297.0,269.0,617.0,617.0,609.0
CPS_0921,F3,HIGH,5,1.0,0.33,0.056285714285714286,0.0,0.14535178352164263,297.0,269.0,617.0,617.0,609.0
CPS_0922,F3,HIGH,5,1.0,0.33,0.056285714285714286,0.0,0.14535178352164263,297.0,269.0,617.0,617.0,609.0
CPS_0923,F3,HIGH,5,1.0,0.33,0.056285714285714286,0.0,0.14535178352164263,297.0,269.0,617.0,617.0,609.0
CPS_0924,F3,HIGH,5,1.0,0.33,0.056285714285714286,0.0,0.14535178352164263,297.0,269.0,617.0,617.0,609.0
CPS_0927,F2,HIGH,5,2.0,0.67,0.7705714285714286,0.5,0.6882103723139068,69.0,32.0,96.0,139.0,124.0
CPS_0925,F3,HIGH,5,1.0,0.33,0.056285714285714286,0.0,0.14535178352164263,297.0,269.0,617.0,617.0,609.0
CPS_0929,F3,HIGH,5,1.0,0.33,0.056285714285714286,0.0,0.14535178352164263,297.0,269.0,617.0,617.0,609.0
CPS_0928,F2,HIGH,5,2.0,0.67,0.7705714285714286,0.5,0.6882103723139068,69.0,32.0,96.0,139.0,124.0
CPS_0930,F3,HIGH,5,1.0,0.33,0.056285714285714286,0.0,0.14535178352164263,297.0,269.0,617.0,617.0,609.0
CPS_0931,F3,HIGH,5,1.0,0.33,0.056285714285714286,0.0,0.14535178352164263,297.0,269.0,617.0,617.0,609.0
CPS_0932,F2,HIGH,5,2.0,0.67,0.7705714285714286,0.5,0.6882103723139068,69.0,32.0,96.0,139.0,124.0
CPS_0933,F2,HIGH,5,2.0,0.2595569150761394,0.7705714285714286,0.7,0.6342350083277257,69.0,1262.0,96.0,82.0,215.0
CPS_0934,F1,MODERATE,5,2.0100000000000002,1.0,0.7705714285714286,1.0,0.897743846976993,58.0,1.0,96.0,1.0,28.0
CPS_0935,F3,HIGH,5,1.0,0.33,0.056285714285714286,0.0,0.14535178352164263,297.0,269.0,617.0,617.0,609.0
CPS_0936,F3,HIGH,5,1.0,0.33,0.056285714285714286,0.0,0.14535178352164263,297.0,269.0,617.0,617.0,609.0
CPS_0937,F3,HIGH,5,1.0,0.33,0.056285714285714286,0.0,0.14535178352164263,297.0,269.0,617.0,617.0,609.0
CPS_0938,F3,HIGH,5,1.0,0.33,0.056285714285714286,0.0,0.14535178352164263,297.0,269.0,617.0,617.0,609.0
CPS_0939,F3,HIGH,5,1.0,0.33,0.056285714285714286,0.0,0.14535178352164263,297.0,269.0,617.0,617.0,609.0
CPS_0940,F3,HIGH,5,1.0,0.33,0.056285714285714286,0.0,0.14535178352164263,297.0,269.0,617.0,617.0,609.0
CPS_0941,F2,HIGH,5,2.0,0.67,0.7705714285714286,0.5,0.6882103723139068,69.0,32.0,96.0,139.0,124.0
CPS_0942,F1,HIGH,5,3.0,1.0,0.7705714285714286,1.0,0.9904404761904761,1.0,1.0,96.0,1.0,9.0
CPS_0944,F3,HIGH,5,1.0,0.33,0.056285714285714286,0.0,0.14535178352164263,297.0,269.0,617.0,617.0,609.0
CPS_0943,F3,HIGH,5,1.0,0.33,0.056285714285714286,0.0,0.14535178352164263,297.0,269.0,617.0,617.0,609.0
CPS_0945,F3,HIGH,5,1.0,0.17968964804881357,0.19914285714285715,0.1,0.17989350902448312,297.0,1448.0,371.0,374.0,374.0
CPS_0946,F3,HIGH,5,1.0,0.17968964804881357,0.19914285714285715,0.1,0.17989350902448312,297.0,1448.0,371.0,374.0,374.0
CPS_0947,F2,HIGH,5,2.0,0.3648244369475912,0.7705714285714286,0.6,0.6359018698355469,69.0,220.0,96.0,101.0,190.0
CPS_0948,F2,HIGH,5,2.0,0.67,0.7705714285714286,0.5,0.6882103723139068,69.0,32.0,96.0,139.0,124.0
CPS_0949,F3,MODERATE,5,0.67,0.33,0.056285714285714286,0.0,0.11445290711714826,1525.0,269.0,617.0,617.0,1582.0
CPS_0951,F2,HIGH,5,2.0,0.67,0.7705714285714286,0.5,0.6882103723139068,69.0,32.0,96.0,139.0,124.0
CPS_0950,F3,HIGH,5,1.0,0.33,0.056285714285714286,0.0,0.14535178352164263,297.0,269.0,617.0,617.0,609.0
CPS_0953,F3,HIGH,5,1.0,0.33,0.056285714285714286,0.0,0.14535178352164263,297.0,269.0,617.0,617.0,609.0
CPS_0952,F2,HIGH,5,2.0,0.67,0.7705714285714286,0.5,0.6882103723139068,69.0,32.0,96.0,139.0,124.0
CPS_0954,F3,HIGH,5,1.0,0.33,0.056285714285714286,0.0,0.14535178352164263,297.0,269.0,617.0,617.0,609.0
CPS_0955,F3,HIGH,5,1.0,0.33,0.056285714285714286,0.0,0.14535178352164263,297.0,269.0,617.0,617.0,609.0
CPS_0956,F3,HIGH,5,1.0,0.33,0.056285714285714286,0.0,0.14535178352164263,297.0,269.0,617.0,617.0,609.0
CPS_0958,F3,HIGH,5,1.0,0.33,0.056285714285714286,0.0,0.14535178352164263,297.0,269.0,617.0,617.0,609.0
CPS_0957,F3,HIGH,5,1.0,0.33,0.056285714285714286,0.0,0.14535178352164263,297.0,269.0,617.0,617.0,609.0
CPS_0959,F3,HIGH,5,1.0,0.33,0.056285714285714286,0.0,0.14535178352164263,297.0,269.0,617.0,617.0,609.0
CPS_0960,F3,HIGH,5,1.0,0.33,0.056285714285714286,0.0,0.14535178352164263,297.0,269.0,617.0,617.0,609.0
CPS_0962,F1,HIGH,5,3.0,1.0,0.7705714285714286,1.0,0.9904404761904761,1.0,1.0,96.0,1.0,9.0
CPS_0961,F3,HIGH,5,1.0,0.33,0.056285714285714286,0.0,0.14535178352164263,297.0,269.0,617.0,617.0,609.0
CPS_0963,F2,HIGH,5,2.0,0.3648244369475912,0.7705714285714286,0.6,0.6359018698355469,69.0,220.0,96.0,101.0,190.0
CPS_0964,F2,HIGH,5,2.0,0.3648244369475912,0.7705714285714286,0.6,0.6359018698355469,69.0,220.0,96.0,101.0,190.0
CPS_0965,F3,HIGH,5,1.0,0.33,0.056285714285714286,0.0,0.14535178352164263,297.0,269.0,617.0,617.0,609.0
CPS_0966,F3,HIGH,5,1.0,0.33,0.056285714285714286,0.0,0.14535178352164263,297.0,269.0,617.0,617.0,609.0
CPS_0967,F3,HIGH,5,1.0,0.33,0.056285714285714286,0.0,0.14535178352164263,297.0,269.0,617.0,617.0,609.0
CPS_0968,F3,HIGH,5,1.0,0.17968964804881357,0.19914285714285715,0.1,0.17989350902448312,297.0,1448.0,371.0,374.0,374.0
CPS_0970,F3,HIGH,5,1.0,0.33,0.056285714285714286,0.0,0.14535178352164263,297.0,269.0,617.0,617.0,609.0
CPS_0969,F3,HIGH,5,1.0,0.33,0.056285714285714286,0.0,0.14535178352164263,297.0,269.0,617.0,617.0,609.0
CPS_0971,F2,HIGH,5,2.0,0.3648244369475912,0.7705714285714286,0.6,0.6359018698355469,69.0,220.0,96.0,101.0,190.0
CPS_0973,F3,HIGH,5,1.0,0.33,0.056285714285714286,0.0,0.14535178352164263,297.0,269.0,617.0,617.0,609.0
CPS_0972,F1,MODERATE,5,2.0100000000000002,0.3873983807106558,0.7705714285714286,0.7,0.6675567365498571,58.0,210.0,96.0,82.0,177.0
CPS_0974,F3,HIGH,5,1.0,0.33,0.056285714285714286,0.0,0.14535178352164263,297.0,269.0,617.0,617.0,609.0
CPS_0975,F3,HIGH,5,1.0,0.33,0.056285714285714286,0.0,0.14535178352164263,297.0,269.0,617.0,617.0,609.0
CPS_0976,F3,HIGH,5,1.0,0.33,0.056285714285714286,0.0,0.14535178352164263,297.0,269.0,617.0,617.0,609.0
CPS_0977,F2,MODERATE,5,1.34,0.3648244369475912,0.7705714285714286,0.6,0.5741041170265582,248.0,220.0,96.0,101.0,246.0
CPS_0978,F2,HIGH,5,2.0,0.67,0.7705714285714286,0.5,0.6882103723139068,69.0,32.0,96.0,139.0,124.0
CPS_0979,F3,MODERATE,5,0.67,0.33,0.056285714285714286,0.0,0.11445290711714826,1525.0,269.0,617.0,617.0,1582.0
CPS_0980,F3,HIGH,5,1.0,0.33,0.056285714285714286,0.0,0.14535178352164263,297.0,269.0,617.0,617.0,609.0
CPS_0981,F2,MODERATE,5,1.34,0.67,0.7705714285714286,0.5,0.626412619504918,248.0,32.0,96.0,139.0,222.0
CPS_0983,F3,HIGH,5,1.0,0.33,0.056285714285714286,0.0,0.14535178352164263,297.0,269.0,617.0,617.0,609.0
CPS_0982,F2,MODERATE,5,1.34,0.67,0.7705714285714286,0.5,0.626412619504918,248.0,32.0,96.0,139.0,222.0
CPS_0984,F3,HIGH,5,1.0,0.33,0.056285714285714286,0.0,0.14535178352164263,297.0,269.0,617.0,617.0,609.0
CPS_0985,F3,MODERATE,5,0.67,0.33,0.056285714285714286,0.0,0.11445290711714826,1525.0,269.0,617.0,617.0,1582.0
CPS_0986,F2,MODERATE,5,1.34,0.2595569150761394,0.342,0.2,0.30458011266159407,248.0,1262.0,338.0,339.0,317.0
CPS_0987,F2,LOW,5,0.66,0.2595569150761394,0.342,0.2,0.24090970067657536,1577.0,1262.0,338.0,339.0,346.0
CPS_0988,F2,MODERATE,5,1.34,0.3648244369475912,0.6277142857142858,0.4,0.47648506940751056,248.0,220.0,277.0,285.0,288.0
CPS_0989,F3,HIGH,5,1.0,0.33,0.056285714285714286,0.0,0.14535178352164263,297.0,269.0,617.0,617.0,609.0
CPS_0992,F2,MODERATE,5,1.34,0.2595569150761394,0.4848571428571429,0.3,0.3771991602806417,248.0,1262.0,314.0,317.0,308.0
CPS_0990,F3,HIGH,5,1.0,0.33,0.056285714285714286,0.0,0.14535178352164263,297.0,269.0,617.0,617.0,609.0
CPS_0991,F3,HIGH,5,1.0,0.33,0.056285714285714286,0.0,0.14535178352164263,297.0,269.0,617.0,617.0,609.0
CPS_0993,F2,MODERATE,5,1.34,0.67,0.7705714285714286,0.5,0.626412619504918,248.0,32.0,96.0,139.0,222.0
CPS_0995,F3,HIGH,5,1.0,0.33,0.056285714285714286,0.0,0.14535178352164263,297.0,269.0,617.0,617.0,609.0
CPS_0994,F2,HIGH,5,2.0,0.67,0.7705714285714286,0.5,0.6882103723139068,69.0,32.0,96.0,139.0,124.0
CPS_0997,F3,HIGH,5,1.0,0.33,0.056285714285714286,0.0,0.14535178352164263,297.0,269.0,617.0,617.0,609.0
CPS_0996,F3,HIGH,5,1.0,0.33,0.056285714285714286,0.0,0.14535178352164263,297.0,269.0,617.0,617.0,609.0
CPS_0998,F3,HIGH,5,1.0,0.33,0.056285714285714286,0.0,0.14535178352164263,297.0,269.0,617.0,617.0,609.0
CPS_0999,F2,MODERATE,5,1.34,0.67,0.7705714285714286,0.5,0.626412619504918,248.0,32.0,96.0,139.0,222.0
CPS_1000,F2,MODERATE,5,1.34,0.67,0.7705714285714286,0.5,0.626412619504918,248.0,32.0,96.0,139.0,222.0
CPS_1001,F3,HIGH,5,1.0,0.33,0.056285714285714286,0.0,0.14535178352164263,297.0,269.0,617.0,617.0,609.0
CPS_1002,F3,HIGH,5,1.0,0.33,0.056285714285714286,0.0,0.14535178352164263,297.0,269.0,617.0,617.0,609.0
CPS_1003,F3,HIGH,5,1.0,0.12784146563451643,0.342,0.2,0.23937813231878302,297.0,1553.0,338.0,339.0,347.0
CPS_1004,F3,HIGH,5,1.0,0.33,0.056285714285714286,0.0,0.14535178352164263,297.0,269.0,617.0,617.0,609.0
CPS_1005,F2,HIGH,5,2.0,0.3648244369475912,0.6277142857142858,0.4,0.5382828222164993,69.0,220.0,277.0,285.0,259.0
CPS_1006,F2,MODERATE,5,1.34,0.3648244369475912,0.6277142857142858,0.4,0.47648506940751056,248.0,220.0,277.0,285.0,288.0
CPS_1007,F3,HIGH,5,1.0,0.17968964804881357,0.19914285714285715,0.1,0.17989350902448312,297.0,1448.0,371.0,374.0,374.0
CPS_1008,F3,HIGH,5,1.0,0.17968964804881357,0.19914285714285715,0.1,0.17989350902448312,297.0,1448.0,371.0,374.0,374.0
CPS_1009,F3,HIGH,5,1.0,0.12784146563451643,0.342,0.2,0.23937813231878302,297.0,1553.0,338.0,339.0,347.0
CPS_1010,F3,HIGH,5,1.0,0.33,0.056285714285714286,0.0,0.14535178352164263,297.0,269.0,617.0,617.0,609.0
CPS_1011,F2,MODERATE,5,1.34,0.3648244369475912,0.6277142857142858,0.4,0.47648506940751056,248.0,220.0,277.0,285.0,288.0
CPS_1012,F2,HIGH,5,2.0,0.3648244369475912,0.6277142857142858,0.4,0.5382828222164993,69.0,220.0,277.0,285.0,259.0
CPS_1013,F3,HIGH,5,1.0,0.17968964804881357,0.19914285714285715,0.1,0.17989350902448312,297.0,1448.0,371.0,374.0,374.0
CPS_1014,F3,HIGH,5,1.0,0.12784146563451643,0.342,0.2,0.23937813231878302,297.0,1553.0,338.0,339.0,347.0
CPS_1015,F3,HIGH,5,1.0,0.17968964804881357,0.19914285714285715,0.1,0.17989350902448312,297.0,1448.0,371.0,374.0,374.0
CPS_1016,F3,HIGH,5,1.0,0.12784146563451643,0.342,0.2,0.23937813231878302,297.0,1553.0,338.0,339.0,347.0
CPS_1018,F2,HIGH,5,2.0,0.67,0.7705714285714286,0.5,0.6882103723139068,69.0,32.0,96.0,139.0,124.0
CPS_1019,F3,HIGH,5,1.0,0.17968964804881357,0.19914285714285715,0.1,0.17989350902448312,297.0,1448.0,371.0,374.0,374.0
CPS_1017,F2,HIGH,5,2.0,0.67,0.7705714285714286,0.5,0.6882103723139068,69.0,32.0,96.0,139.0,124.0
CPS_1020,F3,HIGH,5,1.0,0.12784146563451643,0.342,0.2,0.23937813231878302,297.0,1553.0,338.0,339.0,347.0
CPS_1021,F3,MODERATE,5,0.67,0.17968964804881357,0.19914285714285715,0.1,0.14899463261998874,1525.0,1448.0,371.0,374.0,605.0
CPS_1022,F2,HIGH,5,2.0,0.3648244369475912,0.6277142857142858,0.4,0.5382828222164993,69.0,220.0,277.0,285.0,259.0
CPS_1023,F2,HIGH,5,2.0,0.3648244369475912,0.6277142857142858,0.4,0.5382828222164993,69.0,220.0,277.0,285.0,259.0
CPS_1024,F2,HIGH,5,2.0,0.67,0.7705714285714286,0.5,0.6882103723139068,69.0,32.0,96.0,139.0,124.0
CPS_1025,F3,HIGH,5,1.0,0.33,0.056285714285714286,0.0,0.14535178352164263,297.0,269.0,617.0,617.0,609.0
CPS_1026,F3,HIGH,5,1.0,0.33,0.056285714285714286,0.0,0.14535178352164263,297.0,269.0,617.0,617.0,609.0
CPS_1027,F3,HIGH,5,1.0,0.33,0.056285714285714286,0.0,0.14535178352164263,297.0,269.0,617.0,617.0,609.0
CPS_1028,F3,HIGH,5,1.0,0.33,0.056285714285714286,0.0,0.14535178352164263,297.0,269.0,617.0,617.0,609.0
CPS_1029,F2,MODERATE,5,1.34,0.2595569150761394,0.342,0.2,0.30458011266159407,248.0,1262.0,338.0,339.0,317.0
CPS_1030,F2,HIGH,5,2.0,0.3648244369475912,0.6277142857142858,0.4,0.5382828222164993,69.0,220.0,277.0,285.0,259.0
CPS_1031,F3,HIGH,5,1.0,0.33,0.056285714285714286,0.0,0.14535178352164263,297.0,269.0,617.0,617.0,609.0
CPS_1032,F3,HIGH,5,1.0,0.33,0.056285714285714286,0.0,0.14535178352164263,297.0,269.0,617.0,617.0,609.0
CPS_1033,F3,HIGH,5,1.0,0.17968964804881357,0.19914285714285715,0.2,0.2048935090244831,297.0,1448.0,371.0,339.0,366.0
CPS_1034,F3,HIGH,5,1.0,0.17968964804881357,0.19914285714285715,0.1,0.17989350902448312,297.0,1448.0,371.0,374.0,374.0
CPS_1035,F2,HIGH,5,2.0,0.3648244369475912,0.6277142857142858,0.4,0.5382828222164993,69.0,220.0,277.0,285.0,259.0
CPS_1037,F3,HIGH,5,1.0,0.17968964804881357,0.19914285714285715,0.1,0.17989350902448312,297.0,1448.0,371.0,374.0,374.0
CPS_1036,F3,LOW,5,0.33,0.12784146563451643,0.4848571428571429,0.3,0.24926309754082687,1593.0,1553.0,314.0,317.0,337.0
CPS_1038,F2,MODERATE,5,1.34,0.2595569150761394,0.342,0.2,0.30458011266159407,248.0,1262.0,338.0,339.0,317.0
CPS_1039,F3,HIGH,5,1.0,0.33,0.056285714285714286,0.0,0.14535178352164263,297.0,269.0,617.0,617.0,609.0
CPS_1040,F3,HIGH,5,1.0,0.33,0.056285714285714286,0.0,0.14535178352164263,297.0,269.0,617.0,617.0,609.0
CPS_1042,F3,MODERATE,5,0.67,0.33,0.056285714285714286,0.0,0.11445290711714826,1525.0,269.0,617.0,617.0,1582.0
CPS_1041,F3,HIGH,5,1.0,0.12784146563451643,0.342,0.2,0.23937813231878302,297.0,1553.0,338.0,339.0,347.0
CPS_1043,F3,HIGH,5,1.0,0.33,0.056285714285714286,0.0,0.14535178352164263,297.0,269.0,617.0,617.0,609.0
CPS_1044,F3,HIGH,5,1.0,0.33,0.056285714285714286,0.0,0.14535178352164263,297.0,269.0,617.0,617.0,609.0
CPS_1045,F3,HIGH,5,1.0,0.33,0.056285714285714286,0.0,0.14535178352164263,297.0,269.0,617.0,617.0,609.0
CPS_1047,F2,HIGH,5,2.0,0.3648244369475912,0.7705714285714286,0.6,0.6359018698355469,69.0,220.0,96.0,101.0,190.0
CPS_1048,F2,HIGH,5,2.0,0.3648244369475912,0.7705714285714286,0.6,0.6359018698355469,69.0,220.0,96.0,101.0,190.0
CPS_1049,F3,HIGH,5,1.0,0.33,0.056285714285714286,0.0,0.14535178352164263,297.0,269.0,617.0,617.0,609.0
CPS_1050,F3,HIGH,5,1.0,0.33,0.056285714285714286,0.0,0.14535178352164263,297.0,269.0,617.0,617.0,609.0
CPS_1051,F1,MODERATE,5,2.0100000000000002,1.0,0.7705714285714286,1.0,0.897743846976993,58.0,1.0,96.0,1.0,28.0
CPS_1052,F2,LOW,5,0.66,0.3648244369475912,0.7705714285714286,0.9,0.5854337050415394,1577.0,220.0,96.0,38.0,241.0
CPS_1053,F1,MODERATE,5,2.0100000000000002,0.3873983807106558,0.7705714285714286,0.7,0.6675567365498571,58.0,210.0,96.0,82.0,177.0
CPS_1055,F1,HIGH,5,3.0,0.5445140849964047,0.7705714285714286,0.9,0.8500546515959091,1.0,165.0,96.0,38.0,37.0
CPS_1054,F2,MODERATE,5,1.34,0.2595569150761394,0.7705714285714286,0.8,0.5974372555187369,248.0,1262.0,96.0,62.0,234.0
CPS_1056,F2,MODERATE,5,1.34,0.2595569150761394,0.7705714285714286,0.8,0.5974372555187369,248.0,1262.0,96.0,62.0,234.0
CPS_1057,F1,HIGH,5,3.0,0.5445140849964047,0.7705714285714286,0.9,0.8500546515959091,1.0,165.0,96.0,38.0,37.0
CPS_1058,F1,HIGH,5,3.0,0.5445140849964047,0.7705714285714286,0.9,0.8500546515959091,1.0,165.0,96.0,38.0,37.0
CPS_1059,F2,MODERATE,5,1.34,0.0904677411189887,0.6277142857142858,0.7,0.48198374666962907,248.0,1588.0,277.0,82.0,287.0
CPS_1063,F3,MODERATE,5,0.67,0.013124193105948815,0.6277142857142858,0.6,0.37465663456393794,1525.0,1596.0,277.0,101.0,312.0
CPS_1064,F1,MODERATE,5,2.0100000000000002,0.3873983807106558,0.7705714285714286,0.8,0.692556736549857,58.0,210.0,96.0,62.0,123.0
CPS_1065,F2,HIGH,5,2.0,0.2595569150761394,0.7705714285714286,0.7,0.6342350083277257,69.0,1262.0,96.0,82.0,215.0
CPS_1067,F2,LOW,5,0.66,0.2595569150761394,0.7705714285714286,0.8,0.5337668435337182,1577.0,1262.0,96.0,62.0,275.0
CPS_1066,F1,HIGH,5,3.0,1.0,0.7705714285714286,1.0,0.9904404761904761,1.0,1.0,96.0,1.0,9.0
CPS_1068,F2,LOW,5,0.66,0.2595569150761394,0.7705714285714286,0.8,0.5337668435337182,1577.0,1262.0,96.0,62.0,275.0
CPS_1070,F2,HIGH,5,2.0,0.67,0.7705714285714286,0.5,0.6882103723139068,69.0,32.0,96.0,139.0,124.0
CPS_1071,F3,HIGH,5,1.0,0.33,0.056285714285714286,0.0,0.14535178352164263,297.0,269.0,617.0,617.0,609.0
CPS_1072,F3,HIGH,5,1.0,0.33,0.056285714285714286,0.0,0.14535178352164263,297.0,269.0,617.0,617.0,609.0
CPS_1073,F1,HIGH,5,3.0,0.5445140849964047,0.7705714285714286,0.9,0.8500546515959091,1.0,165.0,96.0,38.0,37.0
CPS_1074,F3,HIGH,5,1.0,0.33,0.056285714285714286,0.0,0.14535178352164263,297.0,269.0,617.0,617.0,609.0
CPS_1075,F3,HIGH,5,1.0,0.33,0.056285714285714286,0.0,0.14535178352164263,297.0,269.0,617.0,617.0,609.0
CPS_1076,F3,HIGH,5,1.0,0.17968964804881357,0.19914285714285715,0.1,0.17989350902448312,297.0,1448.0,371.0,374.0,374.0
CPS_1077,F2,HIGH,5,2.0,0.67,0.7705714285714286,0.5,0.6882103723139068,69.0,32.0,96.0,139.0,124.0
CPS_1078,F3,HIGH,5,1.0,0.33,0.056285714285714286,0.0,0.14535178352164263,297.0,269.0,617.0,617.0,609.0
CPS_1083,F1,HIGH,5,3.0,1.0,0.7705714285714286,1.0,0.9904404761904761,1.0,1.0,96.0,1.0,9.0
CPS_1084,F1,LOW,5,0.99,0.3873983807106558,0.7705714285714286,0.7,0.5720511185723289,1519.0,210.0,96.0,82.0,248.0
CPS_1082,F3,HIGH,5,1.0,0.33,0.056285714285714286,0.0,0.14535178352164263,297.0,269.0,617.0,617.0,609.0
CPS_1085,F1,HIGH,5,3.0,1.0,0.7705714285714286,1.0,0.9904404761904761,1.0,1.0,96.0,1.0,9.0
CPS_1087,F1,HIGH,5,3.0,1.0,0.7705714285714286,1.0,0.9904404761904761,1.0,1.0,96.0,1.0,9.0
CPS_1086,F3,HIGH,5,1.0,0.33,0.056285714285714286,0.0,0.14535178352164263,297.0,269.0,617.0,617.0,609.0
CPS_1088,F1,HIGH,5,3.0,1.0,0.7705714285714286,1.0,0.9904404761904761,1.0,1.0,96.0,1.0,9.0
CPS_1091,F3,HIGH,5,1.0,0.33,0.056285714285714286,0.0,0.14535178352164263,297.0,269.0,617.0,617.0,609.0
FOODAPS_0000,F3,HIGH,5,1.0,0.33,0.056285714285714286,0.0,0.14535178352164263,297.0,269.0,617.0,617.0,609.0
CPS_1089,F1,LOW,5,0.99,0.3873983807106558,0.7705714285714286,0.7,0.5720511185723289,1519.0,210.0,96.0,82.0,248.0
FOODAPS_0003,F3,HIGH,5,1.0,0.33,0.056285714285714286,0.0,0.14535178352164263,297.0,269.0,617.0,617.0,609.0
FOODAPS_0001,F3,HIGH,5,1.0,0.33,0.056285714285714286,0.0,0.14535178352164263,297.0,269.0,617.0,617.0,609.0
FOODAPS_0002,F3,HIGH,5,1.0,0.33,0.056285714285714286,0.0,0.14535178352164263,297.0,269.0,617.0,617.0,609.0
FOODAPS_0004,F3,HIGH,5,1.0,0.33,0.056285714285714286,0.0,0.14535178352164263,297.0,269.0,617.0,617.0,609.0
FOODAPS_0005,F3,HIGH,5,1.0,0.33,0.056285714285714286,0.0,0.14535178352164263,297.0,269.0,617.0,617.0,609.0
FOODAPS_0006,F3,HIGH,5,1.0,0.33,0.056285714285714286,0.0,0.14535178352164263,297.0,269.0,617.0,617.0,609.0
FOODAPS_0007,F3,HIGH,5,1.0,0.33,0.056285714285714286,0.0,0.14535178352164263,297.0,269.0,617.0,617.0,609.0
FOODAPS_0008,F3,HIGH,5,1.0,0.33,0.056285714285714286,0.0,0.14535178352164263,297.0,269.0,617.0,617.0,609.0
FOODAPS_0009,F3,HIGH,5,1.0,0.12784146563451643,0.342,0.2,0.23937813231878302,297.0,1553.0,338.0,339.0,347.0
FOODAPS_0011,F3,HIGH,5,1.0,0.33,0.056285714285714286,0.0,0.14535178352164263,297.0,269.0,617.0,617.0,609.0
FOODAPS_0010,F3,HIGH,5,1.0,0.33,0.056285714285714286,0.0,0.14535178352164263,297.0,269.0,617.0,617.0,609.0
FOODAPS_0012,F3,HIGH,5,1.0,0.33,0.056285714285714286,0.0,0.14535178352164263,297.0,269.0,617.0,617.0,609.0
FOODAPS_0014,F3,HIGH,5,1.0,0.33,0.056285714285714286,0.0,0.14535178352164263,297.0,269.0,617.0,617.0,609.0
FOODAPS_0013,F3,HIGH,5,1.0,0.33,0.056285714285714286,0.0,0.14535178352164263,297.0,269.0,617.0,617.0,609.0
FOODAPS_0015,F3,HIGH,5,1.0,0.33,0.056285714285714286,0.0,0.14535178352164263,297.0,269.0,617.0,617.0,609.0
FOODAPS_0017,F3,HIGH,5,1.0,0.33,0.056285714285714286,0.0,0.14535178352164263,297.0,269.0,617.0,617.0,609.0
FOODAPS_0018,F3,HIGH,5,1.0,0.33,0.056285714285714286,0.0,0.14535178352164263,297.0,269.0,617.0,617.0,609.0
FOODAPS_0016,F3,MODERATE,5,0.67,0.17968964804881357,0.6277142857142858,0.4,0.36685177547713166,1525.0,1448.0,277.0,285.0,313.0
FOODAPS_0021,F3,HIGH,5,1.0,0.33,0.056285714285714286,0.0,0.14535178352164263,297.0,269.0,617.0,617.0,609.0
FOODAPS_0019,F2,HIGH,5,2.0,0.67,0.7705714285714286,0.5,0.6882103723139068,69.0,32.0,96.0,139.0,124.0
FOODAPS_0020,F3,HIGH,5,1.0,0.33,0.056285714285714286,0.0,0.14535178352164263,297.0,269.0,617.0,617.0,609.0
FOODAPS_0022,F3,HIGH,5,1.0,0.33,0.056285714285714286,0.0,0.14535178352164263,297.0,269.0,617.0,617.0,609.0
FOODAPS_0024,F2,HIGH,5,2.0,0.67,0.7705714285714286,0.5,0.6882103723139068,69.0,32.0,96.0,139.0,124.0
FOODAPS_0023,F3,HIGH,5,1.0,0.33,0.056285714285714286,0.0,0.14535178352164263,297.0,269.0,617.0,617.0,609.0
FOODAPS_0025,F3,HIGH,5,1.0,0.33,0.056285714285714286,0.0,0.14535178352164263,297.0,269.0,617.0,617.0,609.0
FOODAPS_0027,F3,HIGH,5,1.0,0.33,0.056285714285714286,0.0,0.14535178352164263,297.0,269.0,617.0,617.0,609.0
FOODAPS_0026,F3,HIGH,5,1.0,0.33,0.056285714285714286,0.0,0.14535178352164263,297.0,269.0,617.0,617.0,609.0
FOODAPS_0028,F3,HIGH,5,1.0,0.33,0.056285714285714286,0.0,0.14535178352164263,297.0,269.0,617.0,617.0,609.0
FOODAPS_0029,F2,HIGH,5,2.0,0.67,0.7705714285714286,0.5,0.6882103723139068,69.0,32.0,96.0,139.0,124.0
FOODAPS_0030,F3,HIGH,5,1.0,0.33,0.056285714285714286,0.0,0.14535178352164263,297.0,269.0,617.0,617.0,609.0
FOODAPS_0031,F3,HIGH,5,1.0,0.33,0.056285714285714286,0.0,0.14535178352164263,297.0,269.0,617.0,617.0,609.0
FOODAPS_0032,F3,HIGH,5,1.0,0.33,0.056285714285714286,0.0,0.14535178352164263,297.0,269.0,617.0,617.0,609.0
FOODAPS_0033,F3,HIGH,5,1.0,0.33,0.056285714285714286,0.0,0.14535178352164263,297.0,269.0,617.0,617.0,609.0
FOODAPS_0034,F2,HIGH,5,2.0,0.67,0.7705714285714286,0.5,0.6882103723139068,69.0,32.0,96.0,139.0,124.0
FOODAPS_0035,F3,HIGH,5,1.0,0.33,0.056285714285714286,0.0,0.14535178352164263,297.0,269.0,617.0,617.0,609.0
FOODAPS_0036,F3,HIGH,5,1.0,0.33,0.056285714285714286,0.0,0.14535178352164263,297.0,269.0,617.0,617.0,609.0
FOODAPS_0037,F3,HIGH,5,1.0,0.33,0.056285714285714286,0.0,0.14535178352164263,297.0,269.0,617.0,617.0,609.0
FOODAPS_0038,F3,HIGH,5,1.0,0.33,0.056285714285714286,0.0,0.14535178352164263,297.0,269.0,617.0,617.0,609.0
FOODAPS_0039,F2,HIGH,5,2.0,0.67,0.7705714285714286,0.5,0.6882103723139068,69.0,32.0,96.0,139.0,124.0
FOODAPS_0040,F3,HIGH,5,1.0,0.17968964804881357,0.19914285714285715,0.1,0.17989350902448312,297.0,1448.0,371.0,374.0,374.0
FOODAPS_0041,F3,HIGH,5,1.0,0.17968964804881357,0.19914285714285715,0.1,0.17989350902448312,297.0,1448.0,371.0,374.0,374.0
FOODAPS_0042,F3,HIGH,5,1.0,0.17968964804881357,0.19914285714285715,0.1,0.17989350902448312,297.0,1448.0,371.0,374.0,374.0
FOODAPS_0043,F3,HIGH,5,1.0,0.17968964804881357,0.19914285714285715,0.1,0.17989350902448312,297.0,1448.0,371.0,374.0,374.0
FOODAPS_0045,F3,HIGH,5,1.0,0.17968964804881357,0.19914285714285715,0.1,0.17989350902448312,297.0,1448.0,371.0,374.0,374.0
FOODAPS_0044,F3,HIGH,5,1.0,0.17968964804881357,0.19914285714285715,0.1,0.17989350902448312,297.0,1448.0,371.0,374.0,374.0
FOODAPS_0046,F3,HIGH,5,1.0,0.17968964804881357,0.19914285714285715,0.1,0.17989350902448312,297.0,1448.0,371.0,374.0,374.0
FOODAPS_0047,F3,HIGH,5,1.0,0.17968964804881357,0.19914285714285715,0.1,0.17989350902448312,297.0,1448.0,371.0,374.0,374.0
FOODAPS_0049,F2,HIGH,5,2.0,0.67,0.7705714285714286,0.5,0.6882103723139068,69.0,32.0,96.0,139.0,124.0
FOODAPS_0048,F3,HIGH,5,1.0,0.17968964804881357,0.19914285714285715,0.1,0.17989350902448312,297.0,1448.0,371.0,374.0,374.0
FOODAPS_0050,F3,HIGH,5,1.0,0.33,0.056285714285714286,0.0,0.14535178352164263,297.0,269.0,617.0,617.0,609.0
FOODAPS_0052,F3,HIGH,5,1.0,0.33,0.056285714285714286,0.0,0.14535178352164263,297.0,269.0,617.0,617.0,609.0
FOODAPS_0051,F3,HIGH,5,1.0,0.33,0.056285714285714286,0.0,0.14535178352164263,297.0,269.0,617.0,617.0,609.0
FOODAPS_0053,F3,HIGH,5,1.0,0.33,0.056285714285714286,0.0,0.14535178352164263,297.0,269.0,617.0,617.0,609.0
FOODAPS_0054,F2,HIGH,5,2.0,0.3648244369475912,0.7705714285714286,0.6,0.6359018698355469,69.0,220.0,96.0,101.0,190.0
FOODAPS_0057,F3,HIGH,5,1.0,0.33,0.056285714285714286,0.0,0.14535178352164263,297.0,269.0,617.0,617.0,609.0
FOODAPS_0058,F3,HIGH,5,1.0,0.33,0.056285714285714286,0.0,0.14535178352164263,297.0,269.0,617.0,617.0,609.0
FOODAPS_0059,F3,HIGH,5,1.0,0.33,0.056285714285714286,0.0,0.14535178352164263,297.0,269.0,617.0,617.0,609.0
FOODAPS_0061,F1,MODERATE,5,2.0100000000000002,1.0,0.7705714285714286,1.0,0.897743846976993,58.0,1.0,96.0,1.0,28.0
FOODAPS_0062,F3,HIGH,5,1.0,0.33,0.056285714285714286,0.0,0.14535178352164263,297.0,269.0,617.0,617.0,609.0
FOODAPS_0063,F3,HIGH,5,1.0,0.12784146563451643,0.342,0.2,0.23937813231878302,297.0,1553.0,338.0,339.0,347.0
FOODAPS_0065,F3,HIGH,5,1.0,0.17968964804881357,0.19914285714285715,0.1,0.17989350902448312,297.0,1448.0,371.0,374.0,374.0
FOODAPS_0064,F2,HIGH,5,2.0,0.67,0.7705714285714286,0.5,0.6882103723139068,69.0,32.0,96.0,139.0,124.0
FOODAPS_0066,F3,HIGH,5,1.0,0.17968964804881357,0.19914285714285715,0.1,0.17989350902448312,297.0,1448.0,371.0,374.0,374.0
FOODAPS_0067,F3,HIGH,5,1.0,0.33,0.056285714285714286,0.0,0.14535178352164263,297.0,269.0,617.0,617.0,609.0
FOODAPS_0068,F3,HIGH,5,1.0,0.33,0.056285714285714286,0.0,0.14535178352164263,297.0,269.0,617.0,617.0,609.0
FOODAPS_0069,F2,HIGH,5,2.0,0.67,0.7705714285714286,0.5,0.6882103723139068,69.0,32.0,96.0,139.0,124.0
FOODAPS_0070,F2,MODERATE,5,1.34,0.2595569150761394,0.4848571428571429,0.3,0.3771991602806417,248.0,1262.0,314.0,317.0,308.0
FOODAPS_0071,F3,HIGH,5,1.0,0.17968964804881357,0.19914285714285715,0.1,0.17989350902448312,297.0,1448.0,371.0,374.0,374.0
FOODAPS_0072,F3,HIGH,5,1.0,0.33,0.056285714285714286,0.0,0.14535178352164263,297.0,269.0,617.0,617.0,609.0
FOODAPS_0073,F3,HIGH,5,1.0,0.33,0.056285714285714286,0.0,0.14535178352164263,297.0,269.0,617.0,617.0,609.0
FOODAPS_0075,F3,HIGH,5,1.0,0.33,0.056285714285714286,0.0,0.14535178352164263,297.0,269.0,617.0,617.0,609.0
FOODAPS_0074,F2,HIGH,5,2.0,0.67,0.7705714285714286,0.5,0.6882103723139068,69.0,32.0,96.0,139.0,124.0
FOODAPS_0076,F3,HIGH,5,1.0,0.33,0.056285714285714286,0.0,0.14535178352164263,297.0,269.0,617.0,617.0,609.0
FOODAPS_0077,F2,HIGH,5,2.0,0.3648244369475912,0.6277142857142858,0.4,0.5382828222164993,69.0,220.0,277.0,285.0,259.0
FOODAPS_0078,F2,HIGH,5,2.0,0.3648244369475912,0.6277142857142858,0.4,0.5382828222164993,69.0,220.0,277.0,285.0,259.0
FOODAPS_0079,F3,HIGH,5,1.0,0.33,0.056285714285714286,0.0,0.14535178352164263,297.0,269.0,617.0,617.0,609.0
FOODAPS_0080,F3,HIGH,5,1.0,0.33,0.056285714285714286,0.0,0.14535178352164263,297.0,269.0,617.0,617.0,609.0
FOODAPS_0081,F3,HIGH,5,1.0,0.33,0.056285714285714286,0.0,0.14535178352164263,297.0,269.0,617.0,617.0,609.0
FOODAPS_0082,F2,HIGH,5,2.0,0.3648244369475912,0.6277142857142858,0.4,0.5382828222164993,69.0,220.0,277.0,285.0,259.0
FOODAPS_0084,F3,HIGH,5,1.0,0.33,0.056285714285714286,0.0,0.14535178352164263,297.0,269.0,617.0,617.0,609.0
FOODAPS_0083,F3,HIGH,5,1.0,0.33,0.056285714285714286,0.0,0.14535178352164263,297.0,269.0,617.0,617.0,609.0
FOODAPS_0085,F3,HIGH,5,1.0,0.33,0.056285714285714286,0.0,0.14535178352164263,297.0,269.0,617.0,617.0,609.0
FOODAPS_0086,F3,HIGH,5,1.0,0.33,0.056285714285714286,0.0,0.14535178352164263,297.0,269.0,617.0,617.0,609.0
FOODAPS_0087,F3,HIGH,5,1.0,0.33,0.056285714285714286,0.0,0.14535178352164263,297.0,269.0,617.0,617.0,609.0
FOODAPS_0088,F3,HIGH,5,1.0,0.33,0.056285714285714286,0.0,0.14535178352164263,297.0,269.0,617.0,617.0,609.0
FOODAPS_0089,F3,HIGH,5,1.0,0.33,0.056285714285714286,0.0,0.14535178352164263,297.0,269.0,617.0,617.0,609.0
FOODAPS_0090,F2,HIGH,5,2.0,0.67,0.7705714285714286,0.5,0.6882103723139068,69.0,32.0,96.0,139.0,124.0
FOODAPS_0091,F3,HIGH,5,1.0,0.12784146563451643,0.342,0.2,0.23937813231878302,297.0,1553.0,338.0,339.0,347.0
FOODAPS_0092,F3,HIGH,5,1.0,0.33,0.056285714285714286,0.0,0.14535178352164263,297.0,269.0,617.0,617.0,609.0
FOODAPS_0093,F3,HIGH,5,1.0,0.33,0.056285714285714286,0.0,0.14535178352164263,297.0,269.0,617.0,617.0,609.0
FOODAPS_0097,F3,HIGH,5,1.0,0.33,0.056285714285714286,0.0,0.14535178352164263,297.0,269.0,617.0,617.0,609.0
FOODAPS_0094,F3,HIGH,5,1.0,0.33,0.056285714285714286,0.0,0.14535178352164263,297.0,269.0,617.0,617.0,609.0
FOODAPS_0098,F2,HIGH,5,2.0,0.67,0.7705714285714286,0.5,0.6882103723139068,69.0,32.0,96.0,139.0,124.0
FOODAPS_0100,F3,HIGH,5,1.0,0.33,0.056285714285714286,0.0,0.14535178352164263,297.0,269.0,617.0,617.0,609.0
FOODAPS_0099,F3,HIGH,5,1.0,0.17968964804881357,0.19914285714285715,0.1,0.17989350902448312,297.0,1448.0,371.0,374.0,374.0
FOODAPS_0101,F3,HIGH,5,1.0,0.33,0.056285714285714286,0.0,0.14535178352164263,297.0,269.0,617.0,617.0,609.0
FOODAPS_0102,F3,HIGH,5,1.0,0.33,0.056285714285714286,0.0,0.14535178352164263,297.0,269.0,617.0,617.0,609.0
FOODAPS_0103,F3,HIGH,5,1.0,0.33,0.056285714285714286,0.0,0.14535178352164263,297.0,269.0,617.0,617.0,609.0
FOODAPS_0104,F2,HIGH,5,2.0,0.67,0.7705714285714286,0.5,0.6882103723139068,69.0,32.0,96.0,139.0,124.0
FOODAPS_0105,F3,HIGH,5,1.0,0.33,0.056285714285714286,0.0,0.14535178352164263,297.0,269.0,617.0,617.0,609.0
FOODAPS_0106,F3,HIGH,5,1.0,0.33,0.056285714285714286,0.0,0.14535178352164263,297.0,269.0,617.0,617.0,609.0
FOODAPS_0107,F3,HIGH,5,1.0,0.33,0.056285714285714286,0.0,0.14535178352164263,297.0,269.0,617.0,617.0,609.0
FOODAPS_0108,F3,HIGH,5,1.0,0.33,0.056285714285714286,0.0,0.14535178352164263,297.0,269.0,617.0,617.0,609.0
FOODAPS_0109,F3,HIGH,5,1.0,0.17968964804881357,0.19914285714285715,0.1,0.17989350902448312,297.0,1448.0,371.0,374.0,374.0
FOODAPS_0110,F3,HIGH,5,1.0,0.17968964804881357,0.19914285714285715,0.1,0.17989350902448312,297.0,1448.0,371.0,374.0,374.0
FOODAPS_0112,F2,MODERATE,5,1.34,0.2595569150761394,0.342,0.2,0.30458011266159407,248.0,1262.0,338.0,339.0,317.0
FOODAPS_0111,F3,HIGH,5,1.0,0.17968964804881357,0.19914285714285715,0.1,0.17989350902448312,297.0,1448.0,371.0,374.0,374.0
FOODAPS_0113,F3,HIGH,5,1.0,0.17968964804881357,0.19914285714285715,0.1,0.17989350902448312,297.0,1448.0,371.0,374.0,374.0
FOODAPS_0114,F3,HIGH,5,1.0,0.17968964804881357,0.19914285714285715,0.1,0.17989350902448312,297.0,1448.0,371.0,374.0,374.0
FOODAPS_0116,F1,HIGH,5,3.0,0.5445140849964047,0.7705714285714286,0.9,0.8500546515959091,1.0,165.0,96.0,38.0,37.0
FOODAPS_0117,F3,HIGH,5,1.0,0.33,0.056285714285714286,0.0,0.14535178352164263,297.0,269.0,617.0,617.0,609.0
FOODAPS_0120,F1,HIGH,5,3.0,0.5445140849964047,0.7705714285714286,0.9,0.8500546515959091,1.0,165.0,96.0,38.0,37.0
FOODAPS_0121,F3,HIGH,5,1.0,0.33,0.056285714285714286,0.0,0.14535178352164263,297.0,269.0,617.0,617.0,609.0
FOODAPS_0118,F3,HIGH,5,1.0,0.33,0.056285714285714286,0.0,0.14535178352164263,297.0,269.0,617.0,617.0,609.0
FOODAPS_0122,F3,HIGH,5,1.0,0.33,0.056285714285714286,0.0,0.14535178352164263,297.0,269.0,617.0,617.0,609.0
FOODAPS_0125,F3,HIGH,5,1.0,0.12784146563451643,0.342,0.2,0.23937813231878302,297.0,1553.0,338.0,339.0,347.0
FOODAPS_0124,F1,HIGH,5,3.0,0.5445140849964047,0.7705714285714286,0.9,0.8500546515959091,1.0,165.0,96.0,38.0,37.0
FOODAPS_0126,F3,HIGH,5,1.0,0.17968964804881357,0.19914285714285715,0.1,0.17989350902448312,297.0,1448.0,371.0,374.0,374.0
FOODAPS_0128,F1,HIGH,5,3.0,0.5445140849964047,0.7705714285714286,0.9,0.8500546515959091,1.0,165.0,96.0,38.0,37.0
FOODAPS_0129,F3,HIGH,5,1.0,0.33,0.056285714285714286,0.0,0.14535178352164263,297.0,269.0,617.0,617.0,609.0
FOODAPS_0130,F3,HIGH,5,1.0,0.33,0.056285714285714286,0.0,0.14535178352164263,297.0,269.0,617.0,617.0,609.0
FOODAPS_0131,F2,HIGH,5,2.0,0.3648244369475912,0.6277142857142858,0.4,0.5382828222164993,69.0,220.0,277.0,285.0,259.0
FOODAPS_0132,F3,HIGH,5,1.0,0.12784146563451643,0.342,0.2,0.23937813231878302,297.0,1553.0,338.0,339.0,347.0
FOODAPS_0134,F3,HIGH,5,1.0,0.33,0.056285714285714286,0.0,0.14535178352164263,297.0,269.0,617.0,617.0,609.0
FOODAPS_0133,F3,HIGH,5,1.0,0.33,0.056285714285714286,0.0,0.14535178352164263,297.0,269.0,617.0,617.0,609.0
FOODAPS_0135,F3,MODERATE,5,0.67,0.12784146563451643,0.4848571428571429,0.3,0.2810983035333362,1525.0,1553.0,314.0,317.0,323.0
FOODAPS_0137,F3,HIGH,5,1.0,0.33,0.056285714285714286,0.0,0.14535178352164263,297.0,269.0,617.0,617.0,609.0
FOODAPS_0136,F3,HIGH,5,1.0,0.17968964804881357,0.19914285714285715,0.1,0.17989350902448312,297.0,1448.0,371.0,374.0,374.0
FOODAPS_0138,F3,HIGH,5,1.0,0.33,0.056285714285714286,0.0,0.14535178352164263,297.0,269.0,617.0,617.0,609.0
FOODAPS_0140,F3,LOW,5,0.33,0.17968964804881357,0.6277142857142858,0.8,0.43501656948462225,1593.0,1448.0,277.0,62.0,300.0
FOODAPS_0141,F3,HIGH,5,1.0,0.33,0.056285714285714286,0.0,0.14535178352164263,297.0,269.0,617.0,617.0,609.0
FOODAPS_0142,F3,HIGH,5,1.0,0.33,0.056285714285714286,0.0,0.14535178352164263,297.0,269.0,617.0,617.0,609.0
FOODAPS_0144,F3,HIGH,5,1.0,0.33,0.056285714285714286,0.0,0.14535178352164263,297.0,269.0,617.0,617.0,609.0
FOODAPS_0143,F3,HIGH,5,1.0,0.17968964804881357,0.19914285714285715,0.1,0.17989350902448312,297.0,1448.0,371.0,374.0,374.0
FOODAPS_0145,F3,HIGH,5,1.0,0.33,0.056285714285714286,0.0,0.14535178352164263,297.0,269.0,617.0,617.0,609.0
FOODAPS_0146,F3,HIGH,5,1.0,0.33,0.056285714285714286,0.0,0.14535178352164263,297.0,269.0,617.0,617.0,609.0
FOODAPS_0147,F3,HIGH,5,1.0,0.17968964804881357,0.19914285714285715,0.1,0.17989350902448312,297.0,1448.0,371.0,374.0,374.0
FOODAPS_0148,F3,HIGH,5,1.0,0.17968964804881357,0.19914285714285715,0.1,0.17989350902448312,297.0,1448.0,371.0,374.0,374.0
FOODAPS_0149,F3,HIGH,5,1.0,0.33,0.056285714285714286,0.0,0.14535178352164263,297.0,269.0,617.0,617.0,609.0
FOODAPS_0150,F3,HIGH,5,1.0,0.33,0.056285714285714286,0.0,0.14535178352164263,297.0,269.0,617.0,617.0,609.0
FOODAPS_0152,F3,HIGH,5,1.0,0.33,0.056285714285714286,0.0,0.14535178352164263,297.0,269.0,617.0,617.0,609.0
FOODAPS_0151,F3,HIGH,5,1.0,0.33,0.056285714285714286,0.0,0.14535178352164263,297.0,269.0,617.0,617.0,609.0
FOODAPS_0153,F3,HIGH,5,1.0,0.33,0.056285714285714286,0.0,0.14535178352164263,297.0,269.0,617.0,617.0,609.0
FOODAPS_0154,F3,HIGH,5,1.0,0.33,0.056285714285714286,0.0,0.14535178352164263,297.0,269.0,617.0,617.0,609.0
FOODAPS_0156,F3,HIGH,5,1.0,0.33,0.056285714285714286,0.0,0.14535178352164263,297.0,269.0,617.0,617.0,609.0
FOODAPS_0155,F3,HIGH,5,1.0,0.33,0.056285714285714286,0.0,0.14535178352164263,297.0,269.0,617.0,617.0,609.0
FOODAPS_0157,F3,HIGH,5,1.0,0.33,0.056285714285714286,0.0,0.14535178352164263,297.0,269.0,617.0,617.0,609.0
FOODAPS_0159,F3,HIGH,5,1.0,0.33,0.056285714285714286,0.0,0.14535178352164263,297.0,269.0,617.0,617.0,609.0
FOODAPS_0160,F3,HIGH,5,1.0,0.33,0.056285714285714286,0.0,0.14535178352164263,297.0,269.0,617.0,617.0,609.0
FOODAPS_0158,F3,HIGH,5,1.0,0.33,0.056285714285714286,0.0,0.14535178352164263,297.0,269.0,617.0,617.0,609.0
FOODAPS_0161,F3,HIGH,5,1.0,0.33,0.056285714285714286,0.0,0.14535178352164263,297.0,269.0,617.0,617.0,609.0
FOODAPS_0162,F3,HIGH,5,1.0,0.33,0.056285714285714286,0.0,0.14535178352164263,297.0,269.0,617.0,617.0,609.0
FOODAPS_0163,F3,HIGH,5,1.0,0.33,0.056285714285714286,0.0,0.14535178352164263,297.0,269.0,617.0,617.0,609.0
FOODAPS_0164,F2,HIGH,5,2.0,0.67,0.7705714285714286,0.5,0.6882103723139068,69.0,32.0,96.0,139.0,124.0
FOODAPS_0165,F2,LOW,5,0.66,0.2595569150761394,0.7705714285714286,0.8,0.5337668435337182,1577.0,1262.0,96.0,62.0,275.0
FOODAPS_0167,F1,HIGH,5,3.0,0.3873983807106558,0.7705714285714286,0.8,0.7852533657633403,1.0,210.0,96.0,62.0,57.0
FOODAPS_0168,F1,HIGH,5,3.0,0.5445140849964047,0.7705714285714286,0.9,0.8500546515959091,1.0,165.0,96.0,38.0,37.0
FOODAPS_0169,F1,HIGH,5,3.0,0.5445140849964047,0.6277142857142858,0.8,0.7774356039768615,1.0,165.0,277.0,62.0,60.0
FOODAPS_0170,F2,HIGH,5,2.0,0.67,0.7705714285714286,0.5,0.6882103723139068,69.0,32.0,96.0,139.0,124.0
FOODAPS_0171,F2,HIGH,5,2.0,0.3648244369475912,0.7705714285714286,0.6,0.6359018698355469,69.0,220.0,96.0,101.0,190.0
FOODAPS_0173,F2,HIGH,5,2.0,0.3648244369475912,0.7705714285714286,0.6,0.6359018698355469,69.0,220.0,96.0,101.0,190.0
FOODAPS_0172,F2,HIGH,5,2.0,0.3648244369475912,0.7705714285714286,0.6,0.6359018698355469,69.0,220.0,96.0,101.0,190.0
FOODAPS_0174,F2,HIGH,5,2.0,0.3648244369475912,0.7705714285714286,0.6,0.6359018698355469,69.0,220.0,96.0,101.0,190.0
FOODAPS_0175,F2,HIGH,5,2.0,0.3648244369475912,0.7705714285714286,0.6,0.6359018698355469,69.0,220.0,96.0,101.0,190.0
FOODAPS_0176,F1,HIGH,5,3.0,1.0,0.7705714285714286,1.0,0.9904404761904761,1.0,1.0,96.0,1.0,9.0
FOODAPS_0178,F3,HIGH,5,1.0,0.33,0.056285714285714286,0.0,0.14535178352164263,297.0,269.0,617.0,617.0,609.0
FOODAPS_0179,F3,HIGH,5,1.0,0.33,0.056285714285714286,0.0,0.14535178352164263,297.0,269.0,617.0,617.0,609.0
FOODAPS_0177,F2,HIGH,5,2.0,0.67,0.7705714285714286,0.5,0.6882103723139068,69.0,32.0,96.0,139.0,124.0
FOODAPS_0181,F3,HIGH,5,1.0,0.33,0.056285714285714286,0.0,0.14535178352164263,297.0,269.0,617.0,617.0,609.0
FOODAPS_0180,F1,HIGH,5,3.0,0.3873983807106558,0.7705714285714286,0.8,0.7852533657633403,1.0,210.0,96.0,62.0,57.0
FOODAPS_0182,F3,HIGH,5,1.0,0.33,0.056285714285714286,0.0,0.14535178352164263,297.0,269.0,617.0,617.0,609.0
FOODAPS_0183,F1,HIGH,5,3.0,1.0,0.7705714285714286,1.0,0.9904404761904761,1.0,1.0,96.0,1.0,9.0
FOODAPS_0184,F3,HIGH,5,1.0,0.33,0.056285714285714286,0.0,0.14535178352164263,297.0,269.0,617.0,617.0,609.0
FOODAPS_0185,F3,HIGH,5,1.0,0.33,0.056285714285714286,0.0,0.14535178352164263,297.0,269.0,617.0,617.0,609.0
FOODAPS_0186,F3,HIGH,5,1.0,0.17968964804881357,0.19914285714285715,0.1,0.17989350902448312,297.0,1448.0,371.0,374.0,374.0
FOODAPS_0189,F3,HIGH,5,1.0,0.33,0.056285714285714286,0.0,0.14535178352164263,297.0,269.0,617.0,617.0,609.0
FOODAPS_0188,F3,HIGH,5,1.0,0.33,0.056285714285714286,0.0,0.14535178352164263,297.0,269.0,617.0,617.0,609.0
FOODAPS_0190,F3,HIGH,5,1.0,0.12784146563451643,0.342,0.2,0.23937813231878302,297.0,1553.0,338.0,339.0,347.0
FOODAPS_0193,F3,HIGH,5,1.0,0.33,0.056285714285714286,0.0,0.14535178352164263,297.0,269.0,617.0,617.0,609.0
FOODAPS_0192,F3,HIGH,5,1.0,0.33,0.056285714285714286,0.0,0.14535178352164263,297.0,269.0,617.0,617.0,609.0
FOODAPS_0194,F3,HIGH,5,1.0,0.33,0.056285714285714286,0.0,0.14535178352164263,297.0,269.0,617.0,617.0,609.0
FOODAPS_0191,F2,MODERATE,5,1.34,0.67,0.7705714285714286,0.5,0.626412619504918,248.0,32.0,96.0,139.0,222.0
FOODAPS_0195,F3,HIGH,5,1.0,0.33,0.056285714285714286,0.0,0.14535178352164263,297.0,269.0,617.0,617.0,609.0
FOODAPS_0197,F3,HIGH,5,1.0,0.33,0.056285714285714286,0.0,0.14535178352164263,297.0,269.0,617.0,617.0,609.0
FOODAPS_0196,F3,HIGH,5,1.0,0.33,0.056285714285714286,0.0,0.14535178352164263,297.0,269.0,617.0,617.0,609.0
FOODAPS_0198,F1,HIGH,5,3.0,0.5445140849964047,0.7705714285714286,0.9,0.8500546515959091,1.0,165.0,96.0,38.0,37.0
FOODAPS_0200,F3,HIGH,5,1.0,0.33,0.056285714285714286,0.0,0.14535178352164263,297.0,269.0,617.0,617.0,609.0
FOODAPS_0201,F3,HIGH,5,1.0,0.33,0.056285714285714286,0.0,0.14535178352164263,297.0,269.0,617.0,617.0,609.0
FOODAPS_0202,F3,HIGH,5,1.0,0.33,0.056285714285714286,0.0,0.14535178352164263,297.0,269.0,617.0,617.0,609.0
FOODAPS_0204,F3,HIGH,5,1.0,0.33,0.056285714285714286,0.0,0.14535178352164263,297.0,269.0,617.0,617.0,609.0
FOODAPS_0205,F3,HIGH,5,1.0,0.33,0.056285714285714286,0.0,0.14535178352164263,297.0,269.0,617.0,617.0,609.0
FOODAPS_0203,F3,HIGH,5,1.0,0.33,0.056285714285714286,0.0,0.14535178352164263,297.0,269.0,617.0,617.0,609.0
FOODAPS_0206,F3,HIGH,5,1.0,0.33,0.056285714285714286,0.0,0.14535178352164263,297.0,269.0,617.0,617.0,609.0
FOODAPS_0208,F3,HIGH,5,1.0,0.33,0.056285714285714286,0.0,0.14535178352164263,297.0,269.0,617.0,617.0,609.0
FOODAPS_0209,F3,HIGH,5,1.0,0.33,0.056285714285714286,0.0,0.14535178352164263,297.0,269.0,617.0,617.0,609.0
FOODAPS_0207,F3,HIGH,5,1.0,0.33,0.056285714285714286,0.0,0.14535178352164263,297.0,269.0,617.0,617.0,609.0
FOODAPS_0210,F3,HIGH,5,1.0,0.17968964804881357,0.19914285714285715,0.1,0.17989350902448312,297.0,1448.0,371.0,374.0,374.0
FOODAPS_0212,F3,HIGH,5,1.0,0.33,0.056285714285714286,0.0,0.14535178352164263,297.0,269.0,617.0,617.0,609.0
FOODAPS_0211,F3,HIGH,5,1.0,0.33,0.056285714285714286,0.0,0.14535178352164263,297.0,269.0,617.0,617.0,609.0
FOODAPS_0213,F3,HIGH,5,1.0,0.33,0.056285714285714286,0.0,0.14535178352164263,297.0,269.0,617.0,617.0,609.0
FOODAPS_0214,F3,HIGH,5,1.0,0.33,0.056285714285714286,0.0,0.14535178352164263,297.0,269.0,617.0,617.0,609.0
FOODAPS_0215,F3,MODERATE,5,0.67,0.33,0.056285714285714286,0.0,0.11445290711714826,1525.0,269.0,617.0,617.0,1582.0
FOODAPS_0216,F3,HIGH,5,1.0,0.33,0.056285714285714286,0.0,0.14535178352164263,297.0,269.0,617.0,617.0,609.0
FOODAPS_0217,F3,HIGH,5,1.0,0.33,0.056285714285714286,0.0,0.14535178352164263,297.0,269.0,617.0,617.0,609.0
FOODAPS_0218,F3,HIGH,5,1.0,0.33,0.056285714285714286,0.0,0.14535178352164263,297.0,269.0,617.0,617.0,609.0
FOODAPS_0219,F3,HIGH,5,1.0,0.33,0.056285714285714286,0.0,0.14535178352164263,297.0,269.0,617.0,617.0,609.0
FOODAPS_0220,F3,HIGH,5,1.0,0.33,0.056285714285714286,0.0,0.14535178352164263,297.0,269.0,617.0,617.0,609.0
FOODAPS_0221,F3,HIGH,5,1.0,0.33,0.056285714285714286,0.0,0.14535178352164263,297.0,269.0,617.0,617.0,609.0
FOODAPS_0223,F3,HIGH,5,1.0,0.33,0.056285714285714286,0.0,0.14535178352164263,297.0,269.0,617.0,617.0,609.0
FOODAPS_0222,F3,HIGH,5,1.0,0.33,0.056285714285714286,0.0,0.14535178352164263,297.0,269.0,617.0,617.0,609.0
FOODAPS_0226,F3,HIGH,5,1.0,0.33,0.056285714285714286,0.0,0.14535178352164263,297.0,269.0,617.0,617.0,609.0
FOODAPS_0224,F3,HIGH,5,1.0,0.33,0.056285714285714286,0.0,0.14535178352164263,297.0,269.0,617.0,617.0,609.0
FOODAPS_0225,F3,HIGH,5,1.0,0.33,0.056285714285714286,0.0,0.14535178352164263,297.0,269.0,617.0,617.0,609.0
FOODAPS_0227,F3,HIGH,5,1.0,0.33,0.056285714285714286,0.0,0.14535178352164263,297.0,269.0,617.0,617.0,609.0
FOODAPS_0228,F3,HIGH,5,1.0,0.33,0.056285714285714286,0.0,0.14535178352164263,297.0,269.0,617.0,617.0,609.0
FOODAPS_0229,F3,HIGH,5,1.0,0.33,0.056285714285714286,0.0,0.14535178352164263,297.0,269.0,617.0,617.0,609.0
FOODAPS_0230,F3,HIGH,5,1.0,0.33,0.056285714285714286,0.0,0.14535178352164263,297.0,269.0,617.0,617.0,609.0
FOODAPS_0231,F3,HIGH,5,1.0,0.33,0.056285714285714286,0.0,0.14535178352164263,297.0,269.0,617.0,617.0,609.0
FOODAPS_0232,F3,HIGH,5,1.0,0.33,0.056285714285714286,0.0,0.14535178352164263,297.0,269.0,617.0,617.0,609.0
FOODAPS_0233,F3,HIGH,5,1.0,0.33,0.056285714285714286,0.0,0.14535178352164263,297.0,269.0,617.0,617.0,609.0
FOODAPS_0234,F3,HIGH,5,1.0,0.33,0.056285714285714286,0.0,0.14535178352164263,297.0,269.0,617.0,617.0,609.0
FOODAPS_0235,F3,HIGH,5,1.0,0.33,0.056285714285714286,0.0,0.14535178352164263,297.0,269.0,617.0,617.0,609.0
FOODAPS_0236,F3,HIGH,5,1.0,0.33,0.056285714285714286,0.0,0.14535178352164263,297.0,269.0,617.0,617.0,609.0
FOODAPS_0237,F3,HIGH,5,1.0,0.33,0.056285714285714286,0.0,0.14535178352164263,297.0,269.0,617.0,617.0,609.0
FOODAPS_0240,F3,HIGH,5,1.0,0.33,0.056285714285714286,0.0,0.14535178352164263,297.0,269.0,617.0,617.0,609.0
FOODAPS_0238,F3,HIGH,5,1.0,0.33,0.056285714285714286,0.0,0.14535178352164263,297.0,269.0,617.0,617.0,609.0
FOODAPS_0239,F3,HIGH,5,1.0,0.33,0.056285714285714286,0.0,0.14535178352164263,297.0,269.0,617.0,617.0,609.0
FOODAPS_0242,F3,HIGH,5,1.0,0.33,0.056285714285714286,0.0,0.14535178352164263,297.0,269.0,617.0,617.0,609.0
FOODAPS_0241,F3,HIGH,5,1.0,0.33,0.056285714285714286,0.0,0.14535178352164263,297.0,269.0,617.0,617.0,609.0
FOODAPS_0243,F3,HIGH,5,1.0,0.33,0.056285714285714286,0.0,0.14535178352164263,297.0,269.0,617.0,617.0,609.0
FOODAPS_0246,F3,HIGH,5,1.0,0.33,0.056285714285714286,0.0,0.14535178352164263,297.0,269.0,617.0,617.0,609.0
FOODAPS_0245,F3,HIGH,5,1.0,0.33,0.056285714285714286,0.0,0.14535178352164263,297.0,269.0,617.0,617.0,609.0
FOODAPS_0244,F3,HIGH,5,1.0,0.33,0.056285714285714286,0.0,0.14535178352164263,297.0,269.0,617.0,617.0,609.0
FOODAPS_0248,F3,HIGH,5,1.0,0.33,0.056285714285714286,0.0,0.14535178352164263,297.0,269.0,617.0,617.0,609.0
FOODAPS_0247,F3,HIGH,5,1.0,0.33,0.056285714285714286,0.0,0.14535178352164263,297.0,269.0,617.0,617.0,609.0
FOODAPS_0249,F3,HIGH,5,1.0,0.33,0.056285714285714286,0.0,0.14535178352164263,297.0,269.0,617.0,617.0,609.0
FOODAPS_0251,F3,HIGH,5,1.0,0.33,0.056285714285714286,0.0,0.14535178352164263,297.0,269.0,617.0,617.0,609.0
FOODAPS_0250,F3,HIGH,5,1.0,0.33,0.056285714285714286,0.0,0.14535178352164263,297.0,269.0,617.0,617.0,609.0
FOODAPS_0252,F3,HIGH,5,1.0,0.33,0.056285714285714286,0.0,0.14535178352164263,297.0,269.0,617.0,617.0,609.0
FOODAPS_0253,F3,HIGH,5,1.0,0.33,0.056285714285714286,0.0,0.14535178352164263,297.0,269.0,617.0,617.0,609.0
FOODAPS_0254,F3,HIGH,5,1.0,0.33,0.056285714285714286,0.0,0.14535178352164263,297.0,269.0,617.0,617.0,609.0
FOODAPS_0255,F3,HIGH,5,1.0,0.33,0.056285714285714286,0.0,0.14535178352164263,297.0,269.0,617.0,617.0,609.0
FOODAPS_0257,F3,HIGH,5,1.0,0.33,0.056285714285714286,0.0,0.14535178352164263,297.0,269.0,617.0,617.0,609.0
FOODAPS_0256,F3,HIGH,5,1.0,0.33,0.056285714285714286,0.0,0.14535178352164263,297.0,269.0,617.0,617.0,609.0
FOODAPS_0258,F3,HIGH,5,1.0,0.33,0.056285714285714286,0.0,0.14535178352164263,297.0,269.0,617.0,617.0,609.0
FOODAPS_0259,F3,HIGH,5,1.0,0.33,0.056285714285714286,0.0,0.14535178352164263,297.0,269.0,617.0,617.0,609.0
FOODAPS_0260,F3,HIGH,5,1.0,0.33,0.056285714285714286,0.0,0.14535178352164263,297.0,269.0,617.0,617.0,609.0
FOODAPS_0261,F3,HIGH,5,1.0,0.33,0.056285714285714286,0.0,0.14535178352164263,297.0,269.0,617.0,617.0,609.0
FOODAPS_0262,F3,HIGH,5,1.0,0.33,0.056285714285714286,0.0,0.14535178352164263,297.0,269.0,617.0,617.0,609.0
FOODAPS_0263,F3,HIGH,5,1.0,0.33,0.056285714285714286,0.0,0.14535178352164263,297.0,269.0,617.0,617.0,609.0
FOODAPS_0264,F3,HIGH,5,1.0,0.33,0.056285714285714286,0.0,0.14535178352164263,297.0,269.0,617.0,617.0,609.0
FOODAPS_0265,F3,HIGH,5,1.0,0.33,0.056285714285714286,0.0,0.14535178352164263,297.0,269.0,617.0,617.0,609.0
FOODAPS_0266,F3,HIGH,5,1.0,0.33,0.056285714285714286,0.0,0.14535178352164263,297.0,269.0,617.0,617.0,609.0
FOODAPS_0268,F3,HIGH,5,1.0,0.33,0.056285714285714286,0.0,0.14535178352164263,297.0,269.0,617.0,617.0,609.0
FOODAPS_0267,F3,HIGH,5,1.0,0.33,0.056285714285714286,0.0,0.14535178352164263,297.0,269.0,617.0,617.0,609.0
FOODAPS_0269,F3,HIGH,5,1.0,0.33,0.056285714285714286,0.0,0.14535178352164263,297.0,269.0,617.0,617.0,609.0
FOODAPS_0271,F3,HIGH,5,1.0,0.33,0.056285714285714286,0.0,0.14535178352164263,297.0,269.0,617.0,617.0,609.0
FOODAPS_0270,F3,HIGH,5,1.0,0.33,0.056285714285714286,0.0,0.14535178352164263,297.0,269.0,617.0,617.0,609.0
FOODAPS_0272,F3,HIGH,5,1.0,0.33,0.056285714285714286,0.0,0.14535178352164263,297.0,269.0,617.0,617.0,609.0
FOODAPS_0273,F3,HIGH,5,1.0,0.33,0.056285714285714286,0.0,0.14535178352164263,297.0,269.0,617.0,617.0,609.0
FOODAPS_0274,F2,HIGH,5,2.0,0.67,0.7705714285714286,0.5,0.6882103723139068,69.0,32.0,96.0,139.0,124.0
FOODAPS_0275,F3,HIGH,5,1.0,0.33,0.056285714285714286,0.0,0.14535178352164263,297.0,269.0,617.0,617.0,609.0
FOODAPS_0276,F3,HIGH,5,1.0,0.33,0.056285714285714286,0.0,0.14535178352164263,297.0,269.0,617.0,617.0,609.0
FOODAPS_0277,F3,HIGH,5,1.0,0.33,0.056285714285714286,0.0,0.14535178352164263,297.0,269.0,617.0,617.0,609.0
FOODAPS_0279,F3,HIGH,5,1.0,0.33,0.056285714285714286,0.0,0.14535178352164263,297.0,269.0,617.0,617.0,609.0
FOODAPS_0278,F3,MODERATE,5,0.67,0.12784146563451643,0.4848571428571429,0.3,0.2810983035333362,1525.0,1553.0,314.0,317.0,323.0
FOODAPS_0280,F3,HIGH,5,1.0,0.33,0.056285714285714286,0.0,0.14535178352164263,297.0,269.0,617.0,617.0,609.0
FOODAPS_0281,F3,HIGH,5,1.0,0.33,0.056285714285714286,0.0,0.14535178352164263,297.0,269.0,617.0,617.0,609.0
FOODAPS_0283,F3,MODERATE,5,0.67,0.17968964804881357,0.19914285714285715,0.1,0.14899463261998874,1525.0,1448.0,371.0,374.0,605.0
FOODAPS_0282,F3,HIGH,5,1.0,0.33,0.056285714285714286,0.0,0.14535178352164263,297.0,269.0,617.0,617.0,609.0
FOODAPS_0284,F3,HIGH,5,1.0,0.33,0.056285714285714286,0.0,0.14535178352164263,297.0,269.0,617.0,617.0,609.0
FOODAPS_0286,F3,HIGH,5,1.0,0.33,0.056285714285714286,0.0,0.14535178352164263,297.0,269.0,617.0,617.0,609.0
FOODAPS_0285,F3,HIGH,5,1.0,0.33,0.056285714285714286,0.0,0.14535178352164263,297.0,269.0,617.0,617.0,609.0
FOODAPS_0287,F3,HIGH,5,1.0,0.17968964804881357,0.19914285714285715,0.1,0.17989350902448312,297.0,1448.0,371.0,374.0,374.0
FOODAPS_0288,F3,HIGH,5,1.0,0.33,0.056285714285714286,0.0,0.14535178352164263,297.0,269.0,617.0,617.0,609.0
FOODAPS_0289,F3,HIGH,5,1.0,0.33,0.056285714285714286,0.0,0.14535178352164263,297.0,269.0,617.0,617.0,609.0
FOODAPS_0290,F3,HIGH,5,1.0,0.33,0.056285714285714286,0.0,0.14535178352164263,297.0,269.0,617.0,617.0,609.0
FOODAPS_0292,F3,HIGH,5,1.0,0.33,0.056285714285714286,0.0,0.14535178352164263,297.0,269.0,617.0,617.0,609.0
FOODAPS_0291,F1,HIGH,5,3.0,0.5445140849964047,0.7705714285714286,0.9,0.8500546515959091,1.0,165.0,96.0,38.0,37.0
FOODAPS_0293,F3,HIGH,5,1.0,0.33,0.056285714285714286,0.0,0.14535178352164263,297.0,269.0,617.0,617.0,609.0
FOODAPS_0294,F3,HIGH,5,1.0,0.33,0.056285714285714286,0.0,0.14535178352164263,297.0,269.0,617.0,617.0,609.0
FOODAPS_0295,F2,HIGH,5,2.0,0.3648244369475912,0.6277142857142858,0.4,0.5382828222164993,69.0,220.0,277.0,285.0,259.0
FOODAPS_0297,F3,HIGH,5,1.0,0.33,0.056285714285714286,0.0,0.14535178352164263,297.0,269.0,617.0,617.0,609.0
FOODAPS_0298,F3,HIGH,5,1.0,0.33,0.056285714285714286,0.0,0.14535178352164263,297.0,269.0,617.0,617.0,609.0
FOODAPS_0296,F3,HIGH,5,1.0,0.33,0.056285714285714286,0.0,0.14535178352164263,297.0,269.0,617.0,617.0,609.0
FOODAPS_0300,F3,HIGH,5,1.0,0.17968964804881357,0.19914285714285715,0.1,0.17989350902448312,297.0,1448.0,371.0,374.0,374.0
FOODAPS_0299,F2,HIGH,5,2.0,0.67,0.7705714285714286,0.5,0.6882103723139068,69.0,32.0,96.0,139.0,124.0
FOODAPS_0301,F3,HIGH,5,1.0,0.33,0.056285714285714286,0.0,0.14535178352164263,297.0,269.0,617.0,617.0,609.0
FOODAPS_0302,F3,HIGH,5,1.0,0.33,0.056285714285714286,0.0,0.14535178352164263,297.0,269.0,617.0,617.0,609.0
FOODAPS_0303,F3,HIGH,5,1.0,0.33,0.056285714285714286,0.0,0.14535178352164263,297.0,269.0,617.0,617.0,609.0
FOODAPS_0304,F3,HIGH,5,1.0,0.17968964804881357,0.19914285714285715,0.1,0.17989350902448312,297.0,1448.0,371.0,374.0,374.0
FOODAPS_0305,F3,HIGH,5,1.0,0.33,0.056285714285714286,0.0,0.14535178352164263,297.0,269.0,617.0,617.0,609.0
FOODAPS_0306,F3,HIGH,5,1.0,0.33,0.056285714285714286,0.0,0.14535178352164263,297.0,269.0,617.0,617.0,609.0
FOODAPS_0307,F3,HIGH,5,1.0,0.33,0.056285714285714286,0.0,0.14535178352164263,297.0,269.0,617.0,617.0,609.0
FOODAPS_0308,F3,HIGH,5,1.0,0.33,0.056285714285714286,0.0,0.14535178352164263,297.0,269.0,617.0,617.0,609.0
FOODAPS_0309,F1,HIGH,5,3.0,1.0,0.7705714285714286,1.0,0.9904404761904761,1.0,1.0,96.0,1.0,9.0
FOODAPS_0310,F3,HIGH,5,1.0,0.33,0.056285714285714286,0.0,0.14535178352164263,297.0,269.0,617.0,617.0,609.0
FOODAPS_0311,F3,HIGH,5,1.0,0.33,0.056285714285714286,0.0,0.14535178352164263,297.0,269.0,617.0,617.0,609.0
FOODAPS_0312,F3,HIGH,5,1.0,0.33,0.056285714285714286,0.0,0.14535178352164263,297.0,269.0,617.0,617.0,609.0
FOODAPS_0313,F3,HIGH,5,1.0,0.33,0.056285714285714286,0.0,0.14535178352164263,297.0,269.0,617.0,617.0,609.0
FOODAPS_0315,F3,HIGH,5,1.0,0.33,0.056285714285714286,0.0,0.14535178352164263,297.0,269.0,617.0,617.0,609.0
FOODAPS_0314,F3,HIGH,5,1.0,0.33,0.056285714285714286,0.0,0.14535178352164263,297.0,269.0,617.0,617.0,609.0
FOODAPS_0316,F3,HIGH,5,1.0,0.33,0.056285714285714286,0.0,0.14535178352164263,297.0,269.0,617.0,617.0,609.0
FOODAPS_0317,F3,HIGH,5,1.0,0.17968964804881357,0.19914285714285715,0.1,0.17989350902448312,297.0,1448.0,371.0,374.0,374.0
FOODAPS_0318,F2,HIGH,5,2.0,0.3648244369475912,0.7705714285714286,0.6,0.6359018698355469,69.0,220.0,96.0,101.0,190.0
FOODAPS_0319,F2,HIGH,5,2.0,0.3648244369475912,0.7705714285714286,0.6,0.6359018698355469,69.0,220.0,96.0,101.0,190.0
FOODAPS_0320,F2,HIGH,5,2.0,0.3648244369475912,0.7705714285714286,0.6,0.6359018698355469,69.0,220.0,96.0,101.0,190.0
FOODAPS_0321,F2,HIGH,5,2.0,0.3648244369475912,0.7705714285714286,0.6,0.6359018698355469,69.0,220.0,96.0,101.0,190.0
FOODAPS_0322,F2,HIGH,5,2.0,0.3648244369475912,0.7705714285714286,0.6,0.6359018698355469,69.0,220.0,96.0,101.0,190.0
FOODAPS_0323,F3,HIGH,5,1.0,0.33,0.056285714285714286,0.0,0.14535178352164263,297.0,269.0,617.0,617.0,609.0
FOODAPS_0324,F3,HIGH,5,1.0,0.33,0.056285714285714286,0.0,0.14535178352164263,297.0,269.0,617.0,617.0,609.0
FOODAPS_0327,F2,MODERATE,5,1.34,0.2595569150761394,0.7705714285714286,0.8,0.5974372555187369,248.0,1262.0,96.0,62.0,234.0
FOODAPS_0325,F2,HIGH,5,2.0,0.67,0.7705714285714286,0.5,0.6882103723139068,69.0,32.0,96.0,139.0,124.0
FOODAPS_0326,F2,LOW,5,0.66,0.2595569150761394,0.7705714285714286,0.8,0.5337668435337182,1577.0,1262.0,96.0,62.0,275.0
FOODAPS_0328,F2,HIGH,5,2.0,0.2595569150761394,0.7705714285714286,0.7,0.6342350083277257,69.0,1262.0,96.0,82.0,215.0
FOODAPS_0329,F2,MODERATE,5,1.34,0.2595569150761394,0.7705714285714286,0.8,0.5974372555187369,248.0,1262.0,96.0,62.0,234.0
FOODAPS_0330,F2,LOW,5,0.66,0.2595569150761394,0.7705714285714286,0.8,0.5337668435337182,1577.0,1262.0,96.0,62.0,275.0
FOODAPS_0331,F3,HIGH,5,1.0,0.33,0.056285714285714286,0.0,0.14535178352164263,297.0,269.0,617.0,617.0,609.0
FOODAPS_0332,F3,HIGH,5,1.0,0.33,0.056285714285714286,0.0,0.14535178352164263,297.0,269.0,617.0,617.0,609.0
FOODAPS_0334,F3,HIGH,5,1.0,0.33,0.056285714285714286,0.0,0.14535178352164263,297.0,269.0,617.0,617.0,609.0
FOODAPS_0333,F2,HIGH,5,2.0,0.3648244369475912,0.6277142857142858,0.4,0.5382828222164993,69.0,220.0,277.0,285.0,259.0
FOODAPS_0335,F3,HIGH,5,1.0,0.33,0.056285714285714286,0.0,0.14535178352164263,297.0,269.0,617.0,617.0,609.0
FOODAPS_0337,F3,HIGH,5,1.0,0.33,0.056285714285714286,0.0,0.14535178352164263,297.0,269.0,617.0,617.0,609.0
FOODAPS_0336,F3,HIGH,5,1.0,0.33,0.056285714285714286,0.0,0.14535178352164263,297.0,269.0,617.0,617.0,609.0
FOODAPS_0338,F3,HIGH,5,1.0,0.33,0.056285714285714286,0.0,0.14535178352164263,297.0,269.0,617.0,617.0,609.0
FOODAPS_0339,F3,HIGH,5,1.0,0.33,0.056285714285714286,0.0,0.14535178352164263,297.0,269.0,617.0,617.0,609.0
FOODAPS_0340,F3,HIGH,5,1.0,0.33,0.056285714285714286,0.0,0.14535178352164263,297.0,269.0,617.0,617.0,609.0
FOODAPS_0341,F3,HIGH,5,1.0,0.33,0.056285714285714286,0.0,0.14535178352164263,297.0,269.0,617.0,617.0,609.0
FOODAPS_0342,F3,HIGH,5,1.0,0.33,0.056285714285714286,0.0,0.14535178352164263,297.0,269.0,617.0,617.0,609.0
FOODAPS_0343,F3,HIGH,5,1.0,0.33,0.056285714285714286,0.0,0.14535178352164263,297.0,269.0,617.0,617.0,609.0
FOODAPS_0344,F3,HIGH,5,1.0,0.33,0.056285714285714286,0.0,0.14535178352164263,297.0,269.0,617.0,617.0,609.0
FOODAPS_0345,F3,HIGH,5,1.0,0.33,0.056285714285714286,0.0,0.14535178352164263,297.0,269.0,617.0,617.0,609.0
FOODAPS_0346,F3,HIGH,5,1.0,0.33,0.056285714285714286,0.0,0.14535178352164263,297.0,269.0,617.0,617.0,609.0
FOODAPS_0347,F3,HIGH,5,1.0,0.33,0.056285714285714286,0.0,0.14535178352164263,297.0,269.0,617.0,617.0,609.0
FOODAPS_0348,F3,HIGH,5,1.0,0.33,0.056285714285714286,0.0,0.14535178352164263,297.0,269.0,617.0,617.0,609.0
FOODAPS_0349,F3,HIGH,5,1.0,0.33,0.056285714285714286,0.0,0.14535178352164263,297.0,269.0,617.0,617.0,609.0
FOODAPS_0350,F2,HIGH,5,2.0,0.67,0.7705714285714286,0.5,0.6882103723139068,69.0,32.0,96.0,139.0,124.0
FOODAPS_0351,F2,HIGH,5,2.0,0.67,0.7705714285714286,0.5,0.6882103723139068,69.0,32.0,96.0,139.0,124.0
FOODAPS_0352,F2,HIGH,5,2.0,0.67,0.7705714285714286,0.5,0.6882103723139068,69.0,32.0,96.0,139.0,124.0
FOODAPS_0355,F3,HIGH,5,1.0,0.33,0.056285714285714286,0.0,0.14535178352164263,297.0,269.0,617.0,617.0,609.0
FOODAPS_0354,F2,HIGH,5,2.0,0.2595569150761394,0.7705714285714286,0.7,0.6342350083277257,69.0,1262.0,96.0,82.0,215.0
FOODAPS_0353,F2,HIGH,5,2.0,0.2595569150761394,0.7705714285714286,0.7,0.6342350083277257,69.0,1262.0,96.0,82.0,215.0
FOODAPS_0356,F3,HIGH,5,1.0,0.33,0.056285714285714286,0.0,0.14535178352164263,297.0,269.0,617.0,617.0,609.0
FOODAPS_0358,F3,HIGH,5,1.0,0.33,0.056285714285714286,0.0,0.14535178352164263,297.0,269.0,617.0,617.0,609.0
FOODAPS_0357,F2,HIGH,5,2.0,0.67,0.7705714285714286,0.5,0.6882103723139068,69.0,32.0,96.0,139.0,124.0
FOODAPS_0361,F3,HIGH,5,1.0,0.33,0.056285714285714286,0.0,0.14535178352164263,297.0,269.0,617.0,617.0,609.0
FOODAPS_0359,F3,HIGH,5,1.0,0.33,0.056285714285714286,0.0,0.14535178352164263,297.0,269.0,617.0,617.0,609.0
FOODAPS_0360,F3,HIGH,5,1.0,0.33,0.056285714285714286,0.0,0.14535178352164263,297.0,269.0,617.0,617.0,609.0
FOODAPS_0362,F3,HIGH,5,1.0,0.33,0.056285714285714286,0.0,0.14535178352164263,297.0,269.0,617.0,617.0,609.0
FOODAPS_0364,F3,HIGH,5,1.0,0.33,0.056285714285714286,0.0,0.14535178352164263,297.0,269.0,617.0,617.0,609.0
FOODAPS_0363,F3,HIGH,5,1.0,0.33,0.056285714285714286,0.0,0.14535178352164263,297.0,269.0,617.0,617.0,609.0
FOODAPS_0365,F3,HIGH,5,1.0,0.33,0.056285714285714286,0.0,0.14535178352164263,297.0,269.0,617.0,617.0,609.0
FOODAPS_0367,F3,HIGH,5,1.0,0.33,0.056285714285714286,0.0,0.14535178352164263,297.0,269.0,617.0,617.0,609.0
FOODAPS_0366,F3,HIGH,5,1.0,0.33,0.056285714285714286,0.0,0.14535178352164263,297.0,269.0,617.0,617.0,609.0
FOODAPS_0369,F3,HIGH,5,1.0,0.33,0.056285714285714286,0.0,0.14535178352164263,297.0,269.0,617.0,617.0,609.0
FOODAPS_0370,F3,HIGH,5,1.0,0.33,0.056285714285714286,0.0,0.14535178352164263,297.0,269.0,617.0,617.0,609.0
FOODAPS_0368,F3,HIGH,5,1.0,0.33,0.056285714285714286,0.0,0.14535178352164263,297.0,269.0,617.0,617.0,609.0
FOODAPS_0372,F3,HIGH,5,1.0,0.33,0.056285714285714286,0.0,0.14535178352164263,297.0,269.0,617.0,617.0,609.0
FOODAPS_0371,F3,HIGH,5,1.0,0.33,0.056285714285714286,0.0,0.14535178352164263,297.0,269.0,617.0,617.0,609.0
FOODAPS_0373,F3,HIGH,5,1.0,0.33,0.056285714285714286,0.0,0.14535178352164263,297.0,269.0,617.0,617.0,609.0
FOODAPS_0377,F3,HIGH,5,1.0,0.33,0.056285714285714286,0.0,0.14535178352164263,297.0,269.0,617.0,617.0,609.0
FOODAPS_0376,F2,MODERATE,5,1.34,0.67,0.7705714285714286,0.5,0.626412619504918,248.0,32.0,96.0,139.0,222.0
FOODAPS_0378,F2,HIGH,5,2.0,0.3648244369475912,0.7705714285714286,0.6,0.6359018698355469,69.0,220.0,96.0,101.0,190.0
FOODAPS_0379,F2,MODERATE,5,1.34,0.67,0.7705714285714286,0.5,0.626412619504918,248.0,32.0,96.0,139.0,222.0
FOODAPS_0380,F3,HIGH,5,1.0,0.17968964804881357,0.19914285714285715,0.1,0.17989350902448312,297.0,1448.0,371.0,374.0,374.0
FOODAPS_0381,F2,MODERATE,5,1.34,0.67,0.7705714285714286,0.5,0.626412619504918,248.0,32.0,96.0,139.0,222.0
FOODAPS_0383,F2,HIGH,5,2.0,0.3648244369475912,0.7705714285714286,0.6,0.6359018698355469,69.0,220.0,96.0,101.0,190.0
FOODAPS_0382,F3,HIGH,5,1.0,0.33,0.056285714285714286,0.0,0.14535178352164263,297.0,269.0,617.0,617.0,609.0
FOODAPS_0384,F2,MODERATE,5,1.34,0.67,0.7705714285714286,0.5,0.626412619504918,248.0,32.0,96.0,139.0,222.0
FOODAPS_0386,F2,HIGH,5,2.0,0.3648244369475912,0.7705714285714286,0.6,0.6359018698355469,69.0,220.0,96.0,101.0,190.0
FOODAPS_0385,F3,MODERATE,5,0.67,0.17968964804881357,0.6277142857142858,0.4,0.36685177547713166,1525.0,1448.0,277.0,285.0,313.0
FOODAPS_0387,F2,HIGH,5,2.0,0.2595569150761394,0.7705714285714286,0.7,0.6342350083277257,69.0,1262.0,96.0,82.0,215.0
FOODAPS_0388,F3,MODERATE,5,0.67,0.12784146563451643,0.4848571428571429,0.3,0.2810983035333362,1525.0,1553.0,314.0,317.0,323.0
FOODAPS_0389,F2,HIGH,5,2.0,0.67,0.7705714285714286,0.5,0.6882103723139068,69.0,32.0,96.0,139.0,124.0
FOODAPS_0390,F3,MODERATE,5,0.67,0.013124193105948815,0.4848571428571429,0.4,0.27703758694489033,1525.0,1596.0,314.0,285.0,334.0
FOODAPS_0391,F3,HIGH,5,1.0,0.33,0.056285714285714286,0.0,0.14535178352164263,297.0,269.0,617.0,617.0,609.0
FOODAPS_0392,F3,HIGH,5,1.0,0.33,0.056285714285714286,0.0,0.14535178352164263,297.0,269.0,617.0,617.0,609.0
FOODAPS_0394,F3,HIGH,5,1.0,0.33,0.056285714285714286,0.0,0.14535178352164263,297.0,269.0,617.0,617.0,609.0
FOODAPS_0395,F3,HIGH,5,1.0,0.33,0.056285714285714286,0.0,0.14535178352164263,297.0,269.0,617.0,617.0,609.0
FOODAPS_0393,F3,HIGH,5,1.0,0.33,0.056285714285714286,0.0,0.14535178352164263,297.0,269.0,617.0,617.0,609.0
FOODAPS_0396,F3,HIGH,5,1.0,0.17968964804881357,0.19914285714285715,0.1,0.17989350902448312,297.0,1448.0,371.0,374.0,374.0
FOODAPS_0398,F3,HIGH,5,1.0,0.33,0.056285714285714286,0.0,0.14535178352164263,297.0,269.0,617.0,617.0,609.0
FOODAPS_0397,F2,HIGH,5,2.0,0.3648244369475912,0.6277142857142858,0.4,0.5382828222164993,69.0,220.0,277.0,285.0,259.0
FOODAPS_0399,F3,HIGH,5,1.0,0.12784146563451643,0.342,0.2,0.23937813231878302,297.0,1553.0,338.0,339.0,347.0
FOODAPS_0400,F2,HIGH,5,2.0,0.67,0.7705714285714286,0.5,0.6882103723139068,69.0,32.0,96.0,139.0,124.0
FOODAPS_0402,F2,HIGH,5,2.0,0.67,0.7705714285714286,0.5,0.6882103723139068,69.0,32.0,96.0,139.0,124.0
FOODAPS_0403,F3,HIGH,5,1.0,0.33,0.056285714285714286,0.0,0.14535178352164263,297.0,269.0,617.0,617.0,609.0
FOODAPS_0401,F2,HIGH,5,2.0,0.3648244369475912,0.6277142857142858,0.4,0.5382828222164993,69.0,220.0,277.0,285.0,259.0
FOODAPS_0404,F3,LOW,5,0.33,0.12784146563451643,0.4848571428571429,0.3,0.24926309754082687,1593.0,1553.0,314.0,317.0,337.0
FOODAPS_0405,F1,HIGH,5,3.0,0.5445140849964047,0.7705714285714286,0.9,0.8500546515959091,1.0,165.0,96.0,38.0,37.0
FOODAPS_0407,F3,HIGH,5,1.0,0.33,0.056285714285714286,0.0,0.14535178352164263,297.0,269.0,617.0,617.0,609.0
FOODAPS_0406,F3,HIGH,5,1.0,0.33,0.056285714285714286,0.0,0.14535178352164263,297.0,269.0,617.0,617.0,609.0
FOODAPS_0408,F3,HIGH,5,1.0,0.33,0.056285714285714286,0.0,0.14535178352164263,297.0,269.0,617.0,617.0,609.0
FOODAPS_0409,F3,HIGH,5,1.0,0.33,0.056285714285714286,0.0,0.14535178352164263,297.0,269.0,617.0,617.0,609.0
FOODAPS_0410,F3,HIGH,5,1.0,0.33,0.056285714285714286,0.0,0.14535178352164263,297.0,269.0,617.0,617.0,609.0
FOODAPS_0411,F2,HIGH,5,2.0,0.67,0.7705714285714286,0.5,0.6882103723139068,69.0,32.0,96.0,139.0,124.0
FOODAPS_0413,F2,MODERATE,5,1.34,0.2595569150761394,0.7705714285714286,0.7,0.5724372555187369,248.0,1262.0,96.0,82.0,247.0
FOODAPS_0412,F3,HIGH,5,1.0,0.33,0.056285714285714286,0.0,0.14535178352164263,297.0,269.0,617.0,617.0,609.0
FOODAPS_0414,F2,MODERATE,5,1.34,0.67,0.7705714285714286,0.5,0.626412619504918,248.0,32.0,96.0,139.0,222.0
FOODAPS_0415,F3,HIGH,5,1.0,0.12784146563451643,0.342,0.2,0.23937813231878302,297.0,1553.0,338.0,339.0,347.0
FOODAPS_0416,F2,HIGH,5,2.0,0.3648244369475912,0.7705714285714286,0.6,0.6359018698355469,69.0,220.0,96.0,101.0,190.0
FOODAPS_0417,F1,HIGH,5,3.0,0.5445140849964047,0.7705714285714286,0.9,0.8500546515959091,1.0,165.0,96.0,38.0,37.0
FOODAPS_0418,F3,HIGH,5,1.0,0.17968964804881357,0.19914285714285715,0.1,0.17989350902448312,297.0,1448.0,371.0,374.0,374.0
FOODAPS_0419,F2,HIGH,5,2.0,0.67,0.7705714285714286,0.5,0.6882103723139068,69.0,32.0,96.0,139.0,124.0
FOODAPS_0420,F2,HIGH,5,2.0,0.2595569150761394,0.7705714285714286,0.7,0.6342350083277257,69.0,1262.0,96.0,82.0,215.0
FOODAPS_0421,F3,HIGH,5,1.0,0.33,0.056285714285714286,0.0,0.14535178352164263,297.0,269.0,617.0,617.0,609.0
FOODAPS_0422,F3,HIGH,5,1.0,0.33,0.056285714285714286,0.0,0.14535178352164263,297.0,269.0,617.0,617.0,609.0
FOODAPS_0423,F3,HIGH,5,1.0,0.33,0.056285714285714286,0.0,0.14535178352164263,297.0,269.0,617.0,617.0,609.0
FOODAPS_0425,F3,HIGH,5,1.0,0.33,0.056285714285714286,0.0,0.14535178352164263,297.0,269.0,617.0,617.0,609.0
FOODAPS_0426,F2,HIGH,5,2.0,0.3648244369475912,0.7705714285714286,0.6,0.6359018698355469,69.0,220.0,96.0,101.0,190.0
FOODAPS_0424,F3,HIGH,5,1.0,0.33,0.056285714285714286,0.0,0.14535178352164263,297.0,269.0,617.0,617.0,609.0
FOODAPS_0427,F3,HIGH,5,1.0,0.33,0.056285714285714286,0.0,0.14535178352164263,297.0,269.0,617.0,617.0,609.0
FOODAPS_0428,F3,HIGH,5,1.0,0.33,0.056285714285714286,0.0,0.14535178352164263,297.0,269.0,617.0,617.0,609.0
FOODAPS_0430,F2,HIGH,5,2.0,0.67,0.7705714285714286,0.5,0.6882103723139068,69.0,32.0,96.0,139.0,124.0
FOODAPS_0429,F3,MODERATE,5,0.67,0.17968964804881357,0.19914285714285715,0.1,0.14899463261998874,1525.0,1448.0,371.0,374.0,605.0
FOODAPS_0431,F2,HIGH,5,2.0,0.026646089033290018,0.4848571428571429,0.4,0.4049948521373311,69.0,1593.0,314.0,285.0,306.0
FOODAPS_0432,F3,HIGH,5,1.0,0.33,0.056285714285714286,0.0,0.14535178352164263,297.0,269.0,617.0,617.0,609.0
FOODAPS_0433,F3,HIGH,5,1.0,0.33,0.056285714285714286,0.0,0.14535178352164263,297.0,269.0,617.0,617.0,609.0
FOODAPS_0434,F3,MODERATE,5,0.67,0.17968964804881357,0.19914285714285715,0.1,0.14899463261998874,1525.0,1448.0,371.0,374.0,605.0
FOODAPS_0436,F3,HIGH,5,1.0,0.33,0.056285714285714286,0.0,0.14535178352164263,297.0,269.0,617.0,617.0,609.0
FOODAPS_0435,F1,HIGH,5,3.0,0.5445140849964047,0.7705714285714286,0.9,0.8500546515959091,1.0,165.0,96.0,38.0,37.0
FOODAPS_0437,F3,HIGH,5,1.0,0.33,0.056285714285714286,0.0,0.14535178352164263,297.0,269.0,617.0,617.0,609.0
FOODAPS_0438,F3,HIGH,5,1.0,0.33,0.056285714285714286,0.0,0.14535178352164263,297.0,269.0,617.0,617.0,609.0
FOODAPS_0440,F3,HIGH,5,1.0,0.33,0.056285714285714286,0.0,0.14535178352164263,297.0,269.0,617.0,617.0,609.0
FOODAPS_0441,F3,HIGH,5,1.0,0.33,0.056285714285714286,0.0,0.14535178352164263,297.0,269.0,617.0,617.0,609.0
FOODAPS_0439,F3,HIGH,5,1.0,0.17968964804881357,0.19914285714285715,0.1,0.17989350902448312,297.0,1448.0,371.0,374.0,374.0
FOODAPS_0442,F3,HIGH,5,1.0,0.33,0.056285714285714286,0.0,0.14535178352164263,297.0,269.0,617.0,617.0,609.0
FOODAPS_0444,F1,HIGH,5,3.0,1.0,0.7705714285714286,1.0,0.9904404761904761,1.0,1.0,96.0,1.0,9.0
FOODAPS_0445,F1,HIGH,5,3.0,1.0,0.7705714285714286,1.0,0.9904404761904761,1.0,1.0,96.0,1.0,9.0
FOODAPS_0447,F1,HIGH,5,3.0,0.5445140849964047,0.7705714285714286,0.9,0.8500546515959091,1.0,165.0,96.0,38.0,37.0
FOODAPS_0446,F2,LOW,5,0.66,0.2595569150761394,0.7705714285714286,0.8,0.5337668435337182,1577.0,1262.0,96.0,62.0,275.0
FOODAPS_0448,F1,HIGH,5,3.0,0.5445140849964047,0.7705714285714286,0.9,0.8500546515959091,1.0,165.0,96.0,38.0,37.0
FOODAPS_0452,F3,HIGH,5,1.0,0.33,0.056285714285714286,0.0,0.14535178352164263,297.0,269.0,617.0,617.0,609.0
FOODAPS_0453,F3,HIGH,5,1.0,0.33,0.056285714285714286,0.0,0.14535178352164263,297.0,269.0,617.0,617.0,609.0
FOODAPS_0454,F3,HIGH,5,1.0,0.33,0.056285714285714286,0.0,0.14535178352164263,297.0,269.0,617.0,617.0,609.0
FOODAPS_0455,F3,HIGH,5,1.0,0.33,0.056285714285714286,0.0,0.14535178352164263,297.0,269.0,617.0,617.0,609.0
FOODAPS_0457,F3,HIGH,5,1.0,0.33,0.056285714285714286,0.0,0.14535178352164263,297.0,269.0,617.0,617.0,609.0
FOODAPS_0456,F3,HIGH,5,1.0,0.33,0.056285714285714286,0.0,0.14535178352164263,297.0,269.0,617.0,617.0,609.0
FOODAPS_0458,F3,HIGH,5,1.0,0.17968964804881357,0.19914285714285715,0.1,0.17989350902448312,297.0,1448.0,371.0,374.0,374.0
FOODAPS_0460,F3,HIGH,5,1.0,0.33,0.056285714285714286,0.0,0.14535178352164263,297.0,269.0,617.0,617.0,609.0
FOODAPS_0459,F3,HIGH,5,1.0,0.33,0.056285714285714286,0.0,0.14535178352164263,297.0,269.0,617.0,617.0,609.0
FOODAPS_0461,F3,HIGH,5,1.0,0.33,0.056285714285714286,0.0,0.14535178352164263,297.0,269.0,617.0,617.0,609.0
FOODAPS_0462,F3,HIGH,5,1.0,0.17968964804881357,0.19914285714285715,0.1,0.17989350902448312,297.0,1448.0,371.0,374.0,374.0
FOODAPS_0463,F3,HIGH,5,1.0,0.17968964804881357,0.19914285714285715,0.1,0.17989350902448312,297.0,1448.0,371.0,374.0,374.0
FOODAPS_0464,F1,HIGH,5,3.0,1.0,0.7705714285714286,1.0,0.9904404761904761,1.0,1.0,96.0,1.0,9.0
FOODAPS_0465,F3,HIGH,5,1.0,0.33,0.056285714285714286,0.0,0.14535178352164263,297.0,269.0,617.0,617.0,609.0
FOODAPS_0466,F3,HIGH,5,1.0,0.33,0.056285714285714286,0.0,0.14535178352164263,297.0,269.0,617.0,617.0,609.0
FOODAPS_0467,F3,HIGH,5,1.0,0.33,0.056285714285714286,0.0,0.14535178352164263,297.0,269.0,617.0,617.0,609.0
FOODAPS_0468,F3,HIGH,5,1.0,0.33,0.056285714285714286,0.0,0.14535178352164263,297.0,269.0,617.0,617.0,609.0
FOODAPS_0469,F3,HIGH,5,1.0,0.33,0.056285714285714286,0.0,0.14535178352164263,297.0,269.0,617.0,617.0,609.0
FOODAPS_0470,F2,HIGH,5,2.0,0.3648244369475912,0.7705714285714286,0.6,0.6359018698355469,69.0,220.0,96.0,101.0,190.0
FOODAPS_0471,F3,HIGH,5,1.0,0.33,0.056285714285714286,0.0,0.14535178352164263,297.0,269.0,617.0,617.0,609.0
FOODAPS_0472,F3,HIGH,5,1.0,0.33,0.056285714285714286,0.0,0.14535178352164263,297.0,269.0,617.0,617.0,609.0
FOODAPS_0473,F3,HIGH,5,1.0,0.33,0.056285714285714286,0.0,0.14535178352164263,297.0,269.0,617.0,617.0,609.0
FOODAPS_0474,F3,HIGH,5,1.0,0.33,0.056285714285714286,0.0,0.14535178352164263,297.0,269.0,617.0,617.0,609.0
FOODAPS_0475,F3,HIGH,5,1.0,0.33,0.056285714285714286,0.0,0.14535178352164263,297.0,269.0,617.0,617.0,609.0
FOODAPS_0476,F3,HIGH,5,1.0,0.33,0.056285714285714286,0.0,0.14535178352164263,297.0,269.0,617.0,617.0,609.0
FOODAPS_0477,F3,HIGH,5,1.0,0.33,0.056285714285714286,0.0,0.14535178352164263,297.0,269.0,617.0,617.0,609.0
FOODAPS_0478,F3,HIGH,5,1.0,0.17968964804881357,0.19914285714285715,0.1,0.17989350902448312,297.0,1448.0,371.0,374.0,374.0
FOODAPS_0479,F3,MODERATE,5,0.67,0.12784146563451643,0.342,0.2,0.20847925591428862,1525.0,1553.0,338.0,339.0,364.0
FOODAPS_0480,F3,HIGH,5,1.0,0.17968964804881357,0.19914285714285715,0.1,0.17989350902448312,297.0,1448.0,371.0,374.0,374.0
FOODAPS_0481,F3,HIGH,5,1.0,0.17968964804881357,0.19914285714285715,0.1,0.17989350902448312,297.0,1448.0,371.0,374.0,374.0
FOODAPS_0482,F3,MODERATE,5,0.67,0.33,0.056285714285714286,0.0,0.11445290711714826,1525.0,269.0,617.0,617.0,1582.0
FOODAPS_0484,F3,MODERATE,5,0.67,0.12784146563451643,0.4848571428571429,0.3,0.2810983035333362,1525.0,1553.0,314.0,317.0,323.0
FOODAPS_0483,F3,HIGH,5,1.0,0.17968964804881357,0.19914285714285715,0.1,0.17989350902448312,297.0,1448.0,371.0,374.0,374.0
FOODAPS_0486,F3,HIGH,5,1.0,0.17968964804881357,0.19914285714285715,0.1,0.17989350902448312,297.0,1448.0,371.0,374.0,374.0
FOODAPS_0485,F3,LOW,5,0.33,0.12784146563451643,0.4848571428571429,0.3,0.24926309754082687,1593.0,1553.0,314.0,317.0,337.0
FOODAPS_0487,F3,HIGH,5,1.0,0.17968964804881357,0.19914285714285715,0.1,0.17989350902448312,297.0,1448.0,371.0,374.0,374.0
FOODAPS_0488,F3,HIGH,5,1.0,0.33,0.056285714285714286,0.0,0.14535178352164263,297.0,269.0,617.0,617.0,609.0
FOODAPS_0489,F3,HIGH,5,1.0,0.17968964804881357,0.19914285714285715,0.1,0.17989350902448312,297.0,1448.0,371.0,374.0,374.0
FOODAPS_0490,F3,HIGH,5,1.0,0.17968964804881357,0.19914285714285715,0.1,0.17989350902448312,297.0,1448.0,371.0,374.0,374.0
FOODAPS_0491,F3,HIGH,5,1.0,0.17968964804881357,0.19914285714285715,0.1,0.17989350902448312,297.0,1448.0,371.0,374.0,374.0
FOODAPS_0492,F3,HIGH,5,1.0,0.17968964804881357,0.19914285714285715,0.1,0.17989350902448312,297.0,1448.0,371.0,374.0,374.0
FOODAPS_0493,F3,HIGH,5,1.0,0.17968964804881357,0.19914285714285715,0.1,0.17989350902448312,297.0,1448.0,371.0,374.0,374.0
FOODAPS_0494,F3,HIGH,5,1.0,0.33,0.056285714285714286,0.0,0.14535178352164263,297.0,269.0,617.0,617.0,609.0
FOODAPS_0495,F3,HIGH,5,1.0,0.17968964804881357,0.19914285714285715,0.1,0.17989350902448312,297.0,1448.0,371.0,374.0,374.0
FOODAPS_0496,F3,HIGH,5,1.0,0.17968964804881357,0.19914285714285715,0.1,0.17989350902448312,297.0,1448.0,371.0,374.0,374.0
FOODAPS_0497,F3,HIGH,5,1.0,0.17968964804881357,0.19914285714285715,0.1,0.17989350902448312,297.0,1448.0,371.0,374.0,374.0
FOODAPS_0498,F3,HIGH,5,1.0,0.17968964804881357,0.19914285714285715,0.1,0.17989350902448312,297.0,1448.0,371.0,374.0,374.0
FOODAPS_0499,F3,HIGH,5,1.0,0.33,0.056285714285714286,0.0,0.14535178352164263,297.0,269.0,617.0,617.0,609.0
FOODAPS_0500,F3,HIGH,5,1.0,0.33,0.056285714285714286,0.0,0.14535178352164263,297.0,269.0,617.0,617.0,609.0
FOODAPS_0501,F3,HIGH,5,1.0,0.17968964804881357,0.19914285714285715,0.1,0.17989350902448312,297.0,1448.0,371.0,374.0,374.0
FOODAPS_0502,F2,HIGH,5,2.0,0.67,0.7705714285714286,0.5,0.6882103723139068,69.0,32.0,96.0,139.0,124.0
FOODAPS_0503,F2,HIGH,5,2.0,0.67,0.7705714285714286,0.5,0.6882103723139068,69.0,32.0,96.0,139.0,124.0
FOODAPS_0504,F3,HIGH,5,1.0,0.33,0.056285714285714286,0.0,0.14535178352164263,297.0,269.0,617.0,617.0,609.0
FOODAPS_0505,F3,HIGH,5,1.0,0.33,0.056285714285714286,0.0,0.14535178352164263,297.0,269.0,617.0,617.0,609.0
FOODAPS_0506,F3,MODERATE,5,0.67,0.33,0.056285714285714286,0.0,0.11445290711714826,1525.0,269.0,617.0,617.0,1582.0
FOODAPS_0507,F2,MODERATE,5,1.34,0.2595569150761394,0.342,0.2,0.30458011266159407,248.0,1262.0,338.0,339.0,317.0
FOODAPS_0508,F2,HIGH,5,2.0,0.67,0.7705714285714286,0.5,0.6882103723139068,69.0,32.0,96.0,139.0,124.0
FOODAPS_0509,F2,HIGH,5,2.0,0.3648244369475912,0.6277142857142858,0.4,0.5382828222164993,69.0,220.0,277.0,285.0,259.0
FOODAPS_0510,F3,HIGH,5,1.0,0.17968964804881357,0.19914285714285715,0.1,0.17989350902448312,297.0,1448.0,371.0,374.0,374.0
FOODAPS_0511,F3,HIGH,5,1.0,0.17968964804881357,0.19914285714285715,0.1,0.17989350902448312,297.0,1448.0,371.0,374.0,374.0
FOODAPS_0512,F3,HIGH,5,1.0,0.33,0.056285714285714286,0.0,0.14535178352164263,297.0,269.0,617.0,617.0,609.0
FOODAPS_0513,F3,HIGH,5,1.0,0.33,0.056285714285714286,0.0,0.14535178352164263,297.0,269.0,617.0,617.0,609.0
FOODAPS_0515,F3,HIGH,5,1.0,0.33,0.056285714285714286,0.0,0.14535178352164263,297.0,269.0,617.0,617.0,609.0
FOODAPS_0514,F3,HIGH,5,1.0,0.33,0.056285714285714286,0.0,0.14535178352164263,297.0,269.0,617.0,617.0,609.0
FOODAPS_0517,F3,HIGH,5,1.0,0.17968964804881357,0.19914285714285715,0.1,0.17989350902448312,297.0,1448.0,371.0,374.0,374.0
FOODAPS_0518,F1,HIGH,5,3.0,1.0,0.7705714285714286,1.0,0.9904404761904761,1.0,1.0,96.0,1.0,9.0
FOODAPS_0516,F3,HIGH,5,1.0,0.17968964804881357,0.19914285714285715,0.1,0.17989350902448312,297.0,1448.0,371.0,374.0,374.0
FOODAPS_0519,F3,HIGH,5,1.0,0.33,0.056285714285714286,0.0,0.14535178352164263,297.0,269.0,617.0,617.0,609.0
FOODAPS_0520,F3,HIGH,5,1.0,0.33,0.056285714285714286,0.0,0.14535178352164263,297.0,269.0,617.0,617.0,609.0
FOODAPS_0521,F3,HIGH,5,1.0,0.33,0.056285714285714286,0.0,0.14535178352164263,297.0,269.0,617.0,617.0,609.0
FOODAPS_0522,F3,HIGH,5,1.0,0.33,0.056285714285714286,0.0,0.14535178352164263,297.0,269.0,617.0,617.0,609.0
FOODAPS_0523,F3,HIGH,5,1.0,0.33,0.056285714285714286,0.0,0.14535178352164263,297.0,269.0,617.0,617.0,609.0
FOODAPS_0524,F3,HIGH,5,1.0,0.33,0.056285714285714286,0.0,0.14535178352164263,297.0,269.0,617.0,617.0,609.0
FOODAPS_0525,F3,HIGH,5,1.0,0.33,0.056285714285714286,0.0,0.14535178352164263,297.0,269.0,617.0,617.0,609.0
FOODAPS_0526,F3,MODERATE,5,0.67,0.33,0.056285714285714286,0.0,0.11445290711714826,1525.0,269.0,617.0,617.0,1582.0
FOODAPS_0527,F3,HIGH,5,1.0,0.33,0.056285714285714286,0.0,0.14535178352164263,297.0,269.0,617.0,617.0,609.0
FOODAPS_0528,F3,HIGH,5,1.0,0.33,0.056285714285714286,0.0,0.14535178352164263,297.0,269.0,617.0,617.0,609.0
FOODAPS_0529,F3,HIGH,5,1.0,0.33,0.056285714285714286,0.0,0.14535178352164263,297.0,269.0,617.0,617.0,609.0
FOODAPS_0530,F3,HIGH,5,1.0,0.33,0.056285714285714286,0.0,0.14535178352164263,297.0,269.0,617.0,617.0,609.0
FOODAPS_0532,F3,HIGH,5,1.0,0.33,0.056285714285714286,0.0,0.14535178352164263,297.0,269.0,617.0,617.0,609.0
FOODAPS_0531,F3,HIGH,5,1.0,0.33,0.056285714285714286,0.0,0.14535178352164263,297.0,269.0,617.0,617.0,609.0
FOODAPS_0533,F3,HIGH,5,1.0,0.33,0.056285714285714286,0.0,0.14535178352164263,297.0,269.0,617.0,617.0,609.0
FOODAPS_0534,F3,HIGH,5,1.0,0.33,0.056285714285714286,0.0,0.14535178352164263,297.0,269.0,617.0,617.0,609.0
FOODAPS_0535,F3,HIGH,5,1.0,0.33,0.056285714285714286,0.0,0.14535178352164263,297.0,269.0,617.0,617.0,609.0
FOODAPS_0536,F3,HIGH,5,1.0,0.33,0.056285714285714286,0.0,0.14535178352164263,297.0,269.0,617.0,617.0,609.0
FOODAPS_0538,F3,HIGH,5,1.0,0.33,0.056285714285714286,0.0,0.14535178352164263,297.0,269.0,617.0,617.0,609.0
FOODAPS_0537,F3,HIGH,5,1.0,0.33,0.056285714285714286,0.0,0.14535178352164263,297.0,269.0,617.0,617.0,609.0
FOODAPS_0539,F3,MODERATE,5,0.67,0.12784146563451643,0.4848571428571429,0.3,0.2810983035333362,1525.0,1553.0,314.0,317.0,323.0
FOODAPS_0540,F3,HIGH,5,1.0,0.33,0.056285714285714286,0.0,0.14535178352164263,297.0,269.0,617.0,617.0,609.0
FOODAPS_0541,F3,HIGH,5,1.0,0.17968964804881357,0.19914285714285715,0.1,0.17989350902448312,297.0,1448.0,371.0,374.0,374.0
FOODAPS_0549,F1,HIGH,5,3.0,1.0,0.7705714285714286,1.0,0.9904404761904761,1.0,1.0,96.0,1.0,9.0
FOODAPS_0556,F1,MODERATE,5,2.0100000000000002,1.0,0.7705714285714286,1.0,0.897743846976993,58.0,1.0,96.0,1.0,28.0
FOODAPS_0566,F3,HIGH,5,1.0,0.33,0.056285714285714286,0.0,0.14535178352164263,297.0,269.0,617.0,617.0,609.0
FOODAPS_0567,F3,HIGH,5,1.0,0.33,0.056285714285714286,0.0,0.14535178352164263,297.0,269.0,617.0,617.0,609.0
FOODAPS_0568,F3,MODERATE,5,0.67,0.33,0.056285714285714286,0.0,0.11445290711714826,1525.0,269.0,617.0,617.0,1582.0
FOODAPS_0569,F3,HIGH,5,1.0,0.33,0.056285714285714286,0.0,0.14535178352164263,297.0,269.0,617.0,617.0,609.0
FOODAPS_0570,F3,HIGH,5,1.0,0.33,0.056285714285714286,0.0,0.14535178352164263,297.0,269.0,617.0,617.0,609.0
FOODAPS_0571,F3,HIGH,5,1.0,0.33,0.056285714285714286,0.0,0.14535178352164263,297.0,269.0,617.0,617.0,609.0
FOODAPS_0573,F3,HIGH,5,1.0,0.33,0.056285714285714286,0.0,0.14535178352164263,297.0,269.0,617.0,617.0,609.0
FOODAPS_0572,F3,HIGH,5,1.0,0.33,0.056285714285714286,0.0,0.14535178352164263,297.0,269.0,617.0,617.0,609.0
FOODAPS_0575,F3,HIGH,5,1.0,0.33,0.056285714285714286,0.0,0.14535178352164263,297.0,269.0,617.0,617.0,609.0
FOODAPS_0574,F3,HIGH,5,1.0,0.33,0.056285714285714286,0.0,0.14535178352164263,297.0,269.0,617.0,617.0,609.0
FOODAPS_0576,F3,HIGH,5,1.0,0.33,0.056285714285714286,0.0,0.14535178352164263,297.0,269.0,617.0,617.0,609.0
FOODAPS_0577,F3,HIGH,5,1.0,0.33,0.056285714285714286,0.0,0.14535178352164263,297.0,269.0,617.0,617.0,609.0
FOODAPS_0578,F3,HIGH,5,1.0,0.33,0.056285714285714286,0.0,0.14535178352164263,297.0,269.0,617.0,617.0,609.0
FOODAPS_0579,F3,HIGH,5,1.0,0.33,0.056285714285714286,0.0,0.14535178352164263,297.0,269.0,617.0,617.0,609.0
FOODAPS_0580,F3,HIGH,5,1.0,0.33,0.056285714285714286,0.0,0.14535178352164263,297.0,269.0,617.0,617.0,609.0
FOODAPS_0581,F3,HIGH,5,1.0,0.33,0.056285714285714286,0.0,0.14535178352164263,297.0,269.0,617.0,617.0,609.0
FOODAPS_0582,F3,HIGH,5,1.0,0.33,0.056285714285714286,0.0,0.14535178352164263,297.0,269.0,617.0,617.0,609.0
FOODAPS_0583,F2,HIGH,5,2.0,0.67,0.7705714285714286,0.5,0.6882103723139068,69.0,32.0,96.0,139.0,124.0
FOODAPS_0584,F2,HIGH,5,2.0,0.67,0.7705714285714286,0.5,0.6882103723139068,69.0,32.0,96.0,139.0,124.0
FOODAPS_0585,F2,MODERATE,5,1.34,0.3648244369475912,0.6277142857142858,0.4,0.47648506940751056,248.0,220.0,277.0,285.0,288.0
FOODAPS_0587,F3,HIGH,5,1.0,0.33,0.056285714285714286,0.0,0.14535178352164263,297.0,269.0,617.0,617.0,609.0
FOODAPS_0586,F2,MODERATE,5,1.34,0.3648244369475912,0.19914285714285715,0.1,0.25862792655036765,248.0,220.0,371.0,374.0,336.0
FOODAPS_0588,F3,HIGH,5,1.0,0.33,0.056285714285714286,0.0,0.14535178352164263,297.0,269.0,617.0,617.0,609.0
FOODAPS_0589,F2,HIGH,5,2.0,0.3648244369475912,0.7705714285714286,0.6,0.6359018698355469,69.0,220.0,96.0,101.0,190.0
FOODAPS_0591,F3,HIGH,5,1.0,0.33,0.056285714285714286,0.0,0.14535178352164263,297.0,269.0,617.0,617.0,609.0
FOODAPS_0590,F2,LOW,5,0.66,0.026646089033290018,0.6277142857142858,0.6,0.37714573496237136,1577.0,1593.0,277.0,101.0,310.0
FOODAPS_0595,F1,HIGH,5,3.0,1.0,0.7705714285714286,1.0,0.9904404761904761,1.0,1.0,96.0,1.0,9.0
FOODAPS_0592,F3,HIGH,5,1.0,0.33,0.056285714285714286,0.0,0.14535178352164263,297.0,269.0,617.0,617.0,609.0
FOODAPS_0593,F2,HIGH,5,2.0,0.3648244369475912,0.6277142857142858,0.4,0.5382828222164993,69.0,220.0,277.0,285.0,259.0
FOODAPS_0596,F1,HIGH,5,3.0,0.5445140849964047,0.7705714285714286,0.9,0.8500546515959091,1.0,165.0,96.0,38.0,37.0
FOODAPS_0598,F3,HIGH,5,1.0,0.33,0.056285714285714286,0.0,0.14535178352164263,297.0,269.0,617.0,617.0,609.0
FOODAPS_0597,F2,MODERATE,5,1.34,0.2595569150761394,0.342,0.2,0.30458011266159407,248.0,1262.0,338.0,339.0,317.0
FOODAPS_0599,F3,HIGH,5,1.0,0.33,0.056285714285714286,0.0,0.14535178352164263,297.0,269.0,617.0,617.0,609.0
FOODAPS_0600,F3,HIGH,5,1.0,0.33,0.056285714285714286,0.0,0.14535178352164263,297.0,269.0,617.0,617.0,609.0
FOODAPS_0601,F3,HIGH,5,1.0,0.33,0.056285714285714286,0.0,0.14535178352164263,297.0,269.0,617.0,617.0,609.0
FOODAPS_0602,F3,HIGH,5,1.0,0.33,0.056285714285714286,0.0,0.14535178352164263,297.0,269.0,617.0,617.0,609.0
FOODAPS_0603,F3,HIGH,5,1.0,0.33,0.056285714285714286,0.0,0.14535178352164263,297.0,269.0,617.0,617.0,609.0
FOODAPS_0604,F3,HIGH,5,1.0,0.33,0.056285714285714286,0.0,0.14535178352164263,297.0,269.0,617.0,617.0,609.0
FOODAPS_0605,F3,HIGH,5,1.0,0.33,0.056285714285714286,0.0,0.14535178352164263,297.0,269.0,617.0,617.0,609.0
FOODAPS_0607,F2,HIGH,5,2.0,0.67,0.7705714285714286,0.5,0.6882103723139068,69.0,32.0,96.0,139.0,124.0
FOODAPS_0608,F2,LOW,5,0.66,0.3648244369475912,0.7705714285714286,0.9,0.5854337050415394,1577.0,220.0,96.0,38.0,241.0
FOODAPS_0606,F3,HIGH,5,1.0,0.17968964804881357,0.19914285714285715,0.1,0.17989350902448312,297.0,1448.0,371.0,374.0,374.0
FOODAPS_0609,F2,HIGH,5,2.0,0.3648244369475912,0.7705714285714286,0.6,0.6359018698355469,69.0,220.0,96.0,101.0,190.0
